game_id,family,node_id,t,public_state,snapshot,hidden_commitment,belief_n,remaining_horizon,commitment_len,V_replan,V_continue,delta,best_kind,best_action
discovery_grid_T3b2K2L2_coordination,coordination,n:t1:obs0:af0:rf1,1,z:t1:q0,1|0|0|1,th0:ao0,2,2,1,2.0,2.0,0.0,continue,-1
discovery_grid_T3b2K2L2_coordination,coordination,n:t1:obs0:af1:rf1,1,z:t1:q0,1|0|1|1,th0:ao0,2,2,1,2.0,0.0,2.0,replan,0
discovery_grid_T3b2K2L2_coordination,coordination,"n:t2:obs0,0:af0:rf1",2,z:t2:q0,2|0|0|1,"th0:ao0,0",2,1,1,1.0,1.0,0.0,continue,-1
discovery_grid_T3b2K2L2_coordination,coordination,"n:t2:obs0,0:af1:rf1",2,z:t2:q0,2|0|1|1,"th0:ao0,0",2,1,1,1.0,-1.0,2.0,replan,0
discovery_grid_T3b2K2L2_coordination,coordination,"n:t3:obs0,0,0:af0:rf1",3,z:t3:q0,3|0|0|1,"th0:ao0,0,0",2,0,1,1.0,1.0,0.0,continue,-1
discovery_grid_T3b2K2L2_coordination,coordination,"n:t3:obs0,0,0:af1:rf1",3,z:t3:q0,3|0|1|1,"th0:ao0,0,0",2,0,1,1.0,-1.0,2.0,replan,0
discovery_grid_T3b2K2L3_coordination,coordination,n:t1:obs0:af0:rf2,1,z:t1:q0,1|0|0|2,th0:ao0,2,2,2,2.0,2.0,0.0,continue,-1
discovery_grid_T3b2K2L3_coordination,coordination,n:t1:obs0:af1:rf2,1,z:t1:q0,1|0|1|2,th0:ao0,2,2,2,2.0,0.0,2.0,replan,0
discovery_grid_T3b2K2L3_coordination,coordination,"n:t2:obs0,0:af0:rf1",2,z:t2:q0,2|0|0|1,"th0:ao0,0",2,1,1,1.0,1.0,0.0,continue,-1
discovery_grid_T3b2K2L3_coordination,coordination,"n:t2:obs0,0:af0:rf2",2,z:t2:q0,2|0|0|2,"th0:ao0,0",2,1,2,1.0,1.0,0.0,continue,-1
discovery_grid_T3b2K2L3_coordination,coordination,"n:t2:obs0,0:af1:rf1",2,z:t2:q0,2|0|1|1,"th0:ao0,0",2,1,1,1.0,-1.0,2.0,replan,0
discovery_grid_T3b2K2L3_coordination,coordination,"n:t2:obs0,0:af1:rf2",2,z:t2:q0,2|0|1|2,"th0:ao0,0",2,1,2,1.0,-1.0,2.0,replan,0
discovery_grid_T3b2K2L3_coordination,coordination,"n:t3:obs0,0,0:af0:rf1",3,z:t3:q0,3|0|0|1,"th0:ao0,0,0",2,0,1,1.0,1.0,0.0,continue,-1
discovery_grid_T3b2K2L3_coordination,coordination,"n:t3:obs0,0,0:af0:rf2",3,z:t3:q0,3|0|0|2,"th0:ao0,0,0",2,0,2,1.0,1.0,0.0,continue,-1
discovery_grid_T3b2K2L3_coordination,coordination,"n:t3:obs0,0,0:af1:rf1",3,z:t3:q0,3|0|1|1,"th0:ao0,0,0",2,0,1,1.0,-1.0,2.0,replan,0
discovery_grid_T3b2K2L3_coordination,coordination,"n:t3:obs0,0,0:af1:rf2",3,z:t3:q0,3|0|1|2,"th0:ao0,0,0",2,0,2,1.0,-1.0,2.0,replan,0
discovery_grid_T3b2K3L2_coordination,coordination,n:t1:obs0:af0:rf1,1,z:t1:q0,1|0|0|1,th0:ao0,3,2,1,2.0,2.0,0.0,continue,-1
discovery_grid_T3b2K3L2_coordination,coordination,n:t1:obs0:af1:rf1,1,z:t1:q0,1|0|1|1,th0:ao0,3,2,1,2.0,0.0,2.0,replan,0
discovery_grid_T3b2K3L2_coordination,coordination,"n:t2:obs0,0:af0:rf1",2,z:t2:q0,2|0|0|1,"th0:ao0,0",3,1,1,1.0,1.0,0.0,continue,-1
discovery_grid_T3b2K3L2_coordination,coordination,"n:t2:obs0,0:af1:rf1",2,z:t2:q0,2|0|1|1,"th0:ao0,0",3,1,1,1.0,-1.0,2.0,replan,0
discovery_grid_T3b2K3L2_coordination,coordination,"n:t3:obs0,0,0:af0:rf1",3,z:t3:q0,3|0|0|1,"th0:ao0,0,0",3,0,1,1.0,1.0,0.0,continue,-1
discovery_grid_T3b2K3L2_coordination,coordination,"n:t3:obs0,0,0:af1:rf1",3,z:t3:q0,3|0|1|1,"th0:ao0,0,0",3,0,1,1.0,-1.0,2.0,replan,0
discovery_grid_T3b2K3L3_coordination,coordination,n:t1:obs0:af0:rf2,1,z:t1:q0,1|0|0|2,th0:ao0,3,2,2,2.0,2.0,0.0,continue,-1
discovery_grid_T3b2K3L3_coordination,coordination,n:t1:obs0:af1:rf2,1,z:t1:q0,1|0|1|2,th0:ao0,3,2,2,2.0,0.0,2.0,replan,0
discovery_grid_T3b2K3L3_coordination,coordination,"n:t2:obs0,0:af0:rf1",2,z:t2:q0,2|0|0|1,"th0:ao0,0",3,1,1,1.0,1.0,0.0,continue,-1
discovery_grid_T3b2K3L3_coordination,coordination,"n:t2:obs0,0:af0:rf2",2,z:t2:q0,2|0|0|2,"th0:ao0,0",3,1,2,1.0,1.0,0.0,continue,-1
discovery_grid_T3b2K3L3_coordination,coordination,"n:t2:obs0,0:af1:rf1",2,z:t2:q0,2|0|1|1,"th0:ao0,0",3,1,1,1.0,-1.0,2.0,replan,0
discovery_grid_T3b2K3L3_coordination,coordination,"n:t2:obs0,0:af1:rf2",2,z:t2:q0,2|0|1|2,"th0:ao0,0",3,1,2,1.0,-1.0,2.0,replan,0
discovery_grid_T3b2K3L3_coordination,coordination,"n:t3:obs0,0,0:af0:rf1",3,z:t3:q0,3|0|0|1,"th0:ao0,0,0",3,0,1,1.0,1.0,0.0,continue,-1
discovery_grid_T3b2K3L3_coordination,coordination,"n:t3:obs0,0,0:af0:rf2",3,z:t3:q0,3|0|0|2,"th0:ao0,0,0",3,0,2,1.0,1.0,0.0,continue,-1
discovery_grid_T3b2K3L3_coordination,coordination,"n:t3:obs0,0,0:af1:rf1",3,z:t3:q0,3|0|1|1,"th0:ao0,0,0",3,0,1,1.0,-1.0,2.0,replan,0
discovery_grid_T3b2K3L3_coordination,coordination,"n:t3:obs0,0,0:af1:rf2",3,z:t3:q0,3|0|1|2,"th0:ao0,0,0",3,0,2,1.0,-1.0,2.0,replan,0
discovery_grid_T3b3K2L2_coordination,coordination,n:t1:obs0:af0:rf1,1,z:t1:q0,1|0|0|1,th0:ao0,2,2,1,0.0,0.0,0.0,continue,-1
discovery_grid_T3b3K2L2_coordination,coordination,n:t1:obs0:af1:rf1,1,z:t1:q0,1|0|1|1,th0:ao0,2,2,1,0.0,-1.0,1.0,replan,0
discovery_grid_T3b3K2L2_coordination,coordination,n:t1:obs0:af2:rf1,1,z:t1:q0,1|0|2|1,th0:ao0,2,2,1,0.0,0.0,0.0,continue,-1
discovery_grid_T3b3K2L2_coordination,coordination,"n:t2:obs0,0:af0:rf1",2,z:t2:q0,2|0|0|1,"th0:ao0,0",2,1,1,0.0,0.0,0.0,continue,-1
discovery_grid_T3b3K2L2_coordination,coordination,"n:t2:obs0,0:af1:rf1",2,z:t2:q0,2|0|1|1,"th0:ao0,0",2,1,1,0.0,0.0,0.0,continue,-1
discovery_grid_T3b3K2L2_coordination,coordination,"n:t2:obs0,0:af2:rf1",2,z:t2:q0,2|0|2|1,"th0:ao0,0",2,1,1,0.0,-1.0,1.0,replan,0
discovery_grid_T3b3K2L2_coordination,coordination,"n:t3:obs0,0,0:af0:rf1",3,z:t3:q0,3|0|0|1,"th0:ao0,0,0",1,0,1,1.0,1.0,0.0,continue,-1
discovery_grid_T3b3K2L2_coordination,coordination,"n:t3:obs0,0,1:af0:rf1",3,z:t3:q1,3|1|0|1,"th1:ao1,2,1",1,0,1,1.0,-1.0,2.0,replan,2
discovery_grid_T3b3K2L2_coordination,coordination,"n:t3:obs0,0,0:af1:rf1",3,z:t3:q0,3|0|1|1,"th0:ao0,0,0",1,0,1,1.0,-1.0,2.0,replan,0
discovery_grid_T3b3K2L2_coordination,coordination,"n:t3:obs0,0,1:af1:rf1",3,z:t3:q1,3|1|1|1,"th1:ao1,2,1",1,0,1,1.0,-1.0,2.0,replan,2
discovery_grid_T3b3K2L2_coordination,coordination,"n:t3:obs0,0,0:af2:rf1",3,z:t3:q0,3|0|2|1,"th0:ao0,0,0",1,0,1,1.0,-1.0,2.0,replan,0
discovery_grid_T3b3K2L2_coordination,coordination,"n:t3:obs0,0,1:af2:rf1",3,z:t3:q1,3|1|2|1,"th1:ao1,2,1",1,0,1,1.0,1.0,0.0,continue,-1
discovery_grid_T3b3K2L3_coordination,coordination,n:t1:obs0:af0:rf2,1,z:t1:q0,1|0|0|2,th0:ao0,2,2,2,0.0,0.0,0.0,continue,-1
discovery_grid_T3b3K2L3_coordination,coordination,n:t1:obs0:af1:rf2,1,z:t1:q0,1|0|1|2,th0:ao0,2,2,2,0.0,-1.0,1.0,replan,0
discovery_grid_T3b3K2L3_coordination,coordination,n:t1:obs0:af2:rf2,1,z:t1:q0,1|0|2|2,th0:ao0,2,2,2,0.0,0.0,0.0,continue,-1
discovery_grid_T3b3K2L3_coordination,coordination,"n:t2:obs0,0:af0:rf1",2,z:t2:q0,2|0|0|1,"th0:ao0,0",2,1,1,0.0,0.0,0.0,continue,-1
discovery_grid_T3b3K2L3_coordination,coordination,"n:t2:obs0,0:af0:rf2",2,z:t2:q0,2|0|0|2,"th0:ao0,0",2,1,2,0.0,0.0,0.0,continue,-1
discovery_grid_T3b3K2L3_coordination,coordination,"n:t2:obs0,0:af1:rf1",2,z:t2:q0,2|0|1|1,"th0:ao0,0",2,1,1,0.0,0.0,0.0,continue,-1
discovery_grid_T3b3K2L3_coordination,coordination,"n:t2:obs0,0:af1:rf2",2,z:t2:q0,2|0|1|2,"th0:ao0,0",2,1,2,0.0,0.0,0.0,continue,-1
discovery_grid_T3b3K2L3_coordination,coordination,"n:t2:obs0,0:af2:rf1",2,z:t2:q0,2|0|2|1,"th0:ao0,0",2,1,1,0.0,-1.0,1.0,replan,0
discovery_grid_T3b3K2L3_coordination,coordination,"n:t2:obs0,0:af2:rf2",2,z:t2:q0,2|0|2|2,"th0:ao0,0",2,1,2,0.0,-1.0,1.0,replan,0
discovery_grid_T3b3K2L3_coordination,coordination,"n:t3:obs0,0,0:af0:rf1",3,z:t3:q0,3|0|0|1,"th0:ao0,0,0",1,0,1,1.0,1.0,0.0,continue,-1
discovery_grid_T3b3K2L3_coordination,coordination,"n:t3:obs0,0,1:af0:rf1",3,z:t3:q1,3|1|0|1,"th1:ao1,2,1",1,0,1,1.0,-1.0,2.0,replan,2
discovery_grid_T3b3K2L3_coordination,coordination,"n:t3:obs0,0,0:af0:rf2",3,z:t3:q0,3|0|0|2,"th0:ao0,0,0",1,0,2,1.0,1.0,0.0,continue,-1
discovery_grid_T3b3K2L3_coordination,coordination,"n:t3:obs0,0,1:af0:rf2",3,z:t3:q1,3|1|0|2,"th1:ao1,2,1",1,0,2,1.0,-1.0,2.0,replan,2
discovery_grid_T3b3K2L3_coordination,coordination,"n:t3:obs0,0,0:af1:rf1",3,z:t3:q0,3|0|1|1,"th0:ao0,0,0",1,0,1,1.0,-1.0,2.0,replan,0
discovery_grid_T3b3K2L3_coordination,coordination,"n:t3:obs0,0,1:af1:rf1",3,z:t3:q1,3|1|1|1,"th1:ao1,2,1",1,0,1,1.0,-1.0,2.0,replan,2
discovery_grid_T3b3K2L3_coordination,coordination,"n:t3:obs0,0,0:af1:rf2",3,z:t3:q0,3|0|1|2,"th0:ao0,0,0",1,0,2,1.0,-1.0,2.0,replan,0
discovery_grid_T3b3K2L3_coordination,coordination,"n:t3:obs0,0,1:af1:rf2",3,z:t3:q1,3|1|1|2,"th1:ao1,2,1",1,0,2,1.0,-1.0,2.0,replan,2
discovery_grid_T3b3K2L3_coordination,coordination,"n:t3:obs0,0,0:af2:rf1",3,z:t3:q0,3|0|2|1,"th0:ao0,0,0",1,0,1,1.0,-1.0,2.0,replan,0
discovery_grid_T3b3K2L3_coordination,coordination,"n:t3:obs0,0,1:af2:rf1",3,z:t3:q1,3|1|2|1,"th1:ao1,2,1",1,0,1,1.0,1.0,0.0,continue,-1
discovery_grid_T3b3K2L3_coordination,coordination,"n:t3:obs0,0,0:af2:rf2",3,z:t3:q0,3|0|2|2,"th0:ao0,0,0",1,0,2,1.0,-1.0,2.0,replan,0
discovery_grid_T3b3K2L3_coordination,coordination,"n:t3:obs0,0,1:af2:rf2",3,z:t3:q1,3|1|2|2,"th1:ao1,2,1",1,0,2,1.0,1.0,0.0,continue,-1
discovery_grid_T3b3K3L2_coordination,coordination,n:t1:obs0:af0:rf1,1,z:t1:q0,1|0|0|1,th0:ao0,3,2,1,0.0,0.0,0.0,continue,-1
discovery_grid_T3b3K3L2_coordination,coordination,n:t1:obs0:af1:rf1,1,z:t1:q0,1|0|1|1,th0:ao0,3,2,1,0.0,0.0,0.0,continue,-1
discovery_grid_T3b3K3L2_coordination,coordination,n:t1:obs0:af2:rf1,1,z:t1:q0,1|0|2|1,th0:ao0,3,2,1,0.0,0.0,0.0,continue,-1
discovery_grid_T3b3K3L2_coordination,coordination,"n:t2:obs0,0:af0:rf1",2,z:t2:q0,2|0|0|1,"th0:ao0,0",2,1,1,0.0,0.0,0.0,continue,-1
discovery_grid_T3b3K3L2_coordination,coordination,"n:t2:obs0,1:af0:rf1",2,z:t2:q1,2|1|0|1,"th2:ao2,1",1,1,1,1.0,-1.0,2.0,replan,2
discovery_grid_T3b3K3L2_coordination,coordination,"n:t2:obs0,0:af1:rf1",2,z:t2:q0,2|0|1|1,"th0:ao0,0",2,1,1,0.0,0.0,0.0,continue,-1
discovery_grid_T3b3K3L2_coordination,coordination,"n:t2:obs0,1:af1:rf1",2,z:t2:q1,2|1|1|1,"th2:ao2,1",1,1,1,1.0,-1.0,2.0,replan,2
discovery_grid_T3b3K3L2_coordination,coordination,"n:t2:obs0,0:af2:rf1",2,z:t2:q0,2|0|2|1,"th0:ao0,0",2,1,1,0.0,-1.0,1.0,replan,0
discovery_grid_T3b3K3L2_coordination,coordination,"n:t2:obs0,1:af2:rf1",2,z:t2:q1,2|1|2|1,"th2:ao2,1",1,1,1,1.0,1.0,0.0,continue,-1
discovery_grid_T3b3K3L2_coordination,coordination,"n:t3:obs0,0,0:af0:rf1",3,z:t3:q0,3|0|0|1,"th0:ao0,0,0",1,0,1,1.0,1.0,0.0,continue,-1
discovery_grid_T3b3K3L2_coordination,coordination,"n:t3:obs0,0,1:af0:rf1",3,z:t3:q1,3|1|0|1,"th1:ao1,2,1",1,0,1,1.0,-1.0,2.0,replan,2
discovery_grid_T3b3K3L2_coordination,coordination,"n:t3:obs0,1,1:af0:rf1",3,z:t3:q1,3|1|0|1,"th2:ao2,1,2",1,0,1,1.0,-1.0,2.0,replan,1
discovery_grid_T3b3K3L2_coordination,coordination,"n:t3:obs0,0,0:af1:rf1",3,z:t3:q0,3|0|1|1,"th0:ao0,0,0",1,0,1,1.0,-1.0,2.0,replan,0
discovery_grid_T3b3K3L2_coordination,coordination,"n:t3:obs0,0,1:af1:rf1",3,z:t3:q1,3|1|1|1,"th1:ao1,2,1",1,0,1,1.0,-1.0,2.0,replan,2
discovery_grid_T3b3K3L2_coordination,coordination,"n:t3:obs0,1,1:af1:rf1",3,z:t3:q1,3|1|1|1,"th2:ao2,1,2",1,0,1,1.0,1.0,0.0,continue,-1
discovery_grid_T3b3K3L2_coordination,coordination,"n:t3:obs0,0,0:af2:rf1",3,z:t3:q0,3|0|2|1,"th0:ao0,0,0",1,0,1,1.0,-1.0,2.0,replan,0
discovery_grid_T3b3K3L2_coordination,coordination,"n:t3:obs0,0,1:af2:rf1",3,z:t3:q1,3|1|2|1,"th1:ao1,2,1",1,0,1,1.0,1.0,0.0,continue,-1
discovery_grid_T3b3K3L2_coordination,coordination,"n:t3:obs0,1,1:af2:rf1",3,z:t3:q1,3|1|2|1,"th2:ao2,1,2",1,0,1,1.0,-1.0,2.0,replan,1
discovery_grid_T3b3K3L3_coordination,coordination,n:t1:obs0:af0:rf2,1,z:t1:q0,1|0|0|2,th0:ao0,3,2,2,0.0,0.0,0.0,continue,-1
discovery_grid_T3b3K3L3_coordination,coordination,n:t1:obs0:af1:rf2,1,z:t1:q0,1|0|1|2,th0:ao0,3,2,2,0.0,0.0,0.0,continue,-1
discovery_grid_T3b3K3L3_coordination,coordination,n:t1:obs0:af2:rf2,1,z:t1:q0,1|0|2|2,th0:ao0,3,2,2,0.0,0.0,0.0,continue,-1
discovery_grid_T3b3K3L3_coordination,coordination,"n:t2:obs0,0:af0:rf1",2,z:t2:q0,2|0|0|1,"th0:ao0,0",2,1,1,0.0,0.0,0.0,continue,-1
discovery_grid_T3b3K3L3_coordination,coordination,"n:t2:obs0,1:af0:rf1",2,z:t2:q1,2|1|0|1,"th2:ao2,1",1,1,1,1.0,-1.0,2.0,replan,2
discovery_grid_T3b3K3L3_coordination,coordination,"n:t2:obs0,0:af0:rf2",2,z:t2:q0,2|0|0|2,"th0:ao0,0",2,1,2,0.0,0.0,0.0,continue,-1
discovery_grid_T3b3K3L3_coordination,coordination,"n:t2:obs0,1:af0:rf2",2,z:t2:q1,2|1|0|2,"th2:ao2,1",1,1,2,1.0,-1.0,2.0,replan,2
discovery_grid_T3b3K3L3_coordination,coordination,"n:t2:obs0,0:af1:rf1",2,z:t2:q0,2|0|1|1,"th0:ao0,0",2,1,1,0.0,0.0,0.0,continue,-1
discovery_grid_T3b3K3L3_coordination,coordination,"n:t2:obs0,1:af1:rf1",2,z:t2:q1,2|1|1|1,"th2:ao2,1",1,1,1,1.0,-1.0,2.0,replan,2
discovery_grid_T3b3K3L3_coordination,coordination,"n:t2:obs0,0:af1:rf2",2,z:t2:q0,2|0|1|2,"th0:ao0,0",2,1,2,0.0,0.0,0.0,continue,-1
discovery_grid_T3b3K3L3_coordination,coordination,"n:t2:obs0,1:af1:rf2",2,z:t2:q1,2|1|1|2,"th2:ao2,1",1,1,2,1.0,-1.0,2.0,replan,2
discovery_grid_T3b3K3L3_coordination,coordination,"n:t2:obs0,0:af2:rf1",2,z:t2:q0,2|0|2|1,"th0:ao0,0",2,1,1,0.0,-1.0,1.0,replan,0
discovery_grid_T3b3K3L3_coordination,coordination,"n:t2:obs0,1:af2:rf1",2,z:t2:q1,2|1|2|1,"th2:ao2,1",1,1,1,1.0,1.0,0.0,continue,-1
discovery_grid_T3b3K3L3_coordination,coordination,"n:t2:obs0,0:af2:rf2",2,z:t2:q0,2|0|2|2,"th0:ao0,0",2,1,2,0.0,-1.0,1.0,replan,0
discovery_grid_T3b3K3L3_coordination,coordination,"n:t2:obs0,1:af2:rf2",2,z:t2:q1,2|1|2|2,"th2:ao2,1",1,1,2,1.0,1.0,0.0,continue,-1
discovery_grid_T3b3K3L3_coordination,coordination,"n:t3:obs0,0,0:af0:rf1",3,z:t3:q0,3|0|0|1,"th0:ao0,0,0",1,0,1,1.0,1.0,0.0,continue,-1
discovery_grid_T3b3K3L3_coordination,coordination,"n:t3:obs0,0,1:af0:rf1",3,z:t3:q1,3|1|0|1,"th1:ao1,2,1",1,0,1,1.0,-1.0,2.0,replan,2
discovery_grid_T3b3K3L3_coordination,coordination,"n:t3:obs0,1,1:af0:rf1",3,z:t3:q1,3|1|0|1,"th2:ao2,1,2",1,0,1,1.0,-1.0,2.0,replan,1
discovery_grid_T3b3K3L3_coordination,coordination,"n:t3:obs0,0,0:af0:rf2",3,z:t3:q0,3|0|0|2,"th0:ao0,0,0",1,0,2,1.0,1.0,0.0,continue,-1
discovery_grid_T3b3K3L3_coordination,coordination,"n:t3:obs0,0,1:af0:rf2",3,z:t3:q1,3|1|0|2,"th1:ao1,2,1",1,0,2,1.0,-1.0,2.0,replan,2
discovery_grid_T3b3K3L3_coordination,coordination,"n:t3:obs0,1,1:af0:rf2",3,z:t3:q1,3|1|0|2,"th2:ao2,1,2",1,0,2,1.0,-1.0,2.0,replan,1
discovery_grid_T3b3K3L3_coordination,coordination,"n:t3:obs0,0,0:af1:rf1",3,z:t3:q0,3|0|1|1,"th0:ao0,0,0",1,0,1,1.0,-1.0,2.0,replan,0
discovery_grid_T3b3K3L3_coordination,coordination,"n:t3:obs0,0,1:af1:rf1",3,z:t3:q1,3|1|1|1,"th1:ao1,2,1",1,0,1,1.0,-1.0,2.0,replan,2
discovery_grid_T3b3K3L3_coordination,coordination,"n:t3:obs0,1,1:af1:rf1",3,z:t3:q1,3|1|1|1,"th2:ao2,1,2",1,0,1,1.0,1.0,0.0,continue,-1
discovery_grid_T3b3K3L3_coordination,coordination,"n:t3:obs0,0,0:af1:rf2",3,z:t3:q0,3|0|1|2,"th0:ao0,0,0",1,0,2,1.0,-1.0,2.0,replan,0
discovery_grid_T3b3K3L3_coordination,coordination,"n:t3:obs0,0,1:af1:rf2",3,z:t3:q1,3|1|1|2,"th1:ao1,2,1",1,0,2,1.0,-1.0,2.0,replan,2
discovery_grid_T3b3K3L3_coordination,coordination,"n:t3:obs0,1,1:af1:rf2",3,z:t3:q1,3|1|1|2,"th2:ao2,1,2",1,0,2,1.0,1.0,0.0,continue,-1
discovery_grid_T3b3K3L3_coordination,coordination,"n:t3:obs0,0,0:af2:rf1",3,z:t3:q0,3|0|2|1,"th0:ao0,0,0",1,0,1,1.0,-1.0,2.0,replan,0
discovery_grid_T3b3K3L3_coordination,coordination,"n:t3:obs0,0,1:af2:rf1",3,z:t3:q1,3|1|2|1,"th1:ao1,2,1",1,0,1,1.0,1.0,0.0,continue,-1
discovery_grid_T3b3K3L3_coordination,coordination,"n:t3:obs0,1,1:af2:rf1",3,z:t3:q1,3|1|2|1,"th2:ao2,1,2",1,0,1,1.0,-1.0,2.0,replan,1
discovery_grid_T3b3K3L3_coordination,coordination,"n:t3:obs0,0,0:af2:rf2",3,z:t3:q0,3|0|2|2,"th0:ao0,0,0",1,0,2,1.0,-1.0,2.0,replan,0
discovery_grid_T3b3K3L3_coordination,coordination,"n:t3:obs0,0,1:af2:rf2",3,z:t3:q1,3|1|2|2,"th1:ao1,2,1",1,0,2,1.0,1.0,0.0,continue,-1
discovery_grid_T3b3K3L3_coordination,coordination,"n:t3:obs0,1,1:af2:rf2",3,z:t3:q1,3|1|2|2,"th2:ao2,1,2",1,0,2,1.0,-1.0,2.0,replan,1
discovery_grid_T4b2K2L2_coordination,coordination,n:t1:obs0:af0:rf1,1,z:t1:q0,1|0|0|1,th0:ao0,2,3,1,3.0,3.0,0.0,continue,-1
discovery_grid_T4b2K2L2_coordination,coordination,n:t1:obs0:af1:rf1,1,z:t1:q0,1|0|1|1,th0:ao0,2,3,1,3.0,1.0,2.0,replan,0
discovery_grid_T4b2K2L2_coordination,coordination,"n:t2:obs0,0:af0:rf1",2,z:t2:q0,2|0|0|1,"th0:ao0,0",2,2,1,2.0,2.0,0.0,continue,-1
discovery_grid_T4b2K2L2_coordination,coordination,"n:t2:obs0,0:af1:rf1",2,z:t2:q0,2|0|1|1,"th0:ao0,0",2,2,1,2.0,0.0,2.0,replan,0
discovery_grid_T4b2K2L2_coordination,coordination,"n:t3:obs0,0,0:af0:rf1",3,z:t3:q0,3|0|0|1,"th0:ao0,0,0",2,1,1,1.0,1.0,0.0,continue,-1
discovery_grid_T4b2K2L2_coordination,coordination,"n:t3:obs0,0,0:af1:rf1",3,z:t3:q0,3|0|1|1,"th0:ao0,0,0",2,1,1,1.0,-1.0,2.0,replan,0
discovery_grid_T4b2K2L2_coordination,coordination,"n:t4:obs0,0,0,0:af0:rf1",4,z:t4:q0,4|0|0|1,"th0:ao0,0,0,0",2,0,1,1.0,1.0,0.0,continue,-1
discovery_grid_T4b2K2L2_coordination,coordination,"n:t4:obs0,0,0,0:af1:rf1",4,z:t4:q0,4|0|1|1,"th0:ao0,0,0,0",2,0,1,1.0,-1.0,2.0,replan,0
discovery_grid_T4b2K2L3_coordination,coordination,n:t1:obs0:af0:rf2,1,z:t1:q0,1|0|0|2,th0:ao0,2,3,2,3.0,3.0,0.0,continue,-1
discovery_grid_T4b2K2L3_coordination,coordination,n:t1:obs0:af1:rf2,1,z:t1:q0,1|0|1|2,th0:ao0,2,3,2,3.0,1.0,2.0,replan,0
discovery_grid_T4b2K2L3_coordination,coordination,"n:t2:obs0,0:af0:rf1",2,z:t2:q0,2|0|0|1,"th0:ao0,0",2,2,1,2.0,2.0,0.0,continue,-1
discovery_grid_T4b2K2L3_coordination,coordination,"n:t2:obs0,0:af0:rf2",2,z:t2:q0,2|0|0|2,"th0:ao0,0",2,2,2,2.0,2.0,0.0,continue,-1
discovery_grid_T4b2K2L3_coordination,coordination,"n:t2:obs0,0:af1:rf1",2,z:t2:q0,2|0|1|1,"th0:ao0,0",2,2,1,2.0,0.0,2.0,replan,0
discovery_grid_T4b2K2L3_coordination,coordination,"n:t2:obs0,0:af1:rf2",2,z:t2:q0,2|0|1|2,"th0:ao0,0",2,2,2,2.0,0.0,2.0,replan,0
discovery_grid_T4b2K2L3_coordination,coordination,"n:t3:obs0,0,0:af0:rf1",3,z:t3:q0,3|0|0|1,"th0:ao0,0,0",2,1,1,1.0,1.0,0.0,continue,-1
discovery_grid_T4b2K2L3_coordination,coordination,"n:t3:obs0,0,0:af0:rf2",3,z:t3:q0,3|0|0|2,"th0:ao0,0,0",2,1,2,1.0,1.0,0.0,continue,-1
discovery_grid_T4b2K2L3_coordination,coordination,"n:t3:obs0,0,0:af1:rf1",3,z:t3:q0,3|0|1|1,"th0:ao0,0,0",2,1,1,1.0,-1.0,2.0,replan,0
discovery_grid_T4b2K2L3_coordination,coordination,"n:t3:obs0,0,0:af1:rf2",3,z:t3:q0,3|0|1|2,"th0:ao0,0,0",2,1,2,1.0,-1.0,2.0,replan,0
discovery_grid_T4b2K2L3_coordination,coordination,"n:t4:obs0,0,0,0:af0:rf1",4,z:t4:q0,4|0|0|1,"th0:ao0,0,0,0",2,0,1,1.0,1.0,0.0,continue,-1
discovery_grid_T4b2K2L3_coordination,coordination,"n:t4:obs0,0,0,0:af0:rf2",4,z:t4:q0,4|0|0|2,"th0:ao0,0,0,0",2,0,2,1.0,1.0,0.0,continue,-1
discovery_grid_T4b2K2L3_coordination,coordination,"n:t4:obs0,0,0,0:af1:rf1",4,z:t4:q0,4|0|1|1,"th0:ao0,0,0,0",2,0,1,1.0,-1.0,2.0,replan,0
discovery_grid_T4b2K2L3_coordination,coordination,"n:t4:obs0,0,0,0:af1:rf2",4,z:t4:q0,4|0|1|2,"th0:ao0,0,0,0",2,0,2,1.0,-1.0,2.0,replan,0
discovery_grid_T4b2K3L2_coordination,coordination,n:t1:obs0:af0:rf1,1,z:t1:q0,1|0|0|1,th0:ao0,3,3,1,3.0,3.0,0.0,continue,-1
discovery_grid_T4b2K3L2_coordination,coordination,n:t1:obs0:af1:rf1,1,z:t1:q0,1|0|1|1,th0:ao0,3,3,1,3.0,1.0,2.0,replan,0
discovery_grid_T4b2K3L2_coordination,coordination,"n:t2:obs0,0:af0:rf1",2,z:t2:q0,2|0|0|1,"th0:ao0,0",3,2,1,2.0,2.0,0.0,continue,-1
discovery_grid_T4b2K3L2_coordination,coordination,"n:t2:obs0,0:af1:rf1",2,z:t2:q0,2|0|1|1,"th0:ao0,0",3,2,1,2.0,0.0,2.0,replan,0
discovery_grid_T4b2K3L2_coordination,coordination,"n:t3:obs0,0,0:af0:rf1",3,z:t3:q0,3|0|0|1,"th0:ao0,0,0",3,1,1,1.0,1.0,0.0,continue,-1
discovery_grid_T4b2K3L2_coordination,coordination,"n:t3:obs0,0,0:af1:rf1",3,z:t3:q0,3|0|1|1,"th0:ao0,0,0",3,1,1,1.0,-1.0,2.0,replan,0
discovery_grid_T4b2K3L2_coordination,coordination,"n:t4:obs0,0,0,0:af0:rf1",4,z:t4:q0,4|0|0|1,"th0:ao0,0,0,0",3,0,1,1.0,1.0,0.0,continue,-1
discovery_grid_T4b2K3L2_coordination,coordination,"n:t4:obs0,0,0,0:af1:rf1",4,z:t4:q0,4|0|1|1,"th0:ao0,0,0,0",3,0,1,1.0,-1.0,2.0,replan,0
discovery_grid_T4b2K3L3_coordination,coordination,n:t1:obs0:af0:rf2,1,z:t1:q0,1|0|0|2,th0:ao0,3,3,2,3.0,3.0,0.0,continue,-1
discovery_grid_T4b2K3L3_coordination,coordination,n:t1:obs0:af1:rf2,1,z:t1:q0,1|0|1|2,th0:ao0,3,3,2,3.0,1.0,2.0,replan,0
discovery_grid_T4b2K3L3_coordination,coordination,"n:t2:obs0,0:af0:rf1",2,z:t2:q0,2|0|0|1,"th0:ao0,0",3,2,1,2.0,2.0,0.0,continue,-1
discovery_grid_T4b2K3L3_coordination,coordination,"n:t2:obs0,0:af0:rf2",2,z:t2:q0,2|0|0|2,"th0:ao0,0",3,2,2,2.0,2.0,0.0,continue,-1
discovery_grid_T4b2K3L3_coordination,coordination,"n:t2:obs0,0:af1:rf1",2,z:t2:q0,2|0|1|1,"th0:ao0,0",3,2,1,2.0,0.0,2.0,replan,0
discovery_grid_T4b2K3L3_coordination,coordination,"n:t2:obs0,0:af1:rf2",2,z:t2:q0,2|0|1|2,"th0:ao0,0",3,2,2,2.0,0.0,2.0,replan,0
discovery_grid_T4b2K3L3_coordination,coordination,"n:t3:obs0,0,0:af0:rf1",3,z:t3:q0,3|0|0|1,"th0:ao0,0,0",3,1,1,1.0,1.0,0.0,continue,-1
discovery_grid_T4b2K3L3_coordination,coordination,"n:t3:obs0,0,0:af0:rf2",3,z:t3:q0,3|0|0|2,"th0:ao0,0,0",3,1,2,1.0,1.0,0.0,continue,-1
discovery_grid_T4b2K3L3_coordination,coordination,"n:t3:obs0,0,0:af1:rf1",3,z:t3:q0,3|0|1|1,"th0:ao0,0,0",3,1,1,1.0,-1.0,2.0,replan,0
discovery_grid_T4b2K3L3_coordination,coordination,"n:t3:obs0,0,0:af1:rf2",3,z:t3:q0,3|0|1|2,"th0:ao0,0,0",3,1,2,1.0,-1.0,2.0,replan,0
discovery_grid_T4b2K3L3_coordination,coordination,"n:t4:obs0,0,0,0:af0:rf1",4,z:t4:q0,4|0|0|1,"th0:ao0,0,0,0",3,0,1,1.0,1.0,0.0,continue,-1
discovery_grid_T4b2K3L3_coordination,coordination,"n:t4:obs0,0,0,0:af0:rf2",4,z:t4:q0,4|0|0|2,"th0:ao0,0,0,0",3,0,2,1.0,1.0,0.0,continue,-1
discovery_grid_T4b2K3L3_coordination,coordination,"n:t4:obs0,0,0,0:af1:rf1",4,z:t4:q0,4|0|1|1,"th0:ao0,0,0,0",3,0,1,1.0,-1.0,2.0,replan,0
discovery_grid_T4b2K3L3_coordination,coordination,"n:t4:obs0,0,0,0:af1:rf2",4,z:t4:q0,4|0|1|2,"th0:ao0,0,0,0",3,0,2,1.0,-1.0,2.0,replan,0
discovery_grid_T4b3K2L2_coordination,coordination,n:t1:obs0:af0:rf1,1,z:t1:q0,1|0|0|1,th0:ao0,2,3,1,1.0,1.0,0.0,continue,-1
discovery_grid_T4b3K2L2_coordination,coordination,n:t1:obs0:af1:rf1,1,z:t1:q0,1|0|1|1,th0:ao0,2,3,1,1.0,0.0,1.0,replan,0
discovery_grid_T4b3K2L2_coordination,coordination,n:t1:obs0:af2:rf1,1,z:t1:q0,1|0|2|1,th0:ao0,2,3,1,1.0,1.0,0.0,continue,-1
discovery_grid_T4b3K2L2_coordination,coordination,"n:t2:obs0,0:af0:rf1",2,z:t2:q0,2|0|0|1,"th0:ao0,0",2,2,1,1.0,1.0,0.0,continue,-1
discovery_grid_T4b3K2L2_coordination,coordination,"n:t2:obs0,0:af1:rf1",2,z:t2:q0,2|0|1|1,"th0:ao0,0",2,2,1,1.0,1.0,0.0,continue,-1
discovery_grid_T4b3K2L2_coordination,coordination,"n:t2:obs0,0:af2:rf1",2,z:t2:q0,2|0|2|1,"th0:ao0,0",2,2,1,1.0,0.0,1.0,replan,0
discovery_grid_T4b3K2L2_coordination,coordination,"n:t3:obs0,0,0:af0:rf1",3,z:t3:q0,3|0|0|1,"th0:ao0,0,0",1,1,1,1.0,1.0,0.0,continue,-1
discovery_grid_T4b3K2L2_coordination,coordination,"n:t3:obs0,0,1:af0:rf1",3,z:t3:q1,3|1|0|1,"th1:ao1,2,1",1,1,1,1.0,-1.0,2.0,replan,2
discovery_grid_T4b3K2L2_coordination,coordination,"n:t3:obs0,0,0:af1:rf1",3,z:t3:q0,3|0|1|1,"th0:ao0,0,0",1,1,1,1.0,-1.0,2.0,replan,0
discovery_grid_T4b3K2L2_coordination,coordination,"n:t3:obs0,0,1:af1:rf1",3,z:t3:q1,3|1|1|1,"th1:ao1,2,1",1,1,1,1.0,-1.0,2.0,replan,2
discovery_grid_T4b3K2L2_coordination,coordination,"n:t3:obs0,0,0:af2:rf1",3,z:t3:q0,3|0|2|1,"th0:ao0,0,0",1,1,1,1.0,-1.0,2.0,replan,0
discovery_grid_T4b3K2L2_coordination,coordination,"n:t3:obs0,0,1:af2:rf1",3,z:t3:q1,3|1|2|1,"th1:ao1,2,1",1,1,1,1.0,1.0,0.0,continue,-1
discovery_grid_T4b3K2L2_coordination,coordination,"n:t4:obs0,0,0,0:af0:rf1",4,z:t4:q0,4|0|0|1,"th0:ao0,0,0,0",1,0,1,1.0,1.0,0.0,continue,-1
discovery_grid_T4b3K2L2_coordination,coordination,"n:t4:obs0,0,1,1:af0:rf1",4,z:t4:q1,4|1|0|1,"th1:ao1,2,1,2",1,0,1,1.0,-1.0,2.0,replan,1
discovery_grid_T4b3K2L2_coordination,coordination,"n:t4:obs0,0,0,0:af1:rf1",4,z:t4:q0,4|0|1|1,"th0:ao0,0,0,0",1,0,1,1.0,-1.0,2.0,replan,0
discovery_grid_T4b3K2L2_coordination,coordination,"n:t4:obs0,0,1,1:af1:rf1",4,z:t4:q1,4|1|1|1,"th1:ao1,2,1,2",1,0,1,1.0,1.0,0.0,continue,-1
discovery_grid_T4b3K2L2_coordination,coordination,"n:t4:obs0,0,0,0:af2:rf1",4,z:t4:q0,4|0|2|1,"th0:ao0,0,0,0",1,0,1,1.0,-1.0,2.0,replan,0
discovery_grid_T4b3K2L2_coordination,coordination,"n:t4:obs0,0,1,1:af2:rf1",4,z:t4:q1,4|1|2|1,"th1:ao1,2,1,2",1,0,1,1.0,-1.0,2.0,replan,1
discovery_grid_T4b3K2L3_coordination,coordination,n:t1:obs0:af0:rf2,1,z:t1:q0,1|0|0|2,th0:ao0,2,3,2,1.0,1.0,0.0,continue,-1
discovery_grid_T4b3K2L3_coordination,coordination,n:t1:obs0:af1:rf2,1,z:t1:q0,1|0|1|2,th0:ao0,2,3,2,1.0,0.0,1.0,replan,0
discovery_grid_T4b3K2L3_coordination,coordination,n:t1:obs0:af2:rf2,1,z:t1:q0,1|0|2|2,th0:ao0,2,3,2,1.0,1.0,0.0,continue,-1
discovery_grid_T4b3K2L3_coordination,coordination,"n:t2:obs0,0:af0:rf1",2,z:t2:q0,2|0|0|1,"th0:ao0,0",2,2,1,1.0,1.0,0.0,continue,-1
discovery_grid_T4b3K2L3_coordination,coordination,"n:t2:obs0,0:af0:rf2",2,z:t2:q0,2|0|0|2,"th0:ao0,0",2,2,2,1.0,1.0,0.0,continue,-1
discovery_grid_T4b3K2L3_coordination,coordination,"n:t2:obs0,0:af1:rf1",2,z:t2:q0,2|0|1|1,"th0:ao0,0",2,2,1,1.0,1.0,0.0,continue,-1
discovery_grid_T4b3K2L3_coordination,coordination,"n:t2:obs0,0:af1:rf2",2,z:t2:q0,2|0|1|2,"th0:ao0,0",2,2,2,1.0,1.0,0.0,continue,-1
discovery_grid_T4b3K2L3_coordination,coordination,"n:t2:obs0,0:af2:rf1",2,z:t2:q0,2|0|2|1,"th0:ao0,0",2,2,1,1.0,0.0,1.0,replan,0
discovery_grid_T4b3K2L3_coordination,coordination,"n:t2:obs0,0:af2:rf2",2,z:t2:q0,2|0|2|2,"th0:ao0,0",2,2,2,1.0,0.0,1.0,replan,0
discovery_grid_T4b3K2L3_coordination,coordination,"n:t3:obs0,0,0:af0:rf1",3,z:t3:q0,3|0|0|1,"th0:ao0,0,0",1,1,1,1.0,1.0,0.0,continue,-1
discovery_grid_T4b3K2L3_coordination,coordination,"n:t3:obs0,0,1:af0:rf1",3,z:t3:q1,3|1|0|1,"th1:ao1,2,1",1,1,1,1.0,-1.0,2.0,replan,2
discovery_grid_T4b3K2L3_coordination,coordination,"n:t3:obs0,0,0:af0:rf2",3,z:t3:q0,3|0|0|2,"th0:ao0,0,0",1,1,2,1.0,1.0,0.0,continue,-1
discovery_grid_T4b3K2L3_coordination,coordination,"n:t3:obs0,0,1:af0:rf2",3,z:t3:q1,3|1|0|2,"th1:ao1,2,1",1,1,2,1.0,-1.0,2.0,replan,2
discovery_grid_T4b3K2L3_coordination,coordination,"n:t3:obs0,0,0:af1:rf1",3,z:t3:q0,3|0|1|1,"th0:ao0,0,0",1,1,1,1.0,-1.0,2.0,replan,0
discovery_grid_T4b3K2L3_coordination,coordination,"n:t3:obs0,0,1:af1:rf1",3,z:t3:q1,3|1|1|1,"th1:ao1,2,1",1,1,1,1.0,-1.0,2.0,replan,2
discovery_grid_T4b3K2L3_coordination,coordination,"n:t3:obs0,0,0:af1:rf2",3,z:t3:q0,3|0|1|2,"th0:ao0,0,0",1,1,2,1.0,-1.0,2.0,replan,0
discovery_grid_T4b3K2L3_coordination,coordination,"n:t3:obs0,0,1:af1:rf2",3,z:t3:q1,3|1|1|2,"th1:ao1,2,1",1,1,2,1.0,-1.0,2.0,replan,2
discovery_grid_T4b3K2L3_coordination,coordination,"n:t3:obs0,0,0:af2:rf1",3,z:t3:q0,3|0|2|1,"th0:ao0,0,0",1,1,1,1.0,-1.0,2.0,replan,0
discovery_grid_T4b3K2L3_coordination,coordination,"n:t3:obs0,0,1:af2:rf1",3,z:t3:q1,3|1|2|1,"th1:ao1,2,1",1,1,1,1.0,1.0,0.0,continue,-1
discovery_grid_T4b3K2L3_coordination,coordination,"n:t3:obs0,0,0:af2:rf2",3,z:t3:q0,3|0|2|2,"th0:ao0,0,0",1,1,2,1.0,-1.0,2.0,replan,0
discovery_grid_T4b3K2L3_coordination,coordination,"n:t3:obs0,0,1:af2:rf2",3,z:t3:q1,3|1|2|2,"th1:ao1,2,1",1,1,2,1.0,1.0,0.0,continue,-1
discovery_grid_T4b3K2L3_coordination,coordination,"n:t4:obs0,0,0,0:af0:rf1",4,z:t4:q0,4|0|0|1,"th0:ao0,0,0,0",1,0,1,1.0,1.0,0.0,continue,-1
discovery_grid_T4b3K2L3_coordination,coordination,"n:t4:obs0,0,1,1:af0:rf1",4,z:t4:q1,4|1|0|1,"th1:ao1,2,1,2",1,0,1,1.0,-1.0,2.0,replan,1
discovery_grid_T4b3K2L3_coordination,coordination,"n:t4:obs0,0,0,0:af0:rf2",4,z:t4:q0,4|0|0|2,"th0:ao0,0,0,0",1,0,2,1.0,1.0,0.0,continue,-1
discovery_grid_T4b3K2L3_coordination,coordination,"n:t4:obs0,0,1,1:af0:rf2",4,z:t4:q1,4|1|0|2,"th1:ao1,2,1,2",1,0,2,1.0,-1.0,2.0,replan,1
discovery_grid_T4b3K2L3_coordination,coordination,"n:t4:obs0,0,0,0:af1:rf1",4,z:t4:q0,4|0|1|1,"th0:ao0,0,0,0",1,0,1,1.0,-1.0,2.0,replan,0
discovery_grid_T4b3K2L3_coordination,coordination,"n:t4:obs0,0,1,1:af1:rf1",4,z:t4:q1,4|1|1|1,"th1:ao1,2,1,2",1,0,1,1.0,1.0,0.0,continue,-1
discovery_grid_T4b3K2L3_coordination,coordination,"n:t4:obs0,0,0,0:af1:rf2",4,z:t4:q0,4|0|1|2,"th0:ao0,0,0,0",1,0,2,1.0,-1.0,2.0,replan,0
discovery_grid_T4b3K2L3_coordination,coordination,"n:t4:obs0,0,1,1:af1:rf2",4,z:t4:q1,4|1|1|2,"th1:ao1,2,1,2",1,0,2,1.0,1.0,0.0,continue,-1
discovery_grid_T4b3K2L3_coordination,coordination,"n:t4:obs0,0,0,0:af2:rf1",4,z:t4:q0,4|0|2|1,"th0:ao0,0,0,0",1,0,1,1.0,-1.0,2.0,replan,0
discovery_grid_T4b3K2L3_coordination,coordination,"n:t4:obs0,0,1,1:af2:rf1",4,z:t4:q1,4|1|2|1,"th1:ao1,2,1,2",1,0,1,1.0,-1.0,2.0,replan,1
discovery_grid_T4b3K2L3_coordination,coordination,"n:t4:obs0,0,0,0:af2:rf2",4,z:t4:q0,4|0|2|2,"th0:ao0,0,0,0",1,0,2,1.0,-1.0,2.0,replan,0
discovery_grid_T4b3K2L3_coordination,coordination,"n:t4:obs0,0,1,1:af2:rf2",4,z:t4:q1,4|1|2|2,"th1:ao1,2,1,2",1,0,2,1.0,-1.0,2.0,replan,1
discovery_grid_T4b3K3L2_coordination,coordination,n:t1:obs0:af0:rf1,1,z:t1:q0,1|0|0|1,th0:ao0,3,3,1,1.0,1.0,0.0,continue,-1
discovery_grid_T4b3K3L2_coordination,coordination,n:t1:obs0:af1:rf1,1,z:t1:q0,1|0|1|1,th0:ao0,3,3,1,1.0,1.0,0.0,continue,-1
discovery_grid_T4b3K3L2_coordination,coordination,n:t1:obs0:af2:rf1,1,z:t1:q0,1|0|2|1,th0:ao0,3,3,1,1.0,1.0,0.0,continue,-1
discovery_grid_T4b3K3L2_coordination,coordination,"n:t2:obs0,0:af0:rf1",2,z:t2:q0,2|0|0|1,"th0:ao0,0",2,2,1,1.0,1.0,0.0,continue,-1
discovery_grid_T4b3K3L2_coordination,coordination,"n:t2:obs0,1:af0:rf1",2,z:t2:q1,2|1|0|1,"th2:ao2,1",1,2,1,2.0,0.0,2.0,replan,2
discovery_grid_T4b3K3L2_coordination,coordination,"n:t2:obs0,0:af1:rf1",2,z:t2:q0,2|0|1|1,"th0:ao0,0",2,2,1,1.0,1.0,0.0,continue,-1
discovery_grid_T4b3K3L2_coordination,coordination,"n:t2:obs0,1:af1:rf1",2,z:t2:q1,2|1|1|1,"th2:ao2,1",1,2,1,2.0,0.0,2.0,replan,2
discovery_grid_T4b3K3L2_coordination,coordination,"n:t2:obs0,0:af2:rf1",2,z:t2:q0,2|0|2|1,"th0:ao0,0",2,2,1,1.0,0.0,1.0,replan,0
discovery_grid_T4b3K3L2_coordination,coordination,"n:t2:obs0,1:af2:rf1",2,z:t2:q1,2|1|2|1,"th2:ao2,1",1,2,1,2.0,2.0,0.0,continue,-1
discovery_grid_T4b3K3L2_coordination,coordination,"n:t3:obs0,0,0:af0:rf1",3,z:t3:q0,3|0|0|1,"th0:ao0,0,0",1,1,1,1.0,1.0,0.0,continue,-1
discovery_grid_T4b3K3L2_coordination,coordination,"n:t3:obs0,0,1:af0:rf1",3,z:t3:q1,3|1|0|1,"th1:ao1,2,1",1,1,1,1.0,-1.0,2.0,replan,2
discovery_grid_T4b3K3L2_coordination,coordination,"n:t3:obs0,1,1:af0:rf1",3,z:t3:q1,3|1|0|1,"th2:ao2,1,2",1,1,1,1.0,-1.0,2.0,replan,1
discovery_grid_T4b3K3L2_coordination,coordination,"n:t3:obs0,0,0:af1:rf1",3,z:t3:q0,3|0|1|1,"th0:ao0,0,0",1,1,1,1.0,-1.0,2.0,replan,0
discovery_grid_T4b3K3L2_coordination,coordination,"n:t3:obs0,0,1:af1:rf1",3,z:t3:q1,3|1|1|1,"th1:ao1,2,1",1,1,1,1.0,-1.0,2.0,replan,2
discovery_grid_T4b3K3L2_coordination,coordination,"n:t3:obs0,1,1:af1:rf1",3,z:t3:q1,3|1|1|1,"th2:ao2,1,2",1,1,1,1.0,1.0,0.0,continue,-1
discovery_grid_T4b3K3L2_coordination,coordination,"n:t3:obs0,0,0:af2:rf1",3,z:t3:q0,3|0|2|1,"th0:ao0,0,0",1,1,1,1.0,-1.0,2.0,replan,0
discovery_grid_T4b3K3L2_coordination,coordination,"n:t3:obs0,0,1:af2:rf1",3,z:t3:q1,3|1|2|1,"th1:ao1,2,1",1,1,1,1.0,1.0,0.0,continue,-1
discovery_grid_T4b3K3L2_coordination,coordination,"n:t3:obs0,1,1:af2:rf1",3,z:t3:q1,3|1|2|1,"th2:ao2,1,2",1,1,1,1.0,-1.0,2.0,replan,1
discovery_grid_T4b3K3L2_coordination,coordination,"n:t4:obs0,0,0,0:af0:rf1",4,z:t4:q0,4|0|0|1,"th0:ao0,0,0,0",1,0,1,1.0,1.0,0.0,continue,-1
discovery_grid_T4b3K3L2_coordination,coordination,"n:t4:obs0,1,1,0:af0:rf1",4,z:t4:q0,4|0|0|1,"th2:ao2,1,2,1",1,0,1,1.0,-1.0,2.0,replan,2
discovery_grid_T4b3K3L2_coordination,coordination,"n:t4:obs0,0,1,1:af0:rf1",4,z:t4:q1,4|1|0|1,"th1:ao1,2,1,2",1,0,1,1.0,-1.0,2.0,replan,1
discovery_grid_T4b3K3L2_coordination,coordination,"n:t4:obs0,0,0,0:af1:rf1",4,z:t4:q0,4|0|1|1,"th0:ao0,0,0,0",1,0,1,1.0,-1.0,2.0,replan,0
discovery_grid_T4b3K3L2_coordination,coordination,"n:t4:obs0,1,1,0:af1:rf1",4,z:t4:q0,4|0|1|1,"th2:ao2,1,2,1",1,0,1,1.0,-1.0,2.0,replan,2
discovery_grid_T4b3K3L2_coordination,coordination,"n:t4:obs0,0,1,1:af1:rf1",4,z:t4:q1,4|1|1|1,"th1:ao1,2,1,2",1,0,1,1.0,1.0,0.0,continue,-1
discovery_grid_T4b3K3L2_coordination,coordination,"n:t4:obs0,0,0,0:af2:rf1",4,z:t4:q0,4|0|2|1,"th0:ao0,0,0,0",1,0,1,1.0,-1.0,2.0,replan,0
discovery_grid_T4b3K3L2_coordination,coordination,"n:t4:obs0,1,1,0:af2:rf1",4,z:t4:q0,4|0|2|1,"th2:ao2,1,2,1",1,0,1,1.0,1.0,0.0,continue,-1
discovery_grid_T4b3K3L2_coordination,coordination,"n:t4:obs0,0,1,1:af2:rf1",4,z:t4:q1,4|1|2|1,"th1:ao1,2,1,2",1,0,1,1.0,-1.0,2.0,replan,1
discovery_grid_T4b3K3L3_coordination,coordination,n:t1:obs0:af0:rf2,1,z:t1:q0,1|0|0|2,th0:ao0,3,3,2,1.0,1.0,0.0,continue,-1
discovery_grid_T4b3K3L3_coordination,coordination,n:t1:obs0:af1:rf2,1,z:t1:q0,1|0|1|2,th0:ao0,3,3,2,1.0,1.0,0.0,continue,-1
discovery_grid_T4b3K3L3_coordination,coordination,n:t1:obs0:af2:rf2,1,z:t1:q0,1|0|2|2,th0:ao0,3,3,2,1.0,1.0,0.0,continue,-1
discovery_grid_T4b3K3L3_coordination,coordination,"n:t2:obs0,0:af0:rf1",2,z:t2:q0,2|0|0|1,"th0:ao0,0",2,2,1,1.0,1.0,0.0,continue,-1
discovery_grid_T4b3K3L3_coordination,coordination,"n:t2:obs0,1:af0:rf1",2,z:t2:q1,2|1|0|1,"th2:ao2,1",1,2,1,2.0,0.0,2.0,replan,2
discovery_grid_T4b3K3L3_coordination,coordination,"n:t2:obs0,0:af0:rf2",2,z:t2:q0,2|0|0|2,"th0:ao0,0",2,2,2,1.0,1.0,0.0,continue,-1
discovery_grid_T4b3K3L3_coordination,coordination,"n:t2:obs0,1:af0:rf2",2,z:t2:q1,2|1|0|2,"th2:ao2,1",1,2,2,2.0,0.0,2.0,replan,2
discovery_grid_T4b3K3L3_coordination,coordination,"n:t2:obs0,0:af1:rf1",2,z:t2:q0,2|0|1|1,"th0:ao0,0",2,2,1,1.0,1.0,0.0,continue,-1
discovery_grid_T4b3K3L3_coordination,coordination,"n:t2:obs0,1:af1:rf1",2,z:t2:q1,2|1|1|1,"th2:ao2,1",1,2,1,2.0,0.0,2.0,replan,2
discovery_grid_T4b3K3L3_coordination,coordination,"n:t2:obs0,0:af1:rf2",2,z:t2:q0,2|0|1|2,"th0:ao0,0",2,2,2,1.0,1.0,0.0,continue,-1
discovery_grid_T4b3K3L3_coordination,coordination,"n:t2:obs0,1:af1:rf2",2,z:t2:q1,2|1|1|2,"th2:ao2,1",1,2,2,2.0,0.0,2.0,replan,2
discovery_grid_T4b3K3L3_coordination,coordination,"n:t2:obs0,0:af2:rf1",2,z:t2:q0,2|0|2|1,"th0:ao0,0",2,2,1,1.0,0.0,1.0,replan,0
discovery_grid_T4b3K3L3_coordination,coordination,"n:t2:obs0,1:af2:rf1",2,z:t2:q1,2|1|2|1,"th2:ao2,1",1,2,1,2.0,2.0,0.0,continue,-1
discovery_grid_T4b3K3L3_coordination,coordination,"n:t2:obs0,0:af2:rf2",2,z:t2:q0,2|0|2|2,"th0:ao0,0",2,2,2,1.0,0.0,1.0,replan,0
discovery_grid_T4b3K3L3_coordination,coordination,"n:t2:obs0,1:af2:rf2",2,z:t2:q1,2|1|2|2,"th2:ao2,1",1,2,2,2.0,2.0,0.0,continue,-1
discovery_grid_T4b3K3L3_coordination,coordination,"n:t3:obs0,0,0:af0:rf1",3,z:t3:q0,3|0|0|1,"th0:ao0,0,0",1,1,1,1.0,1.0,0.0,continue,-1
discovery_grid_T4b3K3L3_coordination,coordination,"n:t3:obs0,0,1:af0:rf1",3,z:t3:q1,3|1|0|1,"th1:ao1,2,1",1,1,1,1.0,-1.0,2.0,replan,2
discovery_grid_T4b3K3L3_coordination,coordination,"n:t3:obs0,1,1:af0:rf1",3,z:t3:q1,3|1|0|1,"th2:ao2,1,2",1,1,1,1.0,-1.0,2.0,replan,1
discovery_grid_T4b3K3L3_coordination,coordination,"n:t3:obs0,0,0:af0:rf2",3,z:t3:q0,3|0|0|2,"th0:ao0,0,0",1,1,2,1.0,1.0,0.0,continue,-1
discovery_grid_T4b3K3L3_coordination,coordination,"n:t3:obs0,0,1:af0:rf2",3,z:t3:q1,3|1|0|2,"th1:ao1,2,1",1,1,2,1.0,-1.0,2.0,replan,2
discovery_grid_T4b3K3L3_coordination,coordination,"n:t3:obs0,1,1:af0:rf2",3,z:t3:q1,3|1|0|2,"th2:ao2,1,2",1,1,2,1.0,-1.0,2.0,replan,1
discovery_grid_T4b3K3L3_coordination,coordination,"n:t3:obs0,0,0:af1:rf1",3,z:t3:q0,3|0|1|1,"th0:ao0,0,0",1,1,1,1.0,-1.0,2.0,replan,0
discovery_grid_T4b3K3L3_coordination,coordination,"n:t3:obs0,0,1:af1:rf1",3,z:t3:q1,3|1|1|1,"th1:ao1,2,1",1,1,1,1.0,-1.0,2.0,replan,2
discovery_grid_T4b3K3L3_coordination,coordination,"n:t3:obs0,1,1:af1:rf1",3,z:t3:q1,3|1|1|1,"th2:ao2,1,2",1,1,1,1.0,1.0,0.0,continue,-1
discovery_grid_T4b3K3L3_coordination,coordination,"n:t3:obs0,0,0:af1:rf2",3,z:t3:q0,3|0|1|2,"th0:ao0,0,0",1,1,2,1.0,-1.0,2.0,replan,0
discovery_grid_T4b3K3L3_coordination,coordination,"n:t3:obs0,0,1:af1:rf2",3,z:t3:q1,3|1|1|2,"th1:ao1,2,1",1,1,2,1.0,-1.0,2.0,replan,2
discovery_grid_T4b3K3L3_coordination,coordination,"n:t3:obs0,1,1:af1:rf2",3,z:t3:q1,3|1|1|2,"th2:ao2,1,2",1,1,2,1.0,1.0,0.0,continue,-1
discovery_grid_T4b3K3L3_coordination,coordination,"n:t3:obs0,0,0:af2:rf1",3,z:t3:q0,3|0|2|1,"th0:ao0,0,0",1,1,1,1.0,-1.0,2.0,replan,0
discovery_grid_T4b3K3L3_coordination,coordination,"n:t3:obs0,0,1:af2:rf1",3,z:t3:q1,3|1|2|1,"th1:ao1,2,1",1,1,1,1.0,1.0,0.0,continue,-1
discovery_grid_T4b3K3L3_coordination,coordination,"n:t3:obs0,1,1:af2:rf1",3,z:t3:q1,3|1|2|1,"th2:ao2,1,2",1,1,1,1.0,-1.0,2.0,replan,1
discovery_grid_T4b3K3L3_coordination,coordination,"n:t3:obs0,0,0:af2:rf2",3,z:t3:q0,3|0|2|2,"th0:ao0,0,0",1,1,2,1.0,-1.0,2.0,replan,0
discovery_grid_T4b3K3L3_coordination,coordination,"n:t3:obs0,0,1:af2:rf2",3,z:t3:q1,3|1|2|2,"th1:ao1,2,1",1,1,2,1.0,1.0,0.0,continue,-1
discovery_grid_T4b3K3L3_coordination,coordination,"n:t3:obs0,1,1:af2:rf2",3,z:t3:q1,3|1|2|2,"th2:ao2,1,2",1,1,2,1.0,-1.0,2.0,replan,1
discovery_grid_T4b3K3L3_coordination,coordination,"n:t4:obs0,0,0,0:af0:rf1",4,z:t4:q0,4|0|0|1,"th0:ao0,0,0,0",1,0,1,1.0,1.0,0.0,continue,-1
discovery_grid_T4b3K3L3_coordination,coordination,"n:t4:obs0,1,1,0:af0:rf1",4,z:t4:q0,4|0|0|1,"th2:ao2,1,2,1",1,0,1,1.0,-1.0,2.0,replan,2
discovery_grid_T4b3K3L3_coordination,coordination,"n:t4:obs0,0,1,1:af0:rf1",4,z:t4:q1,4|1|0|1,"th1:ao1,2,1,2",1,0,1,1.0,-1.0,2.0,replan,1
discovery_grid_T4b3K3L3_coordination,coordination,"n:t4:obs0,0,0,0:af0:rf2",4,z:t4:q0,4|0|0|2,"th0:ao0,0,0,0",1,0,2,1.0,1.0,0.0,continue,-1
discovery_grid_T4b3K3L3_coordination,coordination,"n:t4:obs0,1,1,0:af0:rf2",4,z:t4:q0,4|0|0|2,"th2:ao2,1,2,1",1,0,2,1.0,-1.0,2.0,replan,2
discovery_grid_T4b3K3L3_coordination,coordination,"n:t4:obs0,0,1,1:af0:rf2",4,z:t4:q1,4|1|0|2,"th1:ao1,2,1,2",1,0,2,1.0,-1.0,2.0,replan,1
discovery_grid_T4b3K3L3_coordination,coordination,"n:t4:obs0,0,0,0:af1:rf1",4,z:t4:q0,4|0|1|1,"th0:ao0,0,0,0",1,0,1,1.0,-1.0,2.0,replan,0
discovery_grid_T4b3K3L3_coordination,coordination,"n:t4:obs0,1,1,0:af1:rf1",4,z:t4:q0,4|0|1|1,"th2:ao2,1,2,1",1,0,1,1.0,-1.0,2.0,replan,2
discovery_grid_T4b3K3L3_coordination,coordination,"n:t4:obs0,0,1,1:af1:rf1",4,z:t4:q1,4|1|1|1,"th1:ao1,2,1,2",1,0,1,1.0,1.0,0.0,continue,-1
discovery_grid_T4b3K3L3_coordination,coordination,"n:t4:obs0,0,0,0:af1:rf2",4,z:t4:q0,4|0|1|2,"th0:ao0,0,0,0",1,0,2,1.0,-1.0,2.0,replan,0
discovery_grid_T4b3K3L3_coordination,coordination,"n:t4:obs0,1,1,0:af1:rf2",4,z:t4:q0,4|0|1|2,"th2:ao2,1,2,1",1,0,2,1.0,-1.0,2.0,replan,2
discovery_grid_T4b3K3L3_coordination,coordination,"n:t4:obs0,0,1,1:af1:rf2",4,z:t4:q1,4|1|1|2,"th1:ao1,2,1,2",1,0,2,1.0,1.0,0.0,continue,-1
discovery_grid_T4b3K3L3_coordination,coordination,"n:t4:obs0,0,0,0:af2:rf1",4,z:t4:q0,4|0|2|1,"th0:ao0,0,0,0",1,0,1,1.0,-1.0,2.0,replan,0
discovery_grid_T4b3K3L3_coordination,coordination,"n:t4:obs0,1,1,0:af2:rf1",4,z:t4:q0,4|0|2|1,"th2:ao2,1,2,1",1,0,1,1.0,1.0,0.0,continue,-1
discovery_grid_T4b3K3L3_coordination,coordination,"n:t4:obs0,0,1,1:af2:rf1",4,z:t4:q1,4|1|2|1,"th1:ao1,2,1,2",1,0,1,1.0,-1.0,2.0,replan,1
discovery_grid_T4b3K3L3_coordination,coordination,"n:t4:obs0,0,0,0:af2:rf2",4,z:t4:q0,4|0|2|2,"th0:ao0,0,0,0",1,0,2,1.0,-1.0,2.0,replan,0
discovery_grid_T4b3K3L3_coordination,coordination,"n:t4:obs0,1,1,0:af2:rf2",4,z:t4:q0,4|0|2|2,"th2:ao2,1,2,1",1,0,2,1.0,1.0,0.0,continue,-1
discovery_grid_T4b3K3L3_coordination,coordination,"n:t4:obs0,0,1,1:af2:rf2",4,z:t4:q1,4|1|2|2,"th1:ao1,2,1,2",1,0,2,1.0,-1.0,2.0,replan,1
discovery_grid_T5b2K2L2_coordination,coordination,n:t1:obs0:af0:rf1,1,z:t1:q0,1|0|0|1,th0:ao0,2,4,1,4.0,4.0,0.0,continue,-1
discovery_grid_T5b2K2L2_coordination,coordination,n:t1:obs0:af1:rf1,1,z:t1:q0,1|0|1|1,th0:ao0,2,4,1,4.0,2.0,2.0,replan,0
discovery_grid_T5b2K2L2_coordination,coordination,"n:t2:obs0,0:af0:rf1",2,z:t2:q0,2|0|0|1,"th0:ao0,0",2,3,1,3.0,3.0,0.0,continue,-1
discovery_grid_T5b2K2L2_coordination,coordination,"n:t2:obs0,0:af1:rf1",2,z:t2:q0,2|0|1|1,"th0:ao0,0",2,3,1,3.0,1.0,2.0,replan,0
discovery_grid_T5b2K2L2_coordination,coordination,"n:t3:obs0,0,0:af0:rf1",3,z:t3:q0,3|0|0|1,"th0:ao0,0,0",2,2,1,2.0,2.0,0.0,continue,-1
discovery_grid_T5b2K2L2_coordination,coordination,"n:t3:obs0,0,0:af1:rf1",3,z:t3:q0,3|0|1|1,"th0:ao0,0,0",2,2,1,2.0,0.0,2.0,replan,0
discovery_grid_T5b2K2L2_coordination,coordination,"n:t4:obs0,0,0,0:af0:rf1",4,z:t4:q0,4|0|0|1,"th0:ao0,0,0,0",2,1,1,1.0,1.0,0.0,continue,-1
discovery_grid_T5b2K2L2_coordination,coordination,"n:t4:obs0,0,0,0:af1:rf1",4,z:t4:q0,4|0|1|1,"th0:ao0,0,0,0",2,1,1,1.0,-1.0,2.0,replan,0
discovery_grid_T5b2K2L2_coordination,coordination,"n:t5:obs0,0,0,0,0:af0:rf1",5,z:t5:q0,5|0|0|1,"th0:ao0,0,0,0,0",2,0,1,1.0,1.0,0.0,continue,-1
discovery_grid_T5b2K2L2_coordination,coordination,"n:t5:obs0,0,0,0,0:af1:rf1",5,z:t5:q0,5|0|1|1,"th0:ao0,0,0,0,0",2,0,1,1.0,-1.0,2.0,replan,0
discovery_grid_T5b2K2L3_coordination,coordination,n:t1:obs0:af0:rf2,1,z:t1:q0,1|0|0|2,th0:ao0,2,4,2,4.0,4.0,0.0,continue,-1
discovery_grid_T5b2K2L3_coordination,coordination,n:t1:obs0:af1:rf2,1,z:t1:q0,1|0|1|2,th0:ao0,2,4,2,4.0,2.0,2.0,replan,0
discovery_grid_T5b2K2L3_coordination,coordination,"n:t2:obs0,0:af0:rf1",2,z:t2:q0,2|0|0|1,"th0:ao0,0",2,3,1,3.0,3.0,0.0,continue,-1
discovery_grid_T5b2K2L3_coordination,coordination,"n:t2:obs0,0:af0:rf2",2,z:t2:q0,2|0|0|2,"th0:ao0,0",2,3,2,3.0,3.0,0.0,continue,-1
discovery_grid_T5b2K2L3_coordination,coordination,"n:t2:obs0,0:af1:rf1",2,z:t2:q0,2|0|1|1,"th0:ao0,0",2,3,1,3.0,1.0,2.0,replan,0
discovery_grid_T5b2K2L3_coordination,coordination,"n:t2:obs0,0:af1:rf2",2,z:t2:q0,2|0|1|2,"th0:ao0,0",2,3,2,3.0,1.0,2.0,replan,0
discovery_grid_T5b2K2L3_coordination,coordination,"n:t3:obs0,0,0:af0:rf1",3,z:t3:q0,3|0|0|1,"th0:ao0,0,0",2,2,1,2.0,2.0,0.0,continue,-1
discovery_grid_T5b2K2L3_coordination,coordination,"n:t3:obs0,0,0:af0:rf2",3,z:t3:q0,3|0|0|2,"th0:ao0,0,0",2,2,2,2.0,2.0,0.0,continue,-1
discovery_grid_T5b2K2L3_coordination,coordination,"n:t3:obs0,0,0:af1:rf1",3,z:t3:q0,3|0|1|1,"th0:ao0,0,0",2,2,1,2.0,0.0,2.0,replan,0
discovery_grid_T5b2K2L3_coordination,coordination,"n:t3:obs0,0,0:af1:rf2",3,z:t3:q0,3|0|1|2,"th0:ao0,0,0",2,2,2,2.0,0.0,2.0,replan,0
discovery_grid_T5b2K2L3_coordination,coordination,"n:t4:obs0,0,0,0:af0:rf1",4,z:t4:q0,4|0|0|1,"th0:ao0,0,0,0",2,1,1,1.0,1.0,0.0,continue,-1
discovery_grid_T5b2K2L3_coordination,coordination,"n:t4:obs0,0,0,0:af0:rf2",4,z:t4:q0,4|0|0|2,"th0:ao0,0,0,0",2,1,2,1.0,1.0,0.0,continue,-1
discovery_grid_T5b2K2L3_coordination,coordination,"n:t4:obs0,0,0,0:af1:rf1",4,z:t4:q0,4|0|1|1,"th0:ao0,0,0,0",2,1,1,1.0,-1.0,2.0,replan,0
discovery_grid_T5b2K2L3_coordination,coordination,"n:t4:obs0,0,0,0:af1:rf2",4,z:t4:q0,4|0|1|2,"th0:ao0,0,0,0",2,1,2,1.0,-1.0,2.0,replan,0
discovery_grid_T5b2K2L3_coordination,coordination,"n:t5:obs0,0,0,0,0:af0:rf1",5,z:t5:q0,5|0|0|1,"th0:ao0,0,0,0,0",2,0,1,1.0,1.0,0.0,continue,-1
discovery_grid_T5b2K2L3_coordination,coordination,"n:t5:obs0,0,0,0,0:af0:rf2",5,z:t5:q0,5|0|0|2,"th0:ao0,0,0,0,0",2,0,2,1.0,1.0,0.0,continue,-1
discovery_grid_T5b2K2L3_coordination,coordination,"n:t5:obs0,0,0,0,0:af1:rf1",5,z:t5:q0,5|0|1|1,"th0:ao0,0,0,0,0",2,0,1,1.0,-1.0,2.0,replan,0
discovery_grid_T5b2K2L3_coordination,coordination,"n:t5:obs0,0,0,0,0:af1:rf2",5,z:t5:q0,5|0|1|2,"th0:ao0,0,0,0,0",2,0,2,1.0,-1.0,2.0,replan,0
discovery_grid_T5b2K3L2_coordination,coordination,n:t1:obs0:af0:rf1,1,z:t1:q0,1|0|0|1,th0:ao0,3,4,1,4.0,4.0,0.0,continue,-1
discovery_grid_T5b2K3L2_coordination,coordination,n:t1:obs0:af1:rf1,1,z:t1:q0,1|0|1|1,th0:ao0,3,4,1,4.0,2.0,2.0,replan,0
discovery_grid_T5b2K3L2_coordination,coordination,"n:t2:obs0,0:af0:rf1",2,z:t2:q0,2|0|0|1,"th0:ao0,0",3,3,1,3.0,3.0,0.0,continue,-1
discovery_grid_T5b2K3L2_coordination,coordination,"n:t2:obs0,0:af1:rf1",2,z:t2:q0,2|0|1|1,"th0:ao0,0",3,3,1,3.0,1.0,2.0,replan,0
discovery_grid_T5b2K3L2_coordination,coordination,"n:t3:obs0,0,0:af0:rf1",3,z:t3:q0,3|0|0|1,"th0:ao0,0,0",3,2,1,2.0,2.0,0.0,continue,-1
discovery_grid_T5b2K3L2_coordination,coordination,"n:t3:obs0,0,0:af1:rf1",3,z:t3:q0,3|0|1|1,"th0:ao0,0,0",3,2,1,2.0,0.0,2.0,replan,0
discovery_grid_T5b2K3L2_coordination,coordination,"n:t4:obs0,0,0,0:af0:rf1",4,z:t4:q0,4|0|0|1,"th0:ao0,0,0,0",3,1,1,1.0,1.0,0.0,continue,-1
discovery_grid_T5b2K3L2_coordination,coordination,"n:t4:obs0,0,0,0:af1:rf1",4,z:t4:q0,4|0|1|1,"th0:ao0,0,0,0",3,1,1,1.0,-1.0,2.0,replan,0
discovery_grid_T5b2K3L2_coordination,coordination,"n:t5:obs0,0,0,0,0:af0:rf1",5,z:t5:q0,5|0|0|1,"th0:ao0,0,0,0,0",3,0,1,1.0,1.0,0.0,continue,-1
discovery_grid_T5b2K3L2_coordination,coordination,"n:t5:obs0,0,0,0,0:af1:rf1",5,z:t5:q0,5|0|1|1,"th0:ao0,0,0,0,0",3,0,1,1.0,-1.0,2.0,replan,0
discovery_grid_T5b2K3L3_coordination,coordination,n:t1:obs0:af0:rf2,1,z:t1:q0,1|0|0|2,th0:ao0,3,4,2,4.0,4.0,0.0,continue,-1
discovery_grid_T5b2K3L3_coordination,coordination,n:t1:obs0:af1:rf2,1,z:t1:q0,1|0|1|2,th0:ao0,3,4,2,4.0,2.0,2.0,replan,0
discovery_grid_T5b2K3L3_coordination,coordination,"n:t2:obs0,0:af0:rf1",2,z:t2:q0,2|0|0|1,"th0:ao0,0",3,3,1,3.0,3.0,0.0,continue,-1
discovery_grid_T5b2K3L3_coordination,coordination,"n:t2:obs0,0:af0:rf2",2,z:t2:q0,2|0|0|2,"th0:ao0,0",3,3,2,3.0,3.0,0.0,continue,-1
discovery_grid_T5b2K3L3_coordination,coordination,"n:t2:obs0,0:af1:rf1",2,z:t2:q0,2|0|1|1,"th0:ao0,0",3,3,1,3.0,1.0,2.0,replan,0
discovery_grid_T5b2K3L3_coordination,coordination,"n:t2:obs0,0:af1:rf2",2,z:t2:q0,2|0|1|2,"th0:ao0,0",3,3,2,3.0,1.0,2.0,replan,0
discovery_grid_T5b2K3L3_coordination,coordination,"n:t3:obs0,0,0:af0:rf1",3,z:t3:q0,3|0|0|1,"th0:ao0,0,0",3,2,1,2.0,2.0,0.0,continue,-1
discovery_grid_T5b2K3L3_coordination,coordination,"n:t3:obs0,0,0:af0:rf2",3,z:t3:q0,3|0|0|2,"th0:ao0,0,0",3,2,2,2.0,2.0,0.0,continue,-1
discovery_grid_T5b2K3L3_coordination,coordination,"n:t3:obs0,0,0:af1:rf1",3,z:t3:q0,3|0|1|1,"th0:ao0,0,0",3,2,1,2.0,0.0,2.0,replan,0
discovery_grid_T5b2K3L3_coordination,coordination,"n:t3:obs0,0,0:af1:rf2",3,z:t3:q0,3|0|1|2,"th0:ao0,0,0",3,2,2,2.0,0.0,2.0,replan,0
discovery_grid_T5b2K3L3_coordination,coordination,"n:t4:obs0,0,0,0:af0:rf1",4,z:t4:q0,4|0|0|1,"th0:ao0,0,0,0",3,1,1,1.0,1.0,0.0,continue,-1
discovery_grid_T5b2K3L3_coordination,coordination,"n:t4:obs0,0,0,0:af0:rf2",4,z:t4:q0,4|0|0|2,"th0:ao0,0,0,0",3,1,2,1.0,1.0,0.0,continue,-1
discovery_grid_T5b2K3L3_coordination,coordination,"n:t4:obs0,0,0,0:af1:rf1",4,z:t4:q0,4|0|1|1,"th0:ao0,0,0,0",3,1,1,1.0,-1.0,2.0,replan,0
discovery_grid_T5b2K3L3_coordination,coordination,"n:t4:obs0,0,0,0:af1:rf2",4,z:t4:q0,4|0|1|2,"th0:ao0,0,0,0",3,1,2,1.0,-1.0,2.0,replan,0
discovery_grid_T5b2K3L3_coordination,coordination,"n:t5:obs0,0,0,0,0:af0:rf1",5,z:t5:q0,5|0|0|1,"th0:ao0,0,0,0,0",3,0,1,1.0,1.0,0.0,continue,-1
discovery_grid_T5b2K3L3_coordination,coordination,"n:t5:obs0,0,0,0,0:af0:rf2",5,z:t5:q0,5|0|0|2,"th0:ao0,0,0,0,0",3,0,2,1.0,1.0,0.0,continue,-1
discovery_grid_T5b2K3L3_coordination,coordination,"n:t5:obs0,0,0,0,0:af1:rf1",5,z:t5:q0,5|0|1|1,"th0:ao0,0,0,0,0",3,0,1,1.0,-1.0,2.0,replan,0
discovery_grid_T5b2K3L3_coordination,coordination,"n:t5:obs0,0,0,0,0:af1:rf2",5,z:t5:q0,5|0|1|2,"th0:ao0,0,0,0,0",3,0,2,1.0,-1.0,2.0,replan,0
discovery_grid_T5b3K2L2_coordination,coordination,n:t1:obs0:af0:rf1,1,z:t1:q0,1|0|0|1,th0:ao0,2,4,1,2.0,2.0,0.0,continue,-1
discovery_grid_T5b3K2L2_coordination,coordination,n:t1:obs0:af1:rf1,1,z:t1:q0,1|0|1|1,th0:ao0,2,4,1,2.0,1.0,1.0,replan,0
discovery_grid_T5b3K2L2_coordination,coordination,n:t1:obs0:af2:rf1,1,z:t1:q0,1|0|2|1,th0:ao0,2,4,1,2.0,2.0,0.0,continue,-1
discovery_grid_T5b3K2L2_coordination,coordination,"n:t2:obs0,0:af0:rf1",2,z:t2:q0,2|0|0|1,"th0:ao0,0",2,3,1,2.0,2.0,0.0,continue,-1
discovery_grid_T5b3K2L2_coordination,coordination,"n:t2:obs0,0:af1:rf1",2,z:t2:q0,2|0|1|1,"th0:ao0,0",2,3,1,2.0,2.0,0.0,continue,-1
discovery_grid_T5b3K2L2_coordination,coordination,"n:t2:obs0,0:af2:rf1",2,z:t2:q0,2|0|2|1,"th0:ao0,0",2,3,1,2.0,1.0,1.0,replan,0
discovery_grid_T5b3K2L2_coordination,coordination,"n:t3:obs0,0,0:af0:rf1",3,z:t3:q0,3|0|0|1,"th0:ao0,0,0",1,2,1,2.0,2.0,0.0,continue,-1
discovery_grid_T5b3K2L2_coordination,coordination,"n:t3:obs0,0,1:af0:rf1",3,z:t3:q1,3|1|0|1,"th1:ao1,2,1",1,2,1,2.0,0.0,2.0,replan,2
discovery_grid_T5b3K2L2_coordination,coordination,"n:t3:obs0,0,0:af1:rf1",3,z:t3:q0,3|0|1|1,"th0:ao0,0,0",1,2,1,2.0,0.0,2.0,replan,0
discovery_grid_T5b3K2L2_coordination,coordination,"n:t3:obs0,0,1:af1:rf1",3,z:t3:q1,3|1|1|1,"th1:ao1,2,1",1,2,1,2.0,0.0,2.0,replan,2
discovery_grid_T5b3K2L2_coordination,coordination,"n:t3:obs0,0,0:af2:rf1",3,z:t3:q0,3|0|2|1,"th0:ao0,0,0",1,2,1,2.0,0.0,2.0,replan,0
discovery_grid_T5b3K2L2_coordination,coordination,"n:t3:obs0,0,1:af2:rf1",3,z:t3:q1,3|1|2|1,"th1:ao1,2,1",1,2,1,2.0,2.0,0.0,continue,-1
discovery_grid_T5b3K2L2_coordination,coordination,"n:t4:obs0,0,0,0:af0:rf1",4,z:t4:q0,4|0|0|1,"th0:ao0,0,0,0",1,1,1,1.0,1.0,0.0,continue,-1
discovery_grid_T5b3K2L2_coordination,coordination,"n:t4:obs0,0,1,1:af0:rf1",4,z:t4:q1,4|1|0|1,"th1:ao1,2,1,2",1,1,1,1.0,-1.0,2.0,replan,1
discovery_grid_T5b3K2L2_coordination,coordination,"n:t4:obs0,0,0,0:af1:rf1",4,z:t4:q0,4|0|1|1,"th0:ao0,0,0,0",1,1,1,1.0,-1.0,2.0,replan,0
discovery_grid_T5b3K2L2_coordination,coordination,"n:t4:obs0,0,1,1:af1:rf1",4,z:t4:q1,4|1|1|1,"th1:ao1,2,1,2",1,1,1,1.0,1.0,0.0,continue,-1
discovery_grid_T5b3K2L2_coordination,coordination,"n:t4:obs0,0,0,0:af2:rf1",4,z:t4:q0,4|0|2|1,"th0:ao0,0,0,0",1,1,1,1.0,-1.0,2.0,replan,0
discovery_grid_T5b3K2L2_coordination,coordination,"n:t4:obs0,0,1,1:af2:rf1",4,z:t4:q1,4|1|2|1,"th1:ao1,2,1,2",1,1,1,1.0,-1.0,2.0,replan,1
discovery_grid_T5b3K2L2_coordination,coordination,"n:t5:obs0,0,0,0,0:af0:rf1",5,z:t5:q0,5|0|0|1,"th0:ao0,0,0,0,0",1,0,1,1.0,1.0,0.0,continue,-1
discovery_grid_T5b3K2L2_coordination,coordination,"n:t5:obs0,0,1,1,0:af0:rf1",5,z:t5:q0,5|0|0|1,"th1:ao1,2,1,2,1",1,0,1,1.0,-1.0,2.0,replan,2
discovery_grid_T5b3K2L2_coordination,coordination,"n:t5:obs0,0,0,0,0:af1:rf1",5,z:t5:q0,5|0|1|1,"th0:ao0,0,0,0,0",1,0,1,1.0,-1.0,2.0,replan,0
discovery_grid_T5b3K2L2_coordination,coordination,"n:t5:obs0,0,1,1,0:af1:rf1",5,z:t5:q0,5|0|1|1,"th1:ao1,2,1,2,1",1,0,1,1.0,-1.0,2.0,replan,2
discovery_grid_T5b3K2L2_coordination,coordination,"n:t5:obs0,0,0,0,0:af2:rf1",5,z:t5:q0,5|0|2|1,"th0:ao0,0,0,0,0",1,0,1,1.0,-1.0,2.0,replan,0
discovery_grid_T5b3K2L2_coordination,coordination,"n:t5:obs0,0,1,1,0:af2:rf1",5,z:t5:q0,5|0|2|1,"th1:ao1,2,1,2,1",1,0,1,1.0,1.0,0.0,continue,-1
discovery_grid_T5b3K2L3_coordination,coordination,n:t1:obs0:af0:rf2,1,z:t1:q0,1|0|0|2,th0:ao0,2,4,2,2.0,2.0,0.0,continue,-1
discovery_grid_T5b3K2L3_coordination,coordination,n:t1:obs0:af1:rf2,1,z:t1:q0,1|0|1|2,th0:ao0,2,4,2,2.0,1.0,1.0,replan,0
discovery_grid_T5b3K2L3_coordination,coordination,n:t1:obs0:af2:rf2,1,z:t1:q0,1|0|2|2,th0:ao0,2,4,2,2.0,2.0,0.0,continue,-1
discovery_grid_T5b3K2L3_coordination,coordination,"n:t2:obs0,0:af0:rf1",2,z:t2:q0,2|0|0|1,"th0:ao0,0",2,3,1,2.0,2.0,0.0,continue,-1
discovery_grid_T5b3K2L3_coordination,coordination,"n:t2:obs0,0:af0:rf2",2,z:t2:q0,2|0|0|2,"th0:ao0,0",2,3,2,2.0,2.0,0.0,continue,-1
discovery_grid_T5b3K2L3_coordination,coordination,"n:t2:obs0,0:af1:rf1",2,z:t2:q0,2|0|1|1,"th0:ao0,0",2,3,1,2.0,2.0,0.0,continue,-1
discovery_grid_T5b3K2L3_coordination,coordination,"n:t2:obs0,0:af1:rf2",2,z:t2:q0,2|0|1|2,"th0:ao0,0",2,3,2,2.0,2.0,0.0,continue,-1
discovery_grid_T5b3K2L3_coordination,coordination,"n:t2:obs0,0:af2:rf1",2,z:t2:q0,2|0|2|1,"th0:ao0,0",2,3,1,2.0,1.0,1.0,replan,0
discovery_grid_T5b3K2L3_coordination,coordination,"n:t2:obs0,0:af2:rf2",2,z:t2:q0,2|0|2|2,"th0:ao0,0",2,3,2,2.0,1.0,1.0,replan,0
discovery_grid_T5b3K2L3_coordination,coordination,"n:t3:obs0,0,0:af0:rf1",3,z:t3:q0,3|0|0|1,"th0:ao0,0,0",1,2,1,2.0,2.0,0.0,continue,-1
discovery_grid_T5b3K2L3_coordination,coordination,"n:t3:obs0,0,1:af0:rf1",3,z:t3:q1,3|1|0|1,"th1:ao1,2,1",1,2,1,2.0,0.0,2.0,replan,2
discovery_grid_T5b3K2L3_coordination,coordination,"n:t3:obs0,0,0:af0:rf2",3,z:t3:q0,3|0|0|2,"th0:ao0,0,0",1,2,2,2.0,2.0,0.0,continue,-1
discovery_grid_T5b3K2L3_coordination,coordination,"n:t3:obs0,0,1:af0:rf2",3,z:t3:q1,3|1|0|2,"th1:ao1,2,1",1,2,2,2.0,0.0,2.0,replan,2
discovery_grid_T5b3K2L3_coordination,coordination,"n:t3:obs0,0,0:af1:rf1",3,z:t3:q0,3|0|1|1,"th0:ao0,0,0",1,2,1,2.0,0.0,2.0,replan,0
discovery_grid_T5b3K2L3_coordination,coordination,"n:t3:obs0,0,1:af1:rf1",3,z:t3:q1,3|1|1|1,"th1:ao1,2,1",1,2,1,2.0,0.0,2.0,replan,2
discovery_grid_T5b3K2L3_coordination,coordination,"n:t3:obs0,0,0:af1:rf2",3,z:t3:q0,3|0|1|2,"th0:ao0,0,0",1,2,2,2.0,0.0,2.0,replan,0
discovery_grid_T5b3K2L3_coordination,coordination,"n:t3:obs0,0,1:af1:rf2",3,z:t3:q1,3|1|1|2,"th1:ao1,2,1",1,2,2,2.0,0.0,2.0,replan,2
discovery_grid_T5b3K2L3_coordination,coordination,"n:t3:obs0,0,0:af2:rf1",3,z:t3:q0,3|0|2|1,"th0:ao0,0,0",1,2,1,2.0,0.0,2.0,replan,0
discovery_grid_T5b3K2L3_coordination,coordination,"n:t3:obs0,0,1:af2:rf1",3,z:t3:q1,3|1|2|1,"th1:ao1,2,1",1,2,1,2.0,2.0,0.0,continue,-1
discovery_grid_T5b3K2L3_coordination,coordination,"n:t3:obs0,0,0:af2:rf2",3,z:t3:q0,3|0|2|2,"th0:ao0,0,0",1,2,2,2.0,0.0,2.0,replan,0
discovery_grid_T5b3K2L3_coordination,coordination,"n:t3:obs0,0,1:af2:rf2",3,z:t3:q1,3|1|2|2,"th1:ao1,2,1",1,2,2,2.0,2.0,0.0,continue,-1
discovery_grid_T5b3K2L3_coordination,coordination,"n:t4:obs0,0,0,0:af0:rf1",4,z:t4:q0,4|0|0|1,"th0:ao0,0,0,0",1,1,1,1.0,1.0,0.0,continue,-1
discovery_grid_T5b3K2L3_coordination,coordination,"n:t4:obs0,0,1,1:af0:rf1",4,z:t4:q1,4|1|0|1,"th1:ao1,2,1,2",1,1,1,1.0,-1.0,2.0,replan,1
discovery_grid_T5b3K2L3_coordination,coordination,"n:t4:obs0,0,0,0:af0:rf2",4,z:t4:q0,4|0|0|2,"th0:ao0,0,0,0",1,1,2,1.0,1.0,0.0,continue,-1
discovery_grid_T5b3K2L3_coordination,coordination,"n:t4:obs0,0,1,1:af0:rf2",4,z:t4:q1,4|1|0|2,"th1:ao1,2,1,2",1,1,2,1.0,-1.0,2.0,replan,1
discovery_grid_T5b3K2L3_coordination,coordination,"n:t4:obs0,0,0,0:af1:rf1",4,z:t4:q0,4|0|1|1,"th0:ao0,0,0,0",1,1,1,1.0,-1.0,2.0,replan,0
discovery_grid_T5b3K2L3_coordination,coordination,"n:t4:obs0,0,1,1:af1:rf1",4,z:t4:q1,4|1|1|1,"th1:ao1,2,1,2",1,1,1,1.0,1.0,0.0,continue,-1
discovery_grid_T5b3K2L3_coordination,coordination,"n:t4:obs0,0,0,0:af1:rf2",4,z:t4:q0,4|0|1|2,"th0:ao0,0,0,0",1,1,2,1.0,-1.0,2.0,replan,0
discovery_grid_T5b3K2L3_coordination,coordination,"n:t4:obs0,0,1,1:af1:rf2",4,z:t4:q1,4|1|1|2,"th1:ao1,2,1,2",1,1,2,1.0,1.0,0.0,continue,-1
discovery_grid_T5b3K2L3_coordination,coordination,"n:t4:obs0,0,0,0:af2:rf1",4,z:t4:q0,4|0|2|1,"th0:ao0,0,0,0",1,1,1,1.0,-1.0,2.0,replan,0
discovery_grid_T5b3K2L3_coordination,coordination,"n:t4:obs0,0,1,1:af2:rf1",4,z:t4:q1,4|1|2|1,"th1:ao1,2,1,2",1,1,1,1.0,-1.0,2.0,replan,1
discovery_grid_T5b3K2L3_coordination,coordination,"n:t4:obs0,0,0,0:af2:rf2",4,z:t4:q0,4|0|2|2,"th0:ao0,0,0,0",1,1,2,1.0,-1.0,2.0,replan,0
discovery_grid_T5b3K2L3_coordination,coordination,"n:t4:obs0,0,1,1:af2:rf2",4,z:t4:q1,4|1|2|2,"th1:ao1,2,1,2",1,1,2,1.0,-1.0,2.0,replan,1
discovery_grid_T5b3K2L3_coordination,coordination,"n:t5:obs0,0,0,0,0:af0:rf1",5,z:t5:q0,5|0|0|1,"th0:ao0,0,0,0,0",1,0,1,1.0,1.0,0.0,continue,-1
discovery_grid_T5b3K2L3_coordination,coordination,"n:t5:obs0,0,1,1,0:af0:rf1",5,z:t5:q0,5|0|0|1,"th1:ao1,2,1,2,1",1,0,1,1.0,-1.0,2.0,replan,2
discovery_grid_T5b3K2L3_coordination,coordination,"n:t5:obs0,0,0,0,0:af0:rf2",5,z:t5:q0,5|0|0|2,"th0:ao0,0,0,0,0",1,0,2,1.0,1.0,0.0,continue,-1
discovery_grid_T5b3K2L3_coordination,coordination,"n:t5:obs0,0,1,1,0:af0:rf2",5,z:t5:q0,5|0|0|2,"th1:ao1,2,1,2,1",1,0,2,1.0,-1.0,2.0,replan,2
discovery_grid_T5b3K2L3_coordination,coordination,"n:t5:obs0,0,0,0,0:af1:rf1",5,z:t5:q0,5|0|1|1,"th0:ao0,0,0,0,0",1,0,1,1.0,-1.0,2.0,replan,0
discovery_grid_T5b3K2L3_coordination,coordination,"n:t5:obs0,0,1,1,0:af1:rf1",5,z:t5:q0,5|0|1|1,"th1:ao1,2,1,2,1",1,0,1,1.0,-1.0,2.0,replan,2
discovery_grid_T5b3K2L3_coordination,coordination,"n:t5:obs0,0,0,0,0:af1:rf2",5,z:t5:q0,5|0|1|2,"th0:ao0,0,0,0,0",1,0,2,1.0,-1.0,2.0,replan,0
discovery_grid_T5b3K2L3_coordination,coordination,"n:t5:obs0,0,1,1,0:af1:rf2",5,z:t5:q0,5|0|1|2,"th1:ao1,2,1,2,1",1,0,2,1.0,-1.0,2.0,replan,2
discovery_grid_T5b3K2L3_coordination,coordination,"n:t5:obs0,0,0,0,0:af2:rf1",5,z:t5:q0,5|0|2|1,"th0:ao0,0,0,0,0",1,0,1,1.0,-1.0,2.0,replan,0
discovery_grid_T5b3K2L3_coordination,coordination,"n:t5:obs0,0,1,1,0:af2:rf1",5,z:t5:q0,5|0|2|1,"th1:ao1,2,1,2,1",1,0,1,1.0,1.0,0.0,continue,-1
discovery_grid_T5b3K2L3_coordination,coordination,"n:t5:obs0,0,0,0,0:af2:rf2",5,z:t5:q0,5|0|2|2,"th0:ao0,0,0,0,0",1,0,2,1.0,-1.0,2.0,replan,0
discovery_grid_T5b3K2L3_coordination,coordination,"n:t5:obs0,0,1,1,0:af2:rf2",5,z:t5:q0,5|0|2|2,"th1:ao1,2,1,2,1",1,0,2,1.0,1.0,0.0,continue,-1
discovery_grid_T5b3K3L2_coordination,coordination,n:t1:obs0:af0:rf1,1,z:t1:q0,1|0|0|1,th0:ao0,3,4,1,2.0,2.0,0.0,continue,-1
discovery_grid_T5b3K3L2_coordination,coordination,n:t1:obs0:af1:rf1,1,z:t1:q0,1|0|1|1,th0:ao0,3,4,1,2.0,2.0,0.0,continue,-1
discovery_grid_T5b3K3L2_coordination,coordination,n:t1:obs0:af2:rf1,1,z:t1:q0,1|0|2|1,th0:ao0,3,4,1,2.0,2.0,0.0,continue,-1
discovery_grid_T5b3K3L2_coordination,coordination,"n:t2:obs0,0:af0:rf1",2,z:t2:q0,2|0|0|1,"th0:ao0,0",2,3,1,2.0,2.0,0.0,continue,-1
discovery_grid_T5b3K3L2_coordination,coordination,"n:t2:obs0,1:af0:rf1",2,z:t2:q1,2|1|0|1,"th2:ao2,1",1,3,1,3.0,1.0,2.0,replan,2
discovery_grid_T5b3K3L2_coordination,coordination,"n:t2:obs0,0:af1:rf1",2,z:t2:q0,2|0|1|1,"th0:ao0,0",2,3,1,2.0,2.0,0.0,continue,-1
discovery_grid_T5b3K3L2_coordination,coordination,"n:t2:obs0,1:af1:rf1",2,z:t2:q1,2|1|1|1,"th2:ao2,1",1,3,1,3.0,1.0,2.0,replan,2
discovery_grid_T5b3K3L2_coordination,coordination,"n:t2:obs0,0:af2:rf1",2,z:t2:q0,2|0|2|1,"th0:ao0,0",2,3,1,2.0,1.0,1.0,replan,0
discovery_grid_T5b3K3L2_coordination,coordination,"n:t2:obs0,1:af2:rf1",2,z:t2:q1,2|1|2|1,"th2:ao2,1",1,3,1,3.0,3.0,0.0,continue,-1
discovery_grid_T5b3K3L2_coordination,coordination,"n:t3:obs0,0,0:af0:rf1",3,z:t3:q0,3|0|0|1,"th0:ao0,0,0",1,2,1,2.0,2.0,0.0,continue,-1
discovery_grid_T5b3K3L2_coordination,coordination,"n:t3:obs0,0,1:af0:rf1",3,z:t3:q1,3|1|0|1,"th1:ao1,2,1",1,2,1,2.0,0.0,2.0,replan,2
discovery_grid_T5b3K3L2_coordination,coordination,"n:t3:obs0,1,1:af0:rf1",3,z:t3:q1,3|1|0|1,"th2:ao2,1,2",1,2,1,2.0,0.0,2.0,replan,1
discovery_grid_T5b3K3L2_coordination,coordination,"n:t3:obs0,0,0:af1:rf1",3,z:t3:q0,3|0|1|1,"th0:ao0,0,0",1,2,1,2.0,0.0,2.0,replan,0
discovery_grid_T5b3K3L2_coordination,coordination,"n:t3:obs0,0,1:af1:rf1",3,z:t3:q1,3|1|1|1,"th1:ao1,2,1",1,2,1,2.0,0.0,2.0,replan,2
discovery_grid_T5b3K3L2_coordination,coordination,"n:t3:obs0,1,1:af1:rf1",3,z:t3:q1,3|1|1|1,"th2:ao2,1,2",1,2,1,2.0,2.0,0.0,continue,-1
discovery_grid_T5b3K3L2_coordination,coordination,"n:t3:obs0,0,0:af2:rf1",3,z:t3:q0,3|0|2|1,"th0:ao0,0,0",1,2,1,2.0,0.0,2.0,replan,0
discovery_grid_T5b3K3L2_coordination,coordination,"n:t3:obs0,0,1:af2:rf1",3,z:t3:q1,3|1|2|1,"th1:ao1,2,1",1,2,1,2.0,2.0,0.0,continue,-1
discovery_grid_T5b3K3L2_coordination,coordination,"n:t3:obs0,1,1:af2:rf1",3,z:t3:q1,3|1|2|1,"th2:ao2,1,2",1,2,1,2.0,0.0,2.0,replan,1
discovery_grid_T5b3K3L2_coordination,coordination,"n:t4:obs0,0,0,0:af0:rf1",4,z:t4:q0,4|0|0|1,"th0:ao0,0,0,0",1,1,1,1.0,1.0,0.0,continue,-1
discovery_grid_T5b3K3L2_coordination,coordination,"n:t4:obs0,1,1,0:af0:rf1",4,z:t4:q0,4|0|0|1,"th2:ao2,1,2,1",1,1,1,1.0,-1.0,2.0,replan,2
discovery_grid_T5b3K3L2_coordination,coordination,"n:t4:obs0,0,1,1:af0:rf1",4,z:t4:q1,4|1|0|1,"th1:ao1,2,1,2",1,1,1,1.0,-1.0,2.0,replan,1
discovery_grid_T5b3K3L2_coordination,coordination,"n:t4:obs0,0,0,0:af1:rf1",4,z:t4:q0,4|0|1|1,"th0:ao0,0,0,0",1,1,1,1.0,-1.0,2.0,replan,0
discovery_grid_T5b3K3L2_coordination,coordination,"n:t4:obs0,1,1,0:af1:rf1",4,z:t4:q0,4|0|1|1,"th2:ao2,1,2,1",1,1,1,1.0,-1.0,2.0,replan,2
discovery_grid_T5b3K3L2_coordination,coordination,"n:t4:obs0,0,1,1:af1:rf1",4,z:t4:q1,4|1|1|1,"th1:ao1,2,1,2",1,1,1,1.0,1.0,0.0,continue,-1
discovery_grid_T5b3K3L2_coordination,coordination,"n:t4:obs0,0,0,0:af2:rf1",4,z:t4:q0,4|0|2|1,"th0:ao0,0,0,0",1,1,1,1.0,-1.0,2.0,replan,0
discovery_grid_T5b3K3L2_coordination,coordination,"n:t4:obs0,1,1,0:af2:rf1",4,z:t4:q0,4|0|2|1,"th2:ao2,1,2,1",1,1,1,1.0,1.0,0.0,continue,-1
discovery_grid_T5b3K3L2_coordination,coordination,"n:t4:obs0,0,1,1:af2:rf1",4,z:t4:q1,4|1|2|1,"th1:ao1,2,1,2",1,1,1,1.0,-1.0,2.0,replan,1
discovery_grid_T5b3K3L2_coordination,coordination,"n:t5:obs0,0,0,0,0:af0:rf1",5,z:t5:q0,5|0|0|1,"th0:ao0,0,0,0,0",1,0,1,1.0,1.0,0.0,continue,-1
discovery_grid_T5b3K3L2_coordination,coordination,"n:t5:obs0,0,1,1,0:af0:rf1",5,z:t5:q0,5|0|0|1,"th1:ao1,2,1,2,1",1,0,1,1.0,-1.0,2.0,replan,2
discovery_grid_T5b3K3L2_coordination,coordination,"n:t5:obs0,1,1,0,0:af0:rf1",5,z:t5:q0,5|0|0|1,"th2:ao2,1,2,1,2",1,0,1,1.0,-1.0,2.0,replan,1
discovery_grid_T5b3K3L2_coordination,coordination,"n:t5:obs0,0,0,0,0:af1:rf1",5,z:t5:q0,5|0|1|1,"th0:ao0,0,0,0,0",1,0,1,1.0,-1.0,2.0,replan,0
discovery_grid_T5b3K3L2_coordination,coordination,"n:t5:obs0,0,1,1,0:af1:rf1",5,z:t5:q0,5|0|1|1,"th1:ao1,2,1,2,1",1,0,1,1.0,-1.0,2.0,replan,2
discovery_grid_T5b3K3L2_coordination,coordination,"n:t5:obs0,1,1,0,0:af1:rf1",5,z:t5:q0,5|0|1|1,"th2:ao2,1,2,1,2",1,0,1,1.0,1.0,0.0,continue,-1
discovery_grid_T5b3K3L2_coordination,coordination,"n:t5:obs0,0,0,0,0:af2:rf1",5,z:t5:q0,5|0|2|1,"th0:ao0,0,0,0,0",1,0,1,1.0,-1.0,2.0,replan,0
discovery_grid_T5b3K3L2_coordination,coordination,"n:t5:obs0,0,1,1,0:af2:rf1",5,z:t5:q0,5|0|2|1,"th1:ao1,2,1,2,1",1,0,1,1.0,1.0,0.0,continue,-1
discovery_grid_T5b3K3L2_coordination,coordination,"n:t5:obs0,1,1,0,0:af2:rf1",5,z:t5:q0,5|0|2|1,"th2:ao2,1,2,1,2",1,0,1,1.0,-1.0,2.0,replan,1
discovery_grid_T5b3K3L3_coordination,coordination,n:t1:obs0:af0:rf2,1,z:t1:q0,1|0|0|2,th0:ao0,3,4,2,2.0,2.0,0.0,continue,-1
discovery_grid_T5b3K3L3_coordination,coordination,n:t1:obs0:af1:rf2,1,z:t1:q0,1|0|1|2,th0:ao0,3,4,2,2.0,2.0,0.0,continue,-1
discovery_grid_T5b3K3L3_coordination,coordination,n:t1:obs0:af2:rf2,1,z:t1:q0,1|0|2|2,th0:ao0,3,4,2,2.0,2.0,0.0,continue,-1
discovery_grid_T5b3K3L3_coordination,coordination,"n:t2:obs0,0:af0:rf1",2,z:t2:q0,2|0|0|1,"th0:ao0,0",2,3,1,2.0,2.0,0.0,continue,-1
discovery_grid_T5b3K3L3_coordination,coordination,"n:t2:obs0,1:af0:rf1",2,z:t2:q1,2|1|0|1,"th2:ao2,1",1,3,1,3.0,1.0,2.0,replan,2
discovery_grid_T5b3K3L3_coordination,coordination,"n:t2:obs0,0:af0:rf2",2,z:t2:q0,2|0|0|2,"th0:ao0,0",2,3,2,2.0,2.0,0.0,continue,-1
discovery_grid_T5b3K3L3_coordination,coordination,"n:t2:obs0,1:af0:rf2",2,z:t2:q1,2|1|0|2,"th2:ao2,1",1,3,2,3.0,1.0,2.0,replan,2
discovery_grid_T5b3K3L3_coordination,coordination,"n:t2:obs0,0:af1:rf1",2,z:t2:q0,2|0|1|1,"th0:ao0,0",2,3,1,2.0,2.0,0.0,continue,-1
discovery_grid_T5b3K3L3_coordination,coordination,"n:t2:obs0,1:af1:rf1",2,z:t2:q1,2|1|1|1,"th2:ao2,1",1,3,1,3.0,1.0,2.0,replan,2
discovery_grid_T5b3K3L3_coordination,coordination,"n:t2:obs0,0:af1:rf2",2,z:t2:q0,2|0|1|2,"th0:ao0,0",2,3,2,2.0,2.0,0.0,continue,-1
discovery_grid_T5b3K3L3_coordination,coordination,"n:t2:obs0,1:af1:rf2",2,z:t2:q1,2|1|1|2,"th2:ao2,1",1,3,2,3.0,1.0,2.0,replan,2
discovery_grid_T5b3K3L3_coordination,coordination,"n:t2:obs0,0:af2:rf1",2,z:t2:q0,2|0|2|1,"th0:ao0,0",2,3,1,2.0,1.0,1.0,replan,0
discovery_grid_T5b3K3L3_coordination,coordination,"n:t2:obs0,1:af2:rf1",2,z:t2:q1,2|1|2|1,"th2:ao2,1",1,3,1,3.0,3.0,0.0,continue,-1
discovery_grid_T5b3K3L3_coordination,coordination,"n:t2:obs0,0:af2:rf2",2,z:t2:q0,2|0|2|2,"th0:ao0,0",2,3,2,2.0,1.0,1.0,replan,0
discovery_grid_T5b3K3L3_coordination,coordination,"n:t2:obs0,1:af2:rf2",2,z:t2:q1,2|1|2|2,"th2:ao2,1",1,3,2,3.0,3.0,0.0,continue,-1
discovery_grid_T5b3K3L3_coordination,coordination,"n:t3:obs0,0,0:af0:rf1",3,z:t3:q0,3|0|0|1,"th0:ao0,0,0",1,2,1,2.0,2.0,0.0,continue,-1
discovery_grid_T5b3K3L3_coordination,coordination,"n:t3:obs0,0,1:af0:rf1",3,z:t3:q1,3|1|0|1,"th1:ao1,2,1",1,2,1,2.0,0.0,2.0,replan,2
discovery_grid_T5b3K3L3_coordination,coordination,"n:t3:obs0,1,1:af0:rf1",3,z:t3:q1,3|1|0|1,"th2:ao2,1,2",1,2,1,2.0,0.0,2.0,replan,1
discovery_grid_T5b3K3L3_coordination,coordination,"n:t3:obs0,0,0:af0:rf2",3,z:t3:q0,3|0|0|2,"th0:ao0,0,0",1,2,2,2.0,2.0,0.0,continue,-1
discovery_grid_T5b3K3L3_coordination,coordination,"n:t3:obs0,0,1:af0:rf2",3,z:t3:q1,3|1|0|2,"th1:ao1,2,1",1,2,2,2.0,0.0,2.0,replan,2
discovery_grid_T5b3K3L3_coordination,coordination,"n:t3:obs0,1,1:af0:rf2",3,z:t3:q1,3|1|0|2,"th2:ao2,1,2",1,2,2,2.0,0.0,2.0,replan,1
discovery_grid_T5b3K3L3_coordination,coordination,"n:t3:obs0,0,0:af1:rf1",3,z:t3:q0,3|0|1|1,"th0:ao0,0,0",1,2,1,2.0,0.0,2.0,replan,0
discovery_grid_T5b3K3L3_coordination,coordination,"n:t3:obs0,0,1:af1:rf1",3,z:t3:q1,3|1|1|1,"th1:ao1,2,1",1,2,1,2.0,0.0,2.0,replan,2
discovery_grid_T5b3K3L3_coordination,coordination,"n:t3:obs0,1,1:af1:rf1",3,z:t3:q1,3|1|1|1,"th2:ao2,1,2",1,2,1,2.0,2.0,0.0,continue,-1
discovery_grid_T5b3K3L3_coordination,coordination,"n:t3:obs0,0,0:af1:rf2",3,z:t3:q0,3|0|1|2,"th0:ao0,0,0",1,2,2,2.0,0.0,2.0,replan,0
discovery_grid_T5b3K3L3_coordination,coordination,"n:t3:obs0,0,1:af1:rf2",3,z:t3:q1,3|1|1|2,"th1:ao1,2,1",1,2,2,2.0,0.0,2.0,replan,2
discovery_grid_T5b3K3L3_coordination,coordination,"n:t3:obs0,1,1:af1:rf2",3,z:t3:q1,3|1|1|2,"th2:ao2,1,2",1,2,2,2.0,2.0,0.0,continue,-1
discovery_grid_T5b3K3L3_coordination,coordination,"n:t3:obs0,0,0:af2:rf1",3,z:t3:q0,3|0|2|1,"th0:ao0,0,0",1,2,1,2.0,0.0,2.0,replan,0
discovery_grid_T5b3K3L3_coordination,coordination,"n:t3:obs0,0,1:af2:rf1",3,z:t3:q1,3|1|2|1,"th1:ao1,2,1",1,2,1,2.0,2.0,0.0,continue,-1
discovery_grid_T5b3K3L3_coordination,coordination,"n:t3:obs0,1,1:af2:rf1",3,z:t3:q1,3|1|2|1,"th2:ao2,1,2",1,2,1,2.0,0.0,2.0,replan,1
discovery_grid_T5b3K3L3_coordination,coordination,"n:t3:obs0,0,0:af2:rf2",3,z:t3:q0,3|0|2|2,"th0:ao0,0,0",1,2,2,2.0,0.0,2.0,replan,0
discovery_grid_T5b3K3L3_coordination,coordination,"n:t3:obs0,0,1:af2:rf2",3,z:t3:q1,3|1|2|2,"th1:ao1,2,1",1,2,2,2.0,2.0,0.0,continue,-1
discovery_grid_T5b3K3L3_coordination,coordination,"n:t3:obs0,1,1:af2:rf2",3,z:t3:q1,3|1|2|2,"th2:ao2,1,2",1,2,2,2.0,0.0,2.0,replan,1
discovery_grid_T5b3K3L3_coordination,coordination,"n:t4:obs0,0,0,0:af0:rf1",4,z:t4:q0,4|0|0|1,"th0:ao0,0,0,0",1,1,1,1.0,1.0,0.0,continue,-1
discovery_grid_T5b3K3L3_coordination,coordination,"n:t4:obs0,1,1,0:af0:rf1",4,z:t4:q0,4|0|0|1,"th2:ao2,1,2,1",1,1,1,1.0,-1.0,2.0,replan,2
discovery_grid_T5b3K3L3_coordination,coordination,"n:t4:obs0,0,1,1:af0:rf1",4,z:t4:q1,4|1|0|1,"th1:ao1,2,1,2",1,1,1,1.0,-1.0,2.0,replan,1
discovery_grid_T5b3K3L3_coordination,coordination,"n:t4:obs0,0,0,0:af0:rf2",4,z:t4:q0,4|0|0|2,"th0:ao0,0,0,0",1,1,2,1.0,1.0,0.0,continue,-1
discovery_grid_T5b3K3L3_coordination,coordination,"n:t4:obs0,1,1,0:af0:rf2",4,z:t4:q0,4|0|0|2,"th2:ao2,1,2,1",1,1,2,1.0,-1.0,2.0,replan,2
discovery_grid_T5b3K3L3_coordination,coordination,"n:t4:obs0,0,1,1:af0:rf2",4,z:t4:q1,4|1|0|2,"th1:ao1,2,1,2",1,1,2,1.0,-1.0,2.0,replan,1
discovery_grid_T5b3K3L3_coordination,coordination,"n:t4:obs0,0,0,0:af1:rf1",4,z:t4:q0,4|0|1|1,"th0:ao0,0,0,0",1,1,1,1.0,-1.0,2.0,replan,0
discovery_grid_T5b3K3L3_coordination,coordination,"n:t4:obs0,1,1,0:af1:rf1",4,z:t4:q0,4|0|1|1,"th2:ao2,1,2,1",1,1,1,1.0,-1.0,2.0,replan,2
discovery_grid_T5b3K3L3_coordination,coordination,"n:t4:obs0,0,1,1:af1:rf1",4,z:t4:q1,4|1|1|1,"th1:ao1,2,1,2",1,1,1,1.0,1.0,0.0,continue,-1
discovery_grid_T5b3K3L3_coordination,coordination,"n:t4:obs0,0,0,0:af1:rf2",4,z:t4:q0,4|0|1|2,"th0:ao0,0,0,0",1,1,2,1.0,-1.0,2.0,replan,0
discovery_grid_T5b3K3L3_coordination,coordination,"n:t4:obs0,1,1,0:af1:rf2",4,z:t4:q0,4|0|1|2,"th2:ao2,1,2,1",1,1,2,1.0,-1.0,2.0,replan,2
discovery_grid_T5b3K3L3_coordination,coordination,"n:t4:obs0,0,1,1:af1:rf2",4,z:t4:q1,4|1|1|2,"th1:ao1,2,1,2",1,1,2,1.0,1.0,0.0,continue,-1
discovery_grid_T5b3K3L3_coordination,coordination,"n:t4:obs0,0,0,0:af2:rf1",4,z:t4:q0,4|0|2|1,"th0:ao0,0,0,0",1,1,1,1.0,-1.0,2.0,replan,0
discovery_grid_T5b3K3L3_coordination,coordination,"n:t4:obs0,1,1,0:af2:rf1",4,z:t4:q0,4|0|2|1,"th2:ao2,1,2,1",1,1,1,1.0,1.0,0.0,continue,-1
discovery_grid_T5b3K3L3_coordination,coordination,"n:t4:obs0,0,1,1:af2:rf1",4,z:t4:q1,4|1|2|1,"th1:ao1,2,1,2",1,1,1,1.0,-1.0,2.0,replan,1
discovery_grid_T5b3K3L3_coordination,coordination,"n:t4:obs0,0,0,0:af2:rf2",4,z:t4:q0,4|0|2|2,"th0:ao0,0,0,0",1,1,2,1.0,-1.0,2.0,replan,0
discovery_grid_T5b3K3L3_coordination,coordination,"n:t4:obs0,1,1,0:af2:rf2",4,z:t4:q0,4|0|2|2,"th2:ao2,1,2,1",1,1,2,1.0,1.0,0.0,continue,-1
discovery_grid_T5b3K3L3_coordination,coordination,"n:t4:obs0,0,1,1:af2:rf2",4,z:t4:q1,4|1|2|2,"th1:ao1,2,1,2",1,1,2,1.0,-1.0,2.0,replan,1
discovery_grid_T5b3K3L3_coordination,coordination,"n:t5:obs0,0,0,0,0:af0:rf1",5,z:t5:q0,5|0|0|1,"th0:ao0,0,0,0,0",1,0,1,1.0,1.0,0.0,continue,-1
discovery_grid_T5b3K3L3_coordination,coordination,"n:t5:obs0,0,1,1,0:af0:rf1",5,z:t5:q0,5|0|0|1,"th1:ao1,2,1,2,1",1,0,1,1.0,-1.0,2.0,replan,2
discovery_grid_T5b3K3L3_coordination,coordination,"n:t5:obs0,1,1,0,0:af0:rf1",5,z:t5:q0,5|0|0|1,"th2:ao2,1,2,1,2",1,0,1,1.0,-1.0,2.0,replan,1
discovery_grid_T5b3K3L3_coordination,coordination,"n:t5:obs0,0,0,0,0:af0:rf2",5,z:t5:q0,5|0|0|2,"th0:ao0,0,0,0,0",1,0,2,1.0,1.0,0.0,continue,-1
discovery_grid_T5b3K3L3_coordination,coordination,"n:t5:obs0,0,1,1,0:af0:rf2",5,z:t5:q0,5|0|0|2,"th1:ao1,2,1,2,1",1,0,2,1.0,-1.0,2.0,replan,2
discovery_grid_T5b3K3L3_coordination,coordination,"n:t5:obs0,1,1,0,0:af0:rf2",5,z:t5:q0,5|0|0|2,"th2:ao2,1,2,1,2",1,0,2,1.0,-1.0,2.0,replan,1
discovery_grid_T5b3K3L3_coordination,coordination,"n:t5:obs0,0,0,0,0:af1:rf1",5,z:t5:q0,5|0|1|1,"th0:ao0,0,0,0,0",1,0,1,1.0,-1.0,2.0,replan,0
discovery_grid_T5b3K3L3_coordination,coordination,"n:t5:obs0,0,1,1,0:af1:rf1",5,z:t5:q0,5|0|1|1,"th1:ao1,2,1,2,1",1,0,1,1.0,-1.0,2.0,replan,2
discovery_grid_T5b3K3L3_coordination,coordination,"n:t5:obs0,1,1,0,0:af1:rf1",5,z:t5:q0,5|0|1|1,"th2:ao2,1,2,1,2",1,0,1,1.0,1.0,0.0,continue,-1
discovery_grid_T5b3K3L3_coordination,coordination,"n:t5:obs0,0,0,0,0:af1:rf2",5,z:t5:q0,5|0|1|2,"th0:ao0,0,0,0,0",1,0,2,1.0,-1.0,2.0,replan,0
discovery_grid_T5b3K3L3_coordination,coordination,"n:t5:obs0,0,1,1,0:af1:rf2",5,z:t5:q0,5|0|1|2,"th1:ao1,2,1,2,1",1,0,2,1.0,-1.0,2.0,replan,2
discovery_grid_T5b3K3L3_coordination,coordination,"n:t5:obs0,1,1,0,0:af1:rf2",5,z:t5:q0,5|0|1|2,"th2:ao2,1,2,1,2",1,0,2,1.0,1.0,0.0,continue,-1
discovery_grid_T5b3K3L3_coordination,coordination,"n:t5:obs0,0,0,0,0:af2:rf1",5,z:t5:q0,5|0|2|1,"th0:ao0,0,0,0,0",1,0,1,1.0,-1.0,2.0,replan,0
discovery_grid_T5b3K3L3_coordination,coordination,"n:t5:obs0,0,1,1,0:af2:rf1",5,z:t5:q0,5|0|2|1,"th1:ao1,2,1,2,1",1,0,1,1.0,1.0,0.0,continue,-1
discovery_grid_T5b3K3L3_coordination,coordination,"n:t5:obs0,1,1,0,0:af2:rf1",5,z:t5:q0,5|0|2|1,"th2:ao2,1,2,1,2",1,0,1,1.0,-1.0,2.0,replan,1
discovery_grid_T5b3K3L3_coordination,coordination,"n:t5:obs0,0,0,0,0:af2:rf2",5,z:t5:q0,5|0|2|2,"th0:ao0,0,0,0,0",1,0,2,1.0,-1.0,2.0,replan,0
discovery_grid_T5b3K3L3_coordination,coordination,"n:t5:obs0,0,1,1,0:af2:rf2",5,z:t5:q0,5|0|2|2,"th1:ao1,2,1,2,1",1,0,2,1.0,1.0,0.0,continue,-1
discovery_grid_T5b3K3L3_coordination,coordination,"n:t5:obs0,1,1,0,0:af2:rf2",5,z:t5:q0,5|0|2|2,"th2:ao2,1,2,1,2",1,0,2,1.0,-1.0,2.0,replan,1
discovery_grid_T3b2K2L2_anticor,anticor,n:t1:obs0:af0:rf1,1,z:t1:q0,1|0|0|1,th0:ao0,2,2,1,2.0,0.0,2.0,replan,1
discovery_grid_T3b2K2L2_anticor,anticor,n:t1:obs0:af1:rf1,1,z:t1:q0,1|0|1|1,th0:ao0,2,2,1,2.0,2.0,0.0,continue,-1
discovery_grid_T3b2K2L2_anticor,anticor,"n:t2:obs0,0:af0:rf1",2,z:t2:q0,2|0|0|1,"th0:ao0,0",2,1,1,1.0,-1.0,2.0,replan,1
discovery_grid_T3b2K2L2_anticor,anticor,"n:t2:obs0,0:af1:rf1",2,z:t2:q0,2|0|1|1,"th0:ao0,0",2,1,1,1.0,1.0,0.0,continue,-1
discovery_grid_T3b2K2L2_anticor,anticor,"n:t3:obs0,0,0:af0:rf1",3,z:t3:q0,3|0|0|1,"th0:ao0,0,0",2,0,1,1.0,-1.0,2.0,replan,1
discovery_grid_T3b2K2L2_anticor,anticor,"n:t3:obs0,0,0:af1:rf1",3,z:t3:q0,3|0|1|1,"th0:ao0,0,0",2,0,1,1.0,1.0,0.0,continue,-1
discovery_grid_T3b2K2L3_anticor,anticor,n:t1:obs0:af0:rf2,1,z:t1:q0,1|0|0|2,th0:ao0,2,2,2,2.0,0.0,2.0,replan,1
discovery_grid_T3b2K2L3_anticor,anticor,n:t1:obs0:af1:rf2,1,z:t1:q0,1|0|1|2,th0:ao0,2,2,2,2.0,2.0,0.0,continue,-1
discovery_grid_T3b2K2L3_anticor,anticor,"n:t2:obs0,0:af0:rf1",2,z:t2:q0,2|0|0|1,"th0:ao0,0",2,1,1,1.0,-1.0,2.0,replan,1
discovery_grid_T3b2K2L3_anticor,anticor,"n:t2:obs0,0:af0:rf2",2,z:t2:q0,2|0|0|2,"th0:ao0,0",2,1,2,1.0,-1.0,2.0,replan,1
discovery_grid_T3b2K2L3_anticor,anticor,"n:t2:obs0,0:af1:rf1",2,z:t2:q0,2|0|1|1,"th0:ao0,0",2,1,1,1.0,1.0,0.0,continue,-1
discovery_grid_T3b2K2L3_anticor,anticor,"n:t2:obs0,0:af1:rf2",2,z:t2:q0,2|0|1|2,"th0:ao0,0",2,1,2,1.0,1.0,0.0,continue,-1
discovery_grid_T3b2K2L3_anticor,anticor,"n:t3:obs0,0,0:af0:rf1",3,z:t3:q0,3|0|0|1,"th0:ao0,0,0",2,0,1,1.0,-1.0,2.0,replan,1
discovery_grid_T3b2K2L3_anticor,anticor,"n:t3:obs0,0,0:af0:rf2",3,z:t3:q0,3|0|0|2,"th0:ao0,0,0",2,0,2,1.0,-1.0,2.0,replan,1
discovery_grid_T3b2K2L3_anticor,anticor,"n:t3:obs0,0,0:af1:rf1",3,z:t3:q0,3|0|1|1,"th0:ao0,0,0",2,0,1,1.0,1.0,0.0,continue,-1
discovery_grid_T3b2K2L3_anticor,anticor,"n:t3:obs0,0,0:af1:rf2",3,z:t3:q0,3|0|1|2,"th0:ao0,0,0",2,0,2,1.0,1.0,0.0,continue,-1
discovery_grid_T3b2K3L2_anticor,anticor,n:t1:obs0:af0:rf1,1,z:t1:q0,1|0|0|1,th0:ao0,3,2,1,2.0,0.0,2.0,replan,1
discovery_grid_T3b2K3L2_anticor,anticor,n:t1:obs0:af1:rf1,1,z:t1:q0,1|0|1|1,th0:ao0,3,2,1,2.0,2.0,0.0,continue,-1
discovery_grid_T3b2K3L2_anticor,anticor,"n:t2:obs0,0:af0:rf1",2,z:t2:q0,2|0|0|1,"th0:ao0,0",3,1,1,1.0,-1.0,2.0,replan,1
discovery_grid_T3b2K3L2_anticor,anticor,"n:t2:obs0,0:af1:rf1",2,z:t2:q0,2|0|1|1,"th0:ao0,0",3,1,1,1.0,1.0,0.0,continue,-1
discovery_grid_T3b2K3L2_anticor,anticor,"n:t3:obs0,0,0:af0:rf1",3,z:t3:q0,3|0|0|1,"th0:ao0,0,0",3,0,1,1.0,-1.0,2.0,replan,1
discovery_grid_T3b2K3L2_anticor,anticor,"n:t3:obs0,0,0:af1:rf1",3,z:t3:q0,3|0|1|1,"th0:ao0,0,0",3,0,1,1.0,1.0,0.0,continue,-1
discovery_grid_T3b2K3L3_anticor,anticor,n:t1:obs0:af0:rf2,1,z:t1:q0,1|0|0|2,th0:ao0,3,2,2,2.0,0.0,2.0,replan,1
discovery_grid_T3b2K3L3_anticor,anticor,n:t1:obs0:af1:rf2,1,z:t1:q0,1|0|1|2,th0:ao0,3,2,2,2.0,2.0,0.0,continue,-1
discovery_grid_T3b2K3L3_anticor,anticor,"n:t2:obs0,0:af0:rf1",2,z:t2:q0,2|0|0|1,"th0:ao0,0",3,1,1,1.0,-1.0,2.0,replan,1
discovery_grid_T3b2K3L3_anticor,anticor,"n:t2:obs0,0:af0:rf2",2,z:t2:q0,2|0|0|2,"th0:ao0,0",3,1,2,1.0,-1.0,2.0,replan,1
discovery_grid_T3b2K3L3_anticor,anticor,"n:t2:obs0,0:af1:rf1",2,z:t2:q0,2|0|1|1,"th0:ao0,0",3,1,1,1.0,1.0,0.0,continue,-1
discovery_grid_T3b2K3L3_anticor,anticor,"n:t2:obs0,0:af1:rf2",2,z:t2:q0,2|0|1|2,"th0:ao0,0",3,1,2,1.0,1.0,0.0,continue,-1
discovery_grid_T3b2K3L3_anticor,anticor,"n:t3:obs0,0,0:af0:rf1",3,z:t3:q0,3|0|0|1,"th0:ao0,0,0",3,0,1,1.0,-1.0,2.0,replan,1
discovery_grid_T3b2K3L3_anticor,anticor,"n:t3:obs0,0,0:af0:rf2",3,z:t3:q0,3|0|0|2,"th0:ao0,0,0",3,0,2,1.0,-1.0,2.0,replan,1
discovery_grid_T3b2K3L3_anticor,anticor,"n:t3:obs0,0,0:af1:rf1",3,z:t3:q0,3|0|1|1,"th0:ao0,0,0",3,0,1,1.0,1.0,0.0,continue,-1
discovery_grid_T3b2K3L3_anticor,anticor,"n:t3:obs0,0,0:af1:rf2",3,z:t3:q0,3|0|1|2,"th0:ao0,0,0",3,0,2,1.0,1.0,0.0,continue,-1
discovery_grid_T3b3K2L2_anticor,anticor,n:t1:obs0:af0:rf1,1,z:t1:q0,1|0|0|1,th0:ao0,2,2,1,2.0,1.0,1.0,replan,1
discovery_grid_T3b3K2L2_anticor,anticor,n:t1:obs0:af1:rf1,1,z:t1:q0,1|0|1|1,th0:ao0,2,2,1,2.0,2.0,0.0,continue,-1
discovery_grid_T3b3K2L2_anticor,anticor,n:t1:obs0:af2:rf1,1,z:t1:q0,1|0|2|1,th0:ao0,2,2,1,2.0,1.0,1.0,replan,1
discovery_grid_T3b3K2L2_anticor,anticor,"n:t2:obs0,0:af0:rf1",2,z:t2:q0,2|0|0|1,"th0:ao0,0",2,1,1,1.0,0.0,1.0,replan,2
discovery_grid_T3b3K2L2_anticor,anticor,"n:t2:obs0,0:af1:rf1",2,z:t2:q0,2|0|1|1,"th0:ao0,0",2,1,1,1.0,0.0,1.0,replan,2
discovery_grid_T3b3K2L2_anticor,anticor,"n:t2:obs0,0:af2:rf1",2,z:t2:q0,2|0|2|1,"th0:ao0,0",2,1,1,1.0,1.0,0.0,continue,-1
discovery_grid_T3b3K2L2_anticor,anticor,"n:t3:obs0,0,0:af0:rf1",3,z:t3:q0,3|0|0|1,"th0:ao0,0,0",1,0,1,1.0,-1.0,2.0,replan,1
discovery_grid_T3b3K2L2_anticor,anticor,"n:t3:obs0,0,1:af0:rf1",3,z:t3:q1,3|1|0|1,"th1:ao1,2,1",1,0,1,1.0,1.0,0.0,continue,-1
discovery_grid_T3b3K2L2_anticor,anticor,"n:t3:obs0,0,0:af1:rf1",3,z:t3:q0,3|0|1|1,"th0:ao0,0,0",1,0,1,1.0,1.0,0.0,continue,-1
discovery_grid_T3b3K2L2_anticor,anticor,"n:t3:obs0,0,1:af1:rf1",3,z:t3:q1,3|1|1|1,"th1:ao1,2,1",1,0,1,1.0,1.0,0.0,continue,-1
discovery_grid_T3b3K2L2_anticor,anticor,"n:t3:obs0,0,0:af2:rf1",3,z:t3:q0,3|0|2|1,"th0:ao0,0,0",1,0,1,1.0,1.0,0.0,continue,-1
discovery_grid_T3b3K2L2_anticor,anticor,"n:t3:obs0,0,1:af2:rf1",3,z:t3:q1,3|1|2|1,"th1:ao1,2,1",1,0,1,1.0,-1.0,2.0,replan,0
discovery_grid_T3b3K2L3_anticor,anticor,n:t1:obs0:af0:rf2,1,z:t1:q0,1|0|0|2,th0:ao0,2,2,2,2.0,1.0,1.0,replan,1
discovery_grid_T3b3K2L3_anticor,anticor,n:t1:obs0:af1:rf2,1,z:t1:q0,1|0|1|2,th0:ao0,2,2,2,2.0,2.0,0.0,continue,-1
discovery_grid_T3b3K2L3_anticor,anticor,n:t1:obs0:af2:rf2,1,z:t1:q0,1|0|2|2,th0:ao0,2,2,2,2.0,1.0,1.0,replan,1
discovery_grid_T3b3K2L3_anticor,anticor,"n:t2:obs0,0:af0:rf1",2,z:t2:q0,2|0|0|1,"th0:ao0,0",2,1,1,1.0,0.0,1.0,replan,2
discovery_grid_T3b3K2L3_anticor,anticor,"n:t2:obs0,0:af0:rf2",2,z:t2:q0,2|0|0|2,"th0:ao0,0",2,1,2,1.0,0.0,1.0,replan,2
discovery_grid_T3b3K2L3_anticor,anticor,"n:t2:obs0,0:af1:rf1",2,z:t2:q0,2|0|1|1,"th0:ao0,0",2,1,1,1.0,0.0,1.0,replan,2
discovery_grid_T3b3K2L3_anticor,anticor,"n:t2:obs0,0:af1:rf2",2,z:t2:q0,2|0|1|2,"th0:ao0,0",2,1,2,1.0,0.0,1.0,replan,2
discovery_grid_T3b3K2L3_anticor,anticor,"n:t2:obs0,0:af2:rf1",2,z:t2:q0,2|0|2|1,"th0:ao0,0",2,1,1,1.0,1.0,0.0,continue,-1
discovery_grid_T3b3K2L3_anticor,anticor,"n:t2:obs0,0:af2:rf2",2,z:t2:q0,2|0|2|2,"th0:ao0,0",2,1,2,1.0,1.0,0.0,continue,-1
discovery_grid_T3b3K2L3_anticor,anticor,"n:t3:obs0,0,0:af0:rf1",3,z:t3:q0,3|0|0|1,"th0:ao0,0,0",1,0,1,1.0,-1.0,2.0,replan,1
discovery_grid_T3b3K2L3_anticor,anticor,"n:t3:obs0,0,1:af0:rf1",3,z:t3:q1,3|1|0|1,"th1:ao1,2,1",1,0,1,1.0,1.0,0.0,continue,-1
discovery_grid_T3b3K2L3_anticor,anticor,"n:t3:obs0,0,0:af0:rf2",3,z:t3:q0,3|0|0|2,"th0:ao0,0,0",1,0,2,1.0,-1.0,2.0,replan,1
discovery_grid_T3b3K2L3_anticor,anticor,"n:t3:obs0,0,1:af0:rf2",3,z:t3:q1,3|1|0|2,"th1:ao1,2,1",1,0,2,1.0,1.0,0.0,continue,-1
discovery_grid_T3b3K2L3_anticor,anticor,"n:t3:obs0,0,0:af1:rf1",3,z:t3:q0,3|0|1|1,"th0:ao0,0,0",1,0,1,1.0,1.0,0.0,continue,-1
discovery_grid_T3b3K2L3_anticor,anticor,"n:t3:obs0,0,1:af1:rf1",3,z:t3:q1,3|1|1|1,"th1:ao1,2,1",1,0,1,1.0,1.0,0.0,continue,-1
discovery_grid_T3b3K2L3_anticor,anticor,"n:t3:obs0,0,0:af1:rf2",3,z:t3:q0,3|0|1|2,"th0:ao0,0,0",1,0,2,1.0,1.0,0.0,continue,-1
discovery_grid_T3b3K2L3_anticor,anticor,"n:t3:obs0,0,1:af1:rf2",3,z:t3:q1,3|1|1|2,"th1:ao1,2,1",1,0,2,1.0,1.0,0.0,continue,-1
discovery_grid_T3b3K2L3_anticor,anticor,"n:t3:obs0,0,0:af2:rf1",3,z:t3:q0,3|0|2|1,"th0:ao0,0,0",1,0,1,1.0,1.0,0.0,continue,-1
discovery_grid_T3b3K2L3_anticor,anticor,"n:t3:obs0,0,1:af2:rf1",3,z:t3:q1,3|1|2|1,"th1:ao1,2,1",1,0,1,1.0,-1.0,2.0,replan,0
discovery_grid_T3b3K2L3_anticor,anticor,"n:t3:obs0,0,0:af2:rf2",3,z:t3:q0,3|0|2|2,"th0:ao0,0,0",1,0,2,1.0,1.0,0.0,continue,-1
discovery_grid_T3b3K2L3_anticor,anticor,"n:t3:obs0,0,1:af2:rf2",3,z:t3:q1,3|1|2|2,"th1:ao1,2,1",1,0,2,1.0,-1.0,2.0,replan,0
discovery_grid_T3b3K3L2_anticor,anticor,n:t1:obs0:af0:rf1,1,z:t1:q0,1|0|0|1,th0:ao0,3,2,1,1.3333333333333333,1.3333333333333333,0.0,continue,-1
discovery_grid_T3b3K3L2_anticor,anticor,n:t1:obs0:af1:rf1,1,z:t1:q0,1|0|1|1,th0:ao0,3,2,1,1.3333333333333333,1.3333333333333333,0.0,continue,-1
discovery_grid_T3b3K3L2_anticor,anticor,n:t1:obs0:af2:rf1,1,z:t1:q0,1|0|2|1,th0:ao0,3,2,1,1.3333333333333333,1.3333333333333333,0.0,continue,-1
discovery_grid_T3b3K3L2_anticor,anticor,"n:t2:obs0,0:af0:rf1",2,z:t2:q0,2|0|0|1,"th0:ao0,0",2,1,1,1.0,0.0,1.0,replan,2
discovery_grid_T3b3K3L2_anticor,anticor,"n:t2:obs0,1:af0:rf1",2,z:t2:q1,2|1|0|1,"th2:ao2,1",1,1,1,1.0,1.0,0.0,continue,-1
discovery_grid_T3b3K3L2_anticor,anticor,"n:t2:obs0,0:af1:rf1",2,z:t2:q0,2|0|1|1,"th0:ao0,0",2,1,1,1.0,0.0,1.0,replan,2
discovery_grid_T3b3K3L2_anticor,anticor,"n:t2:obs0,1:af1:rf1",2,z:t2:q1,2|1|1|1,"th2:ao2,1",1,1,1,1.0,1.0,0.0,continue,-1
discovery_grid_T3b3K3L2_anticor,anticor,"n:t2:obs0,0:af2:rf1",2,z:t2:q0,2|0|2|1,"th0:ao0,0",2,1,1,1.0,1.0,0.0,continue,-1
discovery_grid_T3b3K3L2_anticor,anticor,"n:t2:obs0,1:af2:rf1",2,z:t2:q1,2|1|2|1,"th2:ao2,1",1,1,1,1.0,-1.0,2.0,replan,0
discovery_grid_T3b3K3L2_anticor,anticor,"n:t3:obs0,0,0:af0:rf1",3,z:t3:q0,3|0|0|1,"th0:ao0,0,0",1,0,1,1.0,-1.0,2.0,replan,1
discovery_grid_T3b3K3L2_anticor,anticor,"n:t3:obs0,0,1:af0:rf1",3,z:t3:q1,3|1|0|1,"th1:ao1,2,1",1,0,1,1.0,1.0,0.0,continue,-1
discovery_grid_T3b3K3L2_anticor,anticor,"n:t3:obs0,1,1:af0:rf1",3,z:t3:q1,3|1|0|1,"th2:ao2,1,2",1,0,1,1.0,1.0,0.0,continue,-1
discovery_grid_T3b3K3L2_anticor,anticor,"n:t3:obs0,0,0:af1:rf1",3,z:t3:q0,3|0|1|1,"th0:ao0,0,0",1,0,1,1.0,1.0,0.0,continue,-1
discovery_grid_T3b3K3L2_anticor,anticor,"n:t3:obs0,0,1:af1:rf1",3,z:t3:q1,3|1|1|1,"th1:ao1,2,1",1,0,1,1.0,1.0,0.0,continue,-1
discovery_grid_T3b3K3L2_anticor,anticor,"n:t3:obs0,1,1:af1:rf1",3,z:t3:q1,3|1|1|1,"th2:ao2,1,2",1,0,1,1.0,-1.0,2.0,replan,0
discovery_grid_T3b3K3L2_anticor,anticor,"n:t3:obs0,0,0:af2:rf1",3,z:t3:q0,3|0|2|1,"th0:ao0,0,0",1,0,1,1.0,1.0,0.0,continue,-1
discovery_grid_T3b3K3L2_anticor,anticor,"n:t3:obs0,0,1:af2:rf1",3,z:t3:q1,3|1|2|1,"th1:ao1,2,1",1,0,1,1.0,-1.0,2.0,replan,0
discovery_grid_T3b3K3L2_anticor,anticor,"n:t3:obs0,1,1:af2:rf1",3,z:t3:q1,3|1|2|1,"th2:ao2,1,2",1,0,1,1.0,1.0,0.0,continue,-1
discovery_grid_T3b3K3L3_anticor,anticor,n:t1:obs0:af0:rf2,1,z:t1:q0,1|0|0|2,th0:ao0,3,2,2,1.3333333333333333,1.3333333333333333,0.0,continue,-1
discovery_grid_T3b3K3L3_anticor,anticor,n:t1:obs0:af1:rf2,1,z:t1:q0,1|0|1|2,th0:ao0,3,2,2,1.3333333333333333,1.3333333333333333,0.0,continue,-1
discovery_grid_T3b3K3L3_anticor,anticor,n:t1:obs0:af2:rf2,1,z:t1:q0,1|0|2|2,th0:ao0,3,2,2,1.3333333333333333,1.3333333333333333,0.0,continue,-1
discovery_grid_T3b3K3L3_anticor,anticor,"n:t2:obs0,0:af0:rf1",2,z:t2:q0,2|0|0|1,"th0:ao0,0",2,1,1,1.0,0.0,1.0,replan,2
discovery_grid_T3b3K3L3_anticor,anticor,"n:t2:obs0,1:af0:rf1",2,z:t2:q1,2|1|0|1,"th2:ao2,1",1,1,1,1.0,1.0,0.0,continue,-1
discovery_grid_T3b3K3L3_anticor,anticor,"n:t2:obs0,0:af0:rf2",2,z:t2:q0,2|0|0|2,"th0:ao0,0",2,1,2,1.0,0.0,1.0,replan,2
discovery_grid_T3b3K3L3_anticor,anticor,"n:t2:obs0,1:af0:rf2",2,z:t2:q1,2|1|0|2,"th2:ao2,1",1,1,2,1.0,1.0,0.0,continue,-1
discovery_grid_T3b3K3L3_anticor,anticor,"n:t2:obs0,0:af1:rf1",2,z:t2:q0,2|0|1|1,"th0:ao0,0",2,1,1,1.0,0.0,1.0,replan,2
discovery_grid_T3b3K3L3_anticor,anticor,"n:t2:obs0,1:af1:rf1",2,z:t2:q1,2|1|1|1,"th2:ao2,1",1,1,1,1.0,1.0,0.0,continue,-1
discovery_grid_T3b3K3L3_anticor,anticor,"n:t2:obs0,0:af1:rf2",2,z:t2:q0,2|0|1|2,"th0:ao0,0",2,1,2,1.0,0.0,1.0,replan,2
discovery_grid_T3b3K3L3_anticor,anticor,"n:t2:obs0,1:af1:rf2",2,z:t2:q1,2|1|1|2,"th2:ao2,1",1,1,2,1.0,1.0,0.0,continue,-1
discovery_grid_T3b3K3L3_anticor,anticor,"n:t2:obs0,0:af2:rf1",2,z:t2:q0,2|0|2|1,"th0:ao0,0",2,1,1,1.0,1.0,0.0,continue,-1
discovery_grid_T3b3K3L3_anticor,anticor,"n:t2:obs0,1:af2:rf1",2,z:t2:q1,2|1|2|1,"th2:ao2,1",1,1,1,1.0,-1.0,2.0,replan,0
discovery_grid_T3b3K3L3_anticor,anticor,"n:t2:obs0,0:af2:rf2",2,z:t2:q0,2|0|2|2,"th0:ao0,0",2,1,2,1.0,1.0,0.0,continue,-1
discovery_grid_T3b3K3L3_anticor,anticor,"n:t2:obs0,1:af2:rf2",2,z:t2:q1,2|1|2|2,"th2:ao2,1",1,1,2,1.0,-1.0,2.0,replan,0
discovery_grid_T3b3K3L3_anticor,anticor,"n:t3:obs0,0,0:af0:rf1",3,z:t3:q0,3|0|0|1,"th0:ao0,0,0",1,0,1,1.0,-1.0,2.0,replan,1
discovery_grid_T3b3K3L3_anticor,anticor,"n:t3:obs0,0,1:af0:rf1",3,z:t3:q1,3|1|0|1,"th1:ao1,2,1",1,0,1,1.0,1.0,0.0,continue,-1
discovery_grid_T3b3K3L3_anticor,anticor,"n:t3:obs0,1,1:af0:rf1",3,z:t3:q1,3|1|0|1,"th2:ao2,1,2",1,0,1,1.0,1.0,0.0,continue,-1
discovery_grid_T3b3K3L3_anticor,anticor,"n:t3:obs0,0,0:af0:rf2",3,z:t3:q0,3|0|0|2,"th0:ao0,0,0",1,0,2,1.0,-1.0,2.0,replan,1
discovery_grid_T3b3K3L3_anticor,anticor,"n:t3:obs0,0,1:af0:rf2",3,z:t3:q1,3|1|0|2,"th1:ao1,2,1",1,0,2,1.0,1.0,0.0,continue,-1
discovery_grid_T3b3K3L3_anticor,anticor,"n:t3:obs0,1,1:af0:rf2",3,z:t3:q1,3|1|0|2,"th2:ao2,1,2",1,0,2,1.0,1.0,0.0,continue,-1
discovery_grid_T3b3K3L3_anticor,anticor,"n:t3:obs0,0,0:af1:rf1",3,z:t3:q0,3|0|1|1,"th0:ao0,0,0",1,0,1,1.0,1.0,0.0,continue,-1
discovery_grid_T3b3K3L3_anticor,anticor,"n:t3:obs0,0,1:af1:rf1",3,z:t3:q1,3|1|1|1,"th1:ao1,2,1",1,0,1,1.0,1.0,0.0,continue,-1
discovery_grid_T3b3K3L3_anticor,anticor,"n:t3:obs0,1,1:af1:rf1",3,z:t3:q1,3|1|1|1,"th2:ao2,1,2",1,0,1,1.0,-1.0,2.0,replan,0
discovery_grid_T3b3K3L3_anticor,anticor,"n:t3:obs0,0,0:af1:rf2",3,z:t3:q0,3|0|1|2,"th0:ao0,0,0",1,0,2,1.0,1.0,0.0,continue,-1
discovery_grid_T3b3K3L3_anticor,anticor,"n:t3:obs0,0,1:af1:rf2",3,z:t3:q1,3|1|1|2,"th1:ao1,2,1",1,0,2,1.0,1.0,0.0,continue,-1
discovery_grid_T3b3K3L3_anticor,anticor,"n:t3:obs0,1,1:af1:rf2",3,z:t3:q1,3|1|1|2,"th2:ao2,1,2",1,0,2,1.0,-1.0,2.0,replan,0
discovery_grid_T3b3K3L3_anticor,anticor,"n:t3:obs0,0,0:af2:rf1",3,z:t3:q0,3|0|2|1,"th0:ao0,0,0",1,0,1,1.0,1.0,0.0,continue,-1
discovery_grid_T3b3K3L3_anticor,anticor,"n:t3:obs0,0,1:af2:rf1",3,z:t3:q1,3|1|2|1,"th1:ao1,2,1",1,0,1,1.0,-1.0,2.0,replan,0
discovery_grid_T3b3K3L3_anticor,anticor,"n:t3:obs0,1,1:af2:rf1",3,z:t3:q1,3|1|2|1,"th2:ao2,1,2",1,0,1,1.0,1.0,0.0,continue,-1
discovery_grid_T3b3K3L3_anticor,anticor,"n:t3:obs0,0,0:af2:rf2",3,z:t3:q0,3|0|2|2,"th0:ao0,0,0",1,0,2,1.0,1.0,0.0,continue,-1
discovery_grid_T3b3K3L3_anticor,anticor,"n:t3:obs0,0,1:af2:rf2",3,z:t3:q1,3|1|2|2,"th1:ao1,2,1",1,0,2,1.0,-1.0,2.0,replan,0
discovery_grid_T3b3K3L3_anticor,anticor,"n:t3:obs0,1,1:af2:rf2",3,z:t3:q1,3|1|2|2,"th2:ao2,1,2",1,0,2,1.0,1.0,0.0,continue,-1
discovery_grid_T4b2K2L2_anticor,anticor,n:t1:obs0:af0:rf1,1,z:t1:q0,1|0|0|1,th0:ao0,2,3,1,3.0,1.0,2.0,replan,1
discovery_grid_T4b2K2L2_anticor,anticor,n:t1:obs0:af1:rf1,1,z:t1:q0,1|0|1|1,th0:ao0,2,3,1,3.0,3.0,0.0,continue,-1
discovery_grid_T4b2K2L2_anticor,anticor,"n:t2:obs0,0:af0:rf1",2,z:t2:q0,2|0|0|1,"th0:ao0,0",2,2,1,2.0,0.0,2.0,replan,1
discovery_grid_T4b2K2L2_anticor,anticor,"n:t2:obs0,0:af1:rf1",2,z:t2:q0,2|0|1|1,"th0:ao0,0",2,2,1,2.0,2.0,0.0,continue,-1
discovery_grid_T4b2K2L2_anticor,anticor,"n:t3:obs0,0,0:af0:rf1",3,z:t3:q0,3|0|0|1,"th0:ao0,0,0",2,1,1,1.0,-1.0,2.0,replan,1
discovery_grid_T4b2K2L2_anticor,anticor,"n:t3:obs0,0,0:af1:rf1",3,z:t3:q0,3|0|1|1,"th0:ao0,0,0",2,1,1,1.0,1.0,0.0,continue,-1
discovery_grid_T4b2K2L2_anticor,anticor,"n:t4:obs0,0,0,0:af0:rf1",4,z:t4:q0,4|0|0|1,"th0:ao0,0,0,0",2,0,1,1.0,-1.0,2.0,replan,1
discovery_grid_T4b2K2L2_anticor,anticor,"n:t4:obs0,0,0,0:af1:rf1",4,z:t4:q0,4|0|1|1,"th0:ao0,0,0,0",2,0,1,1.0,1.0,0.0,continue,-1
discovery_grid_T4b2K2L3_anticor,anticor,n:t1:obs0:af0:rf2,1,z:t1:q0,1|0|0|2,th0:ao0,2,3,2,3.0,1.0,2.0,replan,1
discovery_grid_T4b2K2L3_anticor,anticor,n:t1:obs0:af1:rf2,1,z:t1:q0,1|0|1|2,th0:ao0,2,3,2,3.0,3.0,0.0,continue,-1
discovery_grid_T4b2K2L3_anticor,anticor,"n:t2:obs0,0:af0:rf1",2,z:t2:q0,2|0|0|1,"th0:ao0,0",2,2,1,2.0,0.0,2.0,replan,1
discovery_grid_T4b2K2L3_anticor,anticor,"n:t2:obs0,0:af0:rf2",2,z:t2:q0,2|0|0|2,"th0:ao0,0",2,2,2,2.0,0.0,2.0,replan,1
discovery_grid_T4b2K2L3_anticor,anticor,"n:t2:obs0,0:af1:rf1",2,z:t2:q0,2|0|1|1,"th0:ao0,0",2,2,1,2.0,2.0,0.0,continue,-1
discovery_grid_T4b2K2L3_anticor,anticor,"n:t2:obs0,0:af1:rf2",2,z:t2:q0,2|0|1|2,"th0:ao0,0",2,2,2,2.0,2.0,0.0,continue,-1
discovery_grid_T4b2K2L3_anticor,anticor,"n:t3:obs0,0,0:af0:rf1",3,z:t3:q0,3|0|0|1,"th0:ao0,0,0",2,1,1,1.0,-1.0,2.0,replan,1
discovery_grid_T4b2K2L3_anticor,anticor,"n:t3:obs0,0,0:af0:rf2",3,z:t3:q0,3|0|0|2,"th0:ao0,0,0",2,1,2,1.0,-1.0,2.0,replan,1
discovery_grid_T4b2K2L3_anticor,anticor,"n:t3:obs0,0,0:af1:rf1",3,z:t3:q0,3|0|1|1,"th0:ao0,0,0",2,1,1,1.0,1.0,0.0,continue,-1
discovery_grid_T4b2K2L3_anticor,anticor,"n:t3:obs0,0,0:af1:rf2",3,z:t3:q0,3|0|1|2,"th0:ao0,0,0",2,1,2,1.0,1.0,0.0,continue,-1
discovery_grid_T4b2K2L3_anticor,anticor,"n:t4:obs0,0,0,0:af0:rf1",4,z:t4:q0,4|0|0|1,"th0:ao0,0,0,0",2,0,1,1.0,-1.0,2.0,replan,1
discovery_grid_T4b2K2L3_anticor,anticor,"n:t4:obs0,0,0,0:af0:rf2",4,z:t4:q0,4|0|0|2,"th0:ao0,0,0,0",2,0,2,1.0,-1.0,2.0,replan,1
discovery_grid_T4b2K2L3_anticor,anticor,"n:t4:obs0,0,0,0:af1:rf1",4,z:t4:q0,4|0|1|1,"th0:ao0,0,0,0",2,0,1,1.0,1.0,0.0,continue,-1
discovery_grid_T4b2K2L3_anticor,anticor,"n:t4:obs0,0,0,0:af1:rf2",4,z:t4:q0,4|0|1|2,"th0:ao0,0,0,0",2,0,2,1.0,1.0,0.0,continue,-1
discovery_grid_T4b2K3L2_anticor,anticor,n:t1:obs0:af0:rf1,1,z:t1:q0,1|0|0|1,th0:ao0,3,3,1,3.0,1.0,2.0,replan,1
discovery_grid_T4b2K3L2_anticor,anticor,n:t1:obs0:af1:rf1,1,z:t1:q0,1|0|1|1,th0:ao0,3,3,1,3.0,3.0,0.0,continue,-1
discovery_grid_T4b2K3L2_anticor,anticor,"n:t2:obs0,0:af0:rf1",2,z:t2:q0,2|0|0|1,"th0:ao0,0",3,2,1,2.0,0.0,2.0,replan,1
discovery_grid_T4b2K3L2_anticor,anticor,"n:t2:obs0,0:af1:rf1",2,z:t2:q0,2|0|1|1,"th0:ao0,0",3,2,1,2.0,2.0,0.0,continue,-1
discovery_grid_T4b2K3L2_anticor,anticor,"n:t3:obs0,0,0:af0:rf1",3,z:t3:q0,3|0|0|1,"th0:ao0,0,0",3,1,1,1.0,-1.0,2.0,replan,1
discovery_grid_T4b2K3L2_anticor,anticor,"n:t3:obs0,0,0:af1:rf1",3,z:t3:q0,3|0|1|1,"th0:ao0,0,0",3,1,1,1.0,1.0,0.0,continue,-1
discovery_grid_T4b2K3L2_anticor,anticor,"n:t4:obs0,0,0,0:af0:rf1",4,z:t4:q0,4|0|0|1,"th0:ao0,0,0,0",3,0,1,1.0,-1.0,2.0,replan,1
discovery_grid_T4b2K3L2_anticor,anticor,"n:t4:obs0,0,0,0:af1:rf1",4,z:t4:q0,4|0|1|1,"th0:ao0,0,0,0",3,0,1,1.0,1.0,0.0,continue,-1
discovery_grid_T4b2K3L3_anticor,anticor,n:t1:obs0:af0:rf2,1,z:t1:q0,1|0|0|2,th0:ao0,3,3,2,3.0,1.0,2.0,replan,1
discovery_grid_T4b2K3L3_anticor,anticor,n:t1:obs0:af1:rf2,1,z:t1:q0,1|0|1|2,th0:ao0,3,3,2,3.0,3.0,0.0,continue,-1
discovery_grid_T4b2K3L3_anticor,anticor,"n:t2:obs0,0:af0:rf1",2,z:t2:q0,2|0|0|1,"th0:ao0,0",3,2,1,2.0,0.0,2.0,replan,1
discovery_grid_T4b2K3L3_anticor,anticor,"n:t2:obs0,0:af0:rf2",2,z:t2:q0,2|0|0|2,"th0:ao0,0",3,2,2,2.0,0.0,2.0,replan,1
discovery_grid_T4b2K3L3_anticor,anticor,"n:t2:obs0,0:af1:rf1",2,z:t2:q0,2|0|1|1,"th0:ao0,0",3,2,1,2.0,2.0,0.0,continue,-1
discovery_grid_T4b2K3L3_anticor,anticor,"n:t2:obs0,0:af1:rf2",2,z:t2:q0,2|0|1|2,"th0:ao0,0",3,2,2,2.0,2.0,0.0,continue,-1
discovery_grid_T4b2K3L3_anticor,anticor,"n:t3:obs0,0,0:af0:rf1",3,z:t3:q0,3|0|0|1,"th0:ao0,0,0",3,1,1,1.0,-1.0,2.0,replan,1
discovery_grid_T4b2K3L3_anticor,anticor,"n:t3:obs0,0,0:af0:rf2",3,z:t3:q0,3|0|0|2,"th0:ao0,0,0",3,1,2,1.0,-1.0,2.0,replan,1
discovery_grid_T4b2K3L3_anticor,anticor,"n:t3:obs0,0,0:af1:rf1",3,z:t3:q0,3|0|1|1,"th0:ao0,0,0",3,1,1,1.0,1.0,0.0,continue,-1
discovery_grid_T4b2K3L3_anticor,anticor,"n:t3:obs0,0,0:af1:rf2",3,z:t3:q0,3|0|1|2,"th0:ao0,0,0",3,1,2,1.0,1.0,0.0,continue,-1
discovery_grid_T4b2K3L3_anticor,anticor,"n:t4:obs0,0,0,0:af0:rf1",4,z:t4:q0,4|0|0|1,"th0:ao0,0,0,0",3,0,1,1.0,-1.0,2.0,replan,1
discovery_grid_T4b2K3L3_anticor,anticor,"n:t4:obs0,0,0,0:af0:rf2",4,z:t4:q0,4|0|0|2,"th0:ao0,0,0,0",3,0,2,1.0,-1.0,2.0,replan,1
discovery_grid_T4b2K3L3_anticor,anticor,"n:t4:obs0,0,0,0:af1:rf1",4,z:t4:q0,4|0|1|1,"th0:ao0,0,0,0",3,0,1,1.0,1.0,0.0,continue,-1
discovery_grid_T4b2K3L3_anticor,anticor,"n:t4:obs0,0,0,0:af1:rf2",4,z:t4:q0,4|0|1|2,"th0:ao0,0,0,0",3,0,2,1.0,1.0,0.0,continue,-1
discovery_grid_T4b3K2L2_anticor,anticor,n:t1:obs0:af0:rf1,1,z:t1:q0,1|0|0|1,th0:ao0,2,3,1,3.0,2.0,1.0,replan,1
discovery_grid_T4b3K2L2_anticor,anticor,n:t1:obs0:af1:rf1,1,z:t1:q0,1|0|1|1,th0:ao0,2,3,1,3.0,3.0,0.0,continue,-1
discovery_grid_T4b3K2L2_anticor,anticor,n:t1:obs0:af2:rf1,1,z:t1:q0,1|0|2|1,th0:ao0,2,3,1,3.0,2.0,1.0,replan,1
discovery_grid_T4b3K2L2_anticor,anticor,"n:t2:obs0,0:af0:rf1",2,z:t2:q0,2|0|0|1,"th0:ao0,0",2,2,1,2.0,1.0,1.0,replan,2
discovery_grid_T4b3K2L2_anticor,anticor,"n:t2:obs0,0:af1:rf1",2,z:t2:q0,2|0|1|1,"th0:ao0,0",2,2,1,2.0,1.0,1.0,replan,2
discovery_grid_T4b3K2L2_anticor,anticor,"n:t2:obs0,0:af2:rf1",2,z:t2:q0,2|0|2|1,"th0:ao0,0",2,2,1,2.0,2.0,0.0,continue,-1
discovery_grid_T4b3K2L2_anticor,anticor,"n:t3:obs0,0,0:af0:rf1",3,z:t3:q0,3|0|0|1,"th0:ao0,0,0",1,1,1,1.0,-1.0,2.0,replan,1
discovery_grid_T4b3K2L2_anticor,anticor,"n:t3:obs0,0,1:af0:rf1",3,z:t3:q1,3|1|0|1,"th1:ao1,2,1",1,1,1,1.0,1.0,0.0,continue,-1
discovery_grid_T4b3K2L2_anticor,anticor,"n:t3:obs0,0,0:af1:rf1",3,z:t3:q0,3|0|1|1,"th0:ao0,0,0",1,1,1,1.0,1.0,0.0,continue,-1
discovery_grid_T4b3K2L2_anticor,anticor,"n:t3:obs0,0,1:af1:rf1",3,z:t3:q1,3|1|1|1,"th1:ao1,2,1",1,1,1,1.0,1.0,0.0,continue,-1
discovery_grid_T4b3K2L2_anticor,anticor,"n:t3:obs0,0,0:af2:rf1",3,z:t3:q0,3|0|2|1,"th0:ao0,0,0",1,1,1,1.0,1.0,0.0,continue,-1
discovery_grid_T4b3K2L2_anticor,anticor,"n:t3:obs0,0,1:af2:rf1",3,z:t3:q1,3|1|2|1,"th1:ao1,2,1",1,1,1,1.0,-1.0,2.0,replan,0
discovery_grid_T4b3K2L2_anticor,anticor,"n:t4:obs0,0,0,0:af0:rf1",4,z:t4:q0,4|0|0|1,"th0:ao0,0,0,0",1,0,1,1.0,-1.0,2.0,replan,1
discovery_grid_T4b3K2L2_anticor,anticor,"n:t4:obs0,0,1,1:af0:rf1",4,z:t4:q1,4|1|0|1,"th1:ao1,2,1,2",1,0,1,1.0,1.0,0.0,continue,-1
discovery_grid_T4b3K2L2_anticor,anticor,"n:t4:obs0,0,0,0:af1:rf1",4,z:t4:q0,4|0|1|1,"th0:ao0,0,0,0",1,0,1,1.0,1.0,0.0,continue,-1
discovery_grid_T4b3K2L2_anticor,anticor,"n:t4:obs0,0,1,1:af1:rf1",4,z:t4:q1,4|1|1|1,"th1:ao1,2,1,2",1,0,1,1.0,-1.0,2.0,replan,0
discovery_grid_T4b3K2L2_anticor,anticor,"n:t4:obs0,0,0,0:af2:rf1",4,z:t4:q0,4|0|2|1,"th0:ao0,0,0,0",1,0,1,1.0,1.0,0.0,continue,-1
discovery_grid_T4b3K2L2_anticor,anticor,"n:t4:obs0,0,1,1:af2:rf1",4,z:t4:q1,4|1|2|1,"th1:ao1,2,1,2",1,0,1,1.0,1.0,0.0,continue,-1
discovery_grid_T4b3K2L3_anticor,anticor,n:t1:obs0:af0:rf2,1,z:t1:q0,1|0|0|2,th0:ao0,2,3,2,3.0,2.0,1.0,replan,1
discovery_grid_T4b3K2L3_anticor,anticor,n:t1:obs0:af1:rf2,1,z:t1:q0,1|0|1|2,th0:ao0,2,3,2,3.0,3.0,0.0,continue,-1
discovery_grid_T4b3K2L3_anticor,anticor,n:t1:obs0:af2:rf2,1,z:t1:q0,1|0|2|2,th0:ao0,2,3,2,3.0,2.0,1.0,replan,1
discovery_grid_T4b3K2L3_anticor,anticor,"n:t2:obs0,0:af0:rf1",2,z:t2:q0,2|0|0|1,"th0:ao0,0",2,2,1,2.0,1.0,1.0,replan,2
discovery_grid_T4b3K2L3_anticor,anticor,"n:t2:obs0,0:af0:rf2",2,z:t2:q0,2|0|0|2,"th0:ao0,0",2,2,2,2.0,1.0,1.0,replan,2
discovery_grid_T4b3K2L3_anticor,anticor,"n:t2:obs0,0:af1:rf1",2,z:t2:q0,2|0|1|1,"th0:ao0,0",2,2,1,2.0,1.0,1.0,replan,2
discovery_grid_T4b3K2L3_anticor,anticor,"n:t2:obs0,0:af1:rf2",2,z:t2:q0,2|0|1|2,"th0:ao0,0",2,2,2,2.0,1.0,1.0,replan,2
discovery_grid_T4b3K2L3_anticor,anticor,"n:t2:obs0,0:af2:rf1",2,z:t2:q0,2|0|2|1,"th0:ao0,0",2,2,1,2.0,2.0,0.0,continue,-1
discovery_grid_T4b3K2L3_anticor,anticor,"n:t2:obs0,0:af2:rf2",2,z:t2:q0,2|0|2|2,"th0:ao0,0",2,2,2,2.0,2.0,0.0,continue,-1
discovery_grid_T4b3K2L3_anticor,anticor,"n:t3:obs0,0,0:af0:rf1",3,z:t3:q0,3|0|0|1,"th0:ao0,0,0",1,1,1,1.0,-1.0,2.0,replan,1
discovery_grid_T4b3K2L3_anticor,anticor,"n:t3:obs0,0,1:af0:rf1",3,z:t3:q1,3|1|0|1,"th1:ao1,2,1",1,1,1,1.0,1.0,0.0,continue,-1
discovery_grid_T4b3K2L3_anticor,anticor,"n:t3:obs0,0,0:af0:rf2",3,z:t3:q0,3|0|0|2,"th0:ao0,0,0",1,1,2,1.0,-1.0,2.0,replan,1
discovery_grid_T4b3K2L3_anticor,anticor,"n:t3:obs0,0,1:af0:rf2",3,z:t3:q1,3|1|0|2,"th1:ao1,2,1",1,1,2,1.0,1.0,0.0,continue,-1
discovery_grid_T4b3K2L3_anticor,anticor,"n:t3:obs0,0,0:af1:rf1",3,z:t3:q0,3|0|1|1,"th0:ao0,0,0",1,1,1,1.0,1.0,0.0,continue,-1
discovery_grid_T4b3K2L3_anticor,anticor,"n:t3:obs0,0,1:af1:rf1",3,z:t3:q1,3|1|1|1,"th1:ao1,2,1",1,1,1,1.0,1.0,0.0,continue,-1
discovery_grid_T4b3K2L3_anticor,anticor,"n:t3:obs0,0,0:af1:rf2",3,z:t3:q0,3|0|1|2,"th0:ao0,0,0",1,1,2,1.0,1.0,0.0,continue,-1
discovery_grid_T4b3K2L3_anticor,anticor,"n:t3:obs0,0,1:af1:rf2",3,z:t3:q1,3|1|1|2,"th1:ao1,2,1",1,1,2,1.0,1.0,0.0,continue,-1
discovery_grid_T4b3K2L3_anticor,anticor,"n:t3:obs0,0,0:af2:rf1",3,z:t3:q0,3|0|2|1,"th0:ao0,0,0",1,1,1,1.0,1.0,0.0,continue,-1
discovery_grid_T4b3K2L3_anticor,anticor,"n:t3:obs0,0,1:af2:rf1",3,z:t3:q1,3|1|2|1,"th1:ao1,2,1",1,1,1,1.0,-1.0,2.0,replan,0
discovery_grid_T4b3K2L3_anticor,anticor,"n:t3:obs0,0,0:af2:rf2",3,z:t3:q0,3|0|2|2,"th0:ao0,0,0",1,1,2,1.0,1.0,0.0,continue,-1
discovery_grid_T4b3K2L3_anticor,anticor,"n:t3:obs0,0,1:af2:rf2",3,z:t3:q1,3|1|2|2,"th1:ao1,2,1",1,1,2,1.0,-1.0,2.0,replan,0
discovery_grid_T4b3K2L3_anticor,anticor,"n:t4:obs0,0,0,0:af0:rf1",4,z:t4:q0,4|0|0|1,"th0:ao0,0,0,0",1,0,1,1.0,-1.0,2.0,replan,1
discovery_grid_T4b3K2L3_anticor,anticor,"n:t4:obs0,0,1,1:af0:rf1",4,z:t4:q1,4|1|0|1,"th1:ao1,2,1,2",1,0,1,1.0,1.0,0.0,continue,-1
discovery_grid_T4b3K2L3_anticor,anticor,"n:t4:obs0,0,0,0:af0:rf2",4,z:t4:q0,4|0|0|2,"th0:ao0,0,0,0",1,0,2,1.0,-1.0,2.0,replan,1
discovery_grid_T4b3K2L3_anticor,anticor,"n:t4:obs0,0,1,1:af0:rf2",4,z:t4:q1,4|1|0|2,"th1:ao1,2,1,2",1,0,2,1.0,1.0,0.0,continue,-1
discovery_grid_T4b3K2L3_anticor,anticor,"n:t4:obs0,0,0,0:af1:rf1",4,z:t4:q0,4|0|1|1,"th0:ao0,0,0,0",1,0,1,1.0,1.0,0.0,continue,-1
discovery_grid_T4b3K2L3_anticor,anticor,"n:t4:obs0,0,1,1:af1:rf1",4,z:t4:q1,4|1|1|1,"th1:ao1,2,1,2",1,0,1,1.0,-1.0,2.0,replan,0
discovery_grid_T4b3K2L3_anticor,anticor,"n:t4:obs0,0,0,0:af1:rf2",4,z:t4:q0,4|0|1|2,"th0:ao0,0,0,0",1,0,2,1.0,1.0,0.0,continue,-1
discovery_grid_T4b3K2L3_anticor,anticor,"n:t4:obs0,0,1,1:af1:rf2",4,z:t4:q1,4|1|1|2,"th1:ao1,2,1,2",1,0,2,1.0,-1.0,2.0,replan,0
discovery_grid_T4b3K2L3_anticor,anticor,"n:t4:obs0,0,0,0:af2:rf1",4,z:t4:q0,4|0|2|1,"th0:ao0,0,0,0",1,0,1,1.0,1.0,0.0,continue,-1
discovery_grid_T4b3K2L3_anticor,anticor,"n:t4:obs0,0,1,1:af2:rf1",4,z:t4:q1,4|1|2|1,"th1:ao1,2,1,2",1,0,1,1.0,1.0,0.0,continue,-1
discovery_grid_T4b3K2L3_anticor,anticor,"n:t4:obs0,0,0,0:af2:rf2",4,z:t4:q0,4|0|2|2,"th0:ao0,0,0,0",1,0,2,1.0,1.0,0.0,continue,-1
discovery_grid_T4b3K2L3_anticor,anticor,"n:t4:obs0,0,1,1:af2:rf2",4,z:t4:q1,4|1|2|2,"th1:ao1,2,1,2",1,0,2,1.0,1.0,0.0,continue,-1
discovery_grid_T4b3K3L2_anticor,anticor,n:t1:obs0:af0:rf1,1,z:t1:q0,1|0|0|1,th0:ao0,3,3,1,2.333333333333333,2.333333333333333,0.0,continue,-1
discovery_grid_T4b3K3L2_anticor,anticor,n:t1:obs0:af1:rf1,1,z:t1:q0,1|0|1|1,th0:ao0,3,3,1,2.333333333333333,2.333333333333333,0.0,continue,-1
discovery_grid_T4b3K3L2_anticor,anticor,n:t1:obs0:af2:rf1,1,z:t1:q0,1|0|2|1,th0:ao0,3,3,1,2.333333333333333,2.333333333333333,0.0,continue,-1
discovery_grid_T4b3K3L2_anticor,anticor,"n:t2:obs0,0:af0:rf1",2,z:t2:q0,2|0|0|1,"th0:ao0,0",2,2,1,2.0,1.0,1.0,replan,2
discovery_grid_T4b3K3L2_anticor,anticor,"n:t2:obs0,1:af0:rf1",2,z:t2:q1,2|1|0|1,"th2:ao2,1",1,2,1,2.0,2.0,0.0,continue,-1
discovery_grid_T4b3K3L2_anticor,anticor,"n:t2:obs0,0:af1:rf1",2,z:t2:q0,2|0|1|1,"th0:ao0,0",2,2,1,2.0,1.0,1.0,replan,2
discovery_grid_T4b3K3L2_anticor,anticor,"n:t2:obs0,1:af1:rf1",2,z:t2:q1,2|1|1|1,"th2:ao2,1",1,2,1,2.0,2.0,0.0,continue,-1
discovery_grid_T4b3K3L2_anticor,anticor,"n:t2:obs0,0:af2:rf1",2,z:t2:q0,2|0|2|1,"th0:ao0,0",2,2,1,2.0,2.0,0.0,continue,-1
discovery_grid_T4b3K3L2_anticor,anticor,"n:t2:obs0,1:af2:rf1",2,z:t2:q1,2|1|2|1,"th2:ao2,1",1,2,1,2.0,0.0,2.0,replan,0
discovery_grid_T4b3K3L2_anticor,anticor,"n:t3:obs0,0,0:af0:rf1",3,z:t3:q0,3|0|0|1,"th0:ao0,0,0",1,1,1,1.0,-1.0,2.0,replan,1
discovery_grid_T4b3K3L2_anticor,anticor,"n:t3:obs0,0,1:af0:rf1",3,z:t3:q1,3|1|0|1,"th1:ao1,2,1",1,1,1,1.0,1.0,0.0,continue,-1
discovery_grid_T4b3K3L2_anticor,anticor,"n:t3:obs0,1,1:af0:rf1",3,z:t3:q1,3|1|0|1,"th2:ao2,1,2",1,1,1,1.0,1.0,0.0,continue,-1
discovery_grid_T4b3K3L2_anticor,anticor,"n:t3:obs0,0,0:af1:rf1",3,z:t3:q0,3|0|1|1,"th0:ao0,0,0",1,1,1,1.0,1.0,0.0,continue,-1
discovery_grid_T4b3K3L2_anticor,anticor,"n:t3:obs0,0,1:af1:rf1",3,z:t3:q1,3|1|1|1,"th1:ao1,2,1",1,1,1,1.0,1.0,0.0,continue,-1
discovery_grid_T4b3K3L2_anticor,anticor,"n:t3:obs0,1,1:af1:rf1",3,z:t3:q1,3|1|1|1,"th2:ao2,1,2",1,1,1,1.0,-1.0,2.0,replan,0
discovery_grid_T4b3K3L2_anticor,anticor,"n:t3:obs0,0,0:af2:rf1",3,z:t3:q0,3|0|2|1,"th0:ao0,0,0",1,1,1,1.0,1.0,0.0,continue,-1
discovery_grid_T4b3K3L2_anticor,anticor,"n:t3:obs0,0,1:af2:rf1",3,z:t3:q1,3|1|2|1,"th1:ao1,2,1",1,1,1,1.0,-1.0,2.0,replan,0
discovery_grid_T4b3K3L2_anticor,anticor,"n:t3:obs0,1,1:af2:rf1",3,z:t3:q1,3|1|2|1,"th2:ao2,1,2",1,1,1,1.0,1.0,0.0,continue,-1
discovery_grid_T4b3K3L2_anticor,anticor,"n:t4:obs0,0,0,0:af0:rf1",4,z:t4:q0,4|0|0|1,"th0:ao0,0,0,0",1,0,1,1.0,-1.0,2.0,replan,1
discovery_grid_T4b3K3L2_anticor,anticor,"n:t4:obs0,1,1,0:af0:rf1",4,z:t4:q0,4|0|0|1,"th2:ao2,1,2,1",1,0,1,1.0,1.0,0.0,continue,-1
discovery_grid_T4b3K3L2_anticor,anticor,"n:t4:obs0,0,1,1:af0:rf1",4,z:t4:q1,4|1|0|1,"th1:ao1,2,1,2",1,0,1,1.0,1.0,0.0,continue,-1
discovery_grid_T4b3K3L2_anticor,anticor,"n:t4:obs0,0,0,0:af1:rf1",4,z:t4:q0,4|0|1|1,"th0:ao0,0,0,0",1,0,1,1.0,1.0,0.0,continue,-1
discovery_grid_T4b3K3L2_anticor,anticor,"n:t4:obs0,1,1,0:af1:rf1",4,z:t4:q0,4|0|1|1,"th2:ao2,1,2,1",1,0,1,1.0,1.0,0.0,continue,-1
discovery_grid_T4b3K3L2_anticor,anticor,"n:t4:obs0,0,1,1:af1:rf1",4,z:t4:q1,4|1|1|1,"th1:ao1,2,1,2",1,0,1,1.0,-1.0,2.0,replan,0
discovery_grid_T4b3K3L2_anticor,anticor,"n:t4:obs0,0,0,0:af2:rf1",4,z:t4:q0,4|0|2|1,"th0:ao0,0,0,0",1,0,1,1.0,1.0,0.0,continue,-1
discovery_grid_T4b3K3L2_anticor,anticor,"n:t4:obs0,1,1,0:af2:rf1",4,z:t4:q0,4|0|2|1,"th2:ao2,1,2,1",1,0,1,1.0,-1.0,2.0,replan,0
discovery_grid_T4b3K3L2_anticor,anticor,"n:t4:obs0,0,1,1:af2:rf1",4,z:t4:q1,4|1|2|1,"th1:ao1,2,1,2",1,0,1,1.0,1.0,0.0,continue,-1
discovery_grid_T4b3K3L3_anticor,anticor,n:t1:obs0:af0:rf2,1,z:t1:q0,1|0|0|2,th0:ao0,3,3,2,2.333333333333333,2.333333333333333,0.0,continue,-1
discovery_grid_T4b3K3L3_anticor,anticor,n:t1:obs0:af1:rf2,1,z:t1:q0,1|0|1|2,th0:ao0,3,3,2,2.333333333333333,2.333333333333333,0.0,continue,-1
discovery_grid_T4b3K3L3_anticor,anticor,n:t1:obs0:af2:rf2,1,z:t1:q0,1|0|2|2,th0:ao0,3,3,2,2.333333333333333,2.333333333333333,0.0,continue,-1
discovery_grid_T4b3K3L3_anticor,anticor,"n:t2:obs0,0:af0:rf1",2,z:t2:q0,2|0|0|1,"th0:ao0,0",2,2,1,2.0,1.0,1.0,replan,2
discovery_grid_T4b3K3L3_anticor,anticor,"n:t2:obs0,1:af0:rf1",2,z:t2:q1,2|1|0|1,"th2:ao2,1",1,2,1,2.0,2.0,0.0,continue,-1
discovery_grid_T4b3K3L3_anticor,anticor,"n:t2:obs0,0:af0:rf2",2,z:t2:q0,2|0|0|2,"th0:ao0,0",2,2,2,2.0,1.0,1.0,replan,2
discovery_grid_T4b3K3L3_anticor,anticor,"n:t2:obs0,1:af0:rf2",2,z:t2:q1,2|1|0|2,"th2:ao2,1",1,2,2,2.0,2.0,0.0,continue,-1
discovery_grid_T4b3K3L3_anticor,anticor,"n:t2:obs0,0:af1:rf1",2,z:t2:q0,2|0|1|1,"th0:ao0,0",2,2,1,2.0,1.0,1.0,replan,2
discovery_grid_T4b3K3L3_anticor,anticor,"n:t2:obs0,1:af1:rf1",2,z:t2:q1,2|1|1|1,"th2:ao2,1",1,2,1,2.0,2.0,0.0,continue,-1
discovery_grid_T4b3K3L3_anticor,anticor,"n:t2:obs0,0:af1:rf2",2,z:t2:q0,2|0|1|2,"th0:ao0,0",2,2,2,2.0,1.0,1.0,replan,2
discovery_grid_T4b3K3L3_anticor,anticor,"n:t2:obs0,1:af1:rf2",2,z:t2:q1,2|1|1|2,"th2:ao2,1",1,2,2,2.0,2.0,0.0,continue,-1
discovery_grid_T4b3K3L3_anticor,anticor,"n:t2:obs0,0:af2:rf1",2,z:t2:q0,2|0|2|1,"th0:ao0,0",2,2,1,2.0,2.0,0.0,continue,-1
discovery_grid_T4b3K3L3_anticor,anticor,"n:t2:obs0,1:af2:rf1",2,z:t2:q1,2|1|2|1,"th2:ao2,1",1,2,1,2.0,0.0,2.0,replan,0
discovery_grid_T4b3K3L3_anticor,anticor,"n:t2:obs0,0:af2:rf2",2,z:t2:q0,2|0|2|2,"th0:ao0,0",2,2,2,2.0,2.0,0.0,continue,-1
discovery_grid_T4b3K3L3_anticor,anticor,"n:t2:obs0,1:af2:rf2",2,z:t2:q1,2|1|2|2,"th2:ao2,1",1,2,2,2.0,0.0,2.0,replan,0
discovery_grid_T4b3K3L3_anticor,anticor,"n:t3:obs0,0,0:af0:rf1",3,z:t3:q0,3|0|0|1,"th0:ao0,0,0",1,1,1,1.0,-1.0,2.0,replan,1
discovery_grid_T4b3K3L3_anticor,anticor,"n:t3:obs0,0,1:af0:rf1",3,z:t3:q1,3|1|0|1,"th1:ao1,2,1",1,1,1,1.0,1.0,0.0,continue,-1
discovery_grid_T4b3K3L3_anticor,anticor,"n:t3:obs0,1,1:af0:rf1",3,z:t3:q1,3|1|0|1,"th2:ao2,1,2",1,1,1,1.0,1.0,0.0,continue,-1
discovery_grid_T4b3K3L3_anticor,anticor,"n:t3:obs0,0,0:af0:rf2",3,z:t3:q0,3|0|0|2,"th0:ao0,0,0",1,1,2,1.0,-1.0,2.0,replan,1
discovery_grid_T4b3K3L3_anticor,anticor,"n:t3:obs0,0,1:af0:rf2",3,z:t3:q1,3|1|0|2,"th1:ao1,2,1",1,1,2,1.0,1.0,0.0,continue,-1
discovery_grid_T4b3K3L3_anticor,anticor,"n:t3:obs0,1,1:af0:rf2",3,z:t3:q1,3|1|0|2,"th2:ao2,1,2",1,1,2,1.0,1.0,0.0,continue,-1
discovery_grid_T4b3K3L3_anticor,anticor,"n:t3:obs0,0,0:af1:rf1",3,z:t3:q0,3|0|1|1,"th0:ao0,0,0",1,1,1,1.0,1.0,0.0,continue,-1
discovery_grid_T4b3K3L3_anticor,anticor,"n:t3:obs0,0,1:af1:rf1",3,z:t3:q1,3|1|1|1,"th1:ao1,2,1",1,1,1,1.0,1.0,0.0,continue,-1
discovery_grid_T4b3K3L3_anticor,anticor,"n:t3:obs0,1,1:af1:rf1",3,z:t3:q1,3|1|1|1,"th2:ao2,1,2",1,1,1,1.0,-1.0,2.0,replan,0
discovery_grid_T4b3K3L3_anticor,anticor,"n:t3:obs0,0,0:af1:rf2",3,z:t3:q0,3|0|1|2,"th0:ao0,0,0",1,1,2,1.0,1.0,0.0,continue,-1
discovery_grid_T4b3K3L3_anticor,anticor,"n:t3:obs0,0,1:af1:rf2",3,z:t3:q1,3|1|1|2,"th1:ao1,2,1",1,1,2,1.0,1.0,0.0,continue,-1
discovery_grid_T4b3K3L3_anticor,anticor,"n:t3:obs0,1,1:af1:rf2",3,z:t3:q1,3|1|1|2,"th2:ao2,1,2",1,1,2,1.0,-1.0,2.0,replan,0
discovery_grid_T4b3K3L3_anticor,anticor,"n:t3:obs0,0,0:af2:rf1",3,z:t3:q0,3|0|2|1,"th0:ao0,0,0",1,1,1,1.0,1.0,0.0,continue,-1
discovery_grid_T4b3K3L3_anticor,anticor,"n:t3:obs0,0,1:af2:rf1",3,z:t3:q1,3|1|2|1,"th1:ao1,2,1",1,1,1,1.0,-1.0,2.0,replan,0
discovery_grid_T4b3K3L3_anticor,anticor,"n:t3:obs0,1,1:af2:rf1",3,z:t3:q1,3|1|2|1,"th2:ao2,1,2",1,1,1,1.0,1.0,0.0,continue,-1
discovery_grid_T4b3K3L3_anticor,anticor,"n:t3:obs0,0,0:af2:rf2",3,z:t3:q0,3|0|2|2,"th0:ao0,0,0",1,1,2,1.0,1.0,0.0,continue,-1
discovery_grid_T4b3K3L3_anticor,anticor,"n:t3:obs0,0,1:af2:rf2",3,z:t3:q1,3|1|2|2,"th1:ao1,2,1",1,1,2,1.0,-1.0,2.0,replan,0
discovery_grid_T4b3K3L3_anticor,anticor,"n:t3:obs0,1,1:af2:rf2",3,z:t3:q1,3|1|2|2,"th2:ao2,1,2",1,1,2,1.0,1.0,0.0,continue,-1
discovery_grid_T4b3K3L3_anticor,anticor,"n:t4:obs0,0,0,0:af0:rf1",4,z:t4:q0,4|0|0|1,"th0:ao0,0,0,0",1,0,1,1.0,-1.0,2.0,replan,1
discovery_grid_T4b3K3L3_anticor,anticor,"n:t4:obs0,1,1,0:af0:rf1",4,z:t4:q0,4|0|0|1,"th2:ao2,1,2,1",1,0,1,1.0,1.0,0.0,continue,-1
discovery_grid_T4b3K3L3_anticor,anticor,"n:t4:obs0,0,1,1:af0:rf1",4,z:t4:q1,4|1|0|1,"th1:ao1,2,1,2",1,0,1,1.0,1.0,0.0,continue,-1
discovery_grid_T4b3K3L3_anticor,anticor,"n:t4:obs0,0,0,0:af0:rf2",4,z:t4:q0,4|0|0|2,"th0:ao0,0,0,0",1,0,2,1.0,-1.0,2.0,replan,1
discovery_grid_T4b3K3L3_anticor,anticor,"n:t4:obs0,1,1,0:af0:rf2",4,z:t4:q0,4|0|0|2,"th2:ao2,1,2,1",1,0,2,1.0,1.0,0.0,continue,-1
discovery_grid_T4b3K3L3_anticor,anticor,"n:t4:obs0,0,1,1:af0:rf2",4,z:t4:q1,4|1|0|2,"th1:ao1,2,1,2",1,0,2,1.0,1.0,0.0,continue,-1
discovery_grid_T4b3K3L3_anticor,anticor,"n:t4:obs0,0,0,0:af1:rf1",4,z:t4:q0,4|0|1|1,"th0:ao0,0,0,0",1,0,1,1.0,1.0,0.0,continue,-1
discovery_grid_T4b3K3L3_anticor,anticor,"n:t4:obs0,1,1,0:af1:rf1",4,z:t4:q0,4|0|1|1,"th2:ao2,1,2,1",1,0,1,1.0,1.0,0.0,continue,-1
discovery_grid_T4b3K3L3_anticor,anticor,"n:t4:obs0,0,1,1:af1:rf1",4,z:t4:q1,4|1|1|1,"th1:ao1,2,1,2",1,0,1,1.0,-1.0,2.0,replan,0
discovery_grid_T4b3K3L3_anticor,anticor,"n:t4:obs0,0,0,0:af1:rf2",4,z:t4:q0,4|0|1|2,"th0:ao0,0,0,0",1,0,2,1.0,1.0,0.0,continue,-1
discovery_grid_T4b3K3L3_anticor,anticor,"n:t4:obs0,1,1,0:af1:rf2",4,z:t4:q0,4|0|1|2,"th2:ao2,1,2,1",1,0,2,1.0,1.0,0.0,continue,-1
discovery_grid_T4b3K3L3_anticor,anticor,"n:t4:obs0,0,1,1:af1:rf2",4,z:t4:q1,4|1|1|2,"th1:ao1,2,1,2",1,0,2,1.0,-1.0,2.0,replan,0
discovery_grid_T4b3K3L3_anticor,anticor,"n:t4:obs0,0,0,0:af2:rf1",4,z:t4:q0,4|0|2|1,"th0:ao0,0,0,0",1,0,1,1.0,1.0,0.0,continue,-1
discovery_grid_T4b3K3L3_anticor,anticor,"n:t4:obs0,1,1,0:af2:rf1",4,z:t4:q0,4|0|2|1,"th2:ao2,1,2,1",1,0,1,1.0,-1.0,2.0,replan,0
discovery_grid_T4b3K3L3_anticor,anticor,"n:t4:obs0,0,1,1:af2:rf1",4,z:t4:q1,4|1|2|1,"th1:ao1,2,1,2",1,0,1,1.0,1.0,0.0,continue,-1
discovery_grid_T4b3K3L3_anticor,anticor,"n:t4:obs0,0,0,0:af2:rf2",4,z:t4:q0,4|0|2|2,"th0:ao0,0,0,0",1,0,2,1.0,1.0,0.0,continue,-1
discovery_grid_T4b3K3L3_anticor,anticor,"n:t4:obs0,1,1,0:af2:rf2",4,z:t4:q0,4|0|2|2,"th2:ao2,1,2,1",1,0,2,1.0,-1.0,2.0,replan,0
discovery_grid_T4b3K3L3_anticor,anticor,"n:t4:obs0,0,1,1:af2:rf2",4,z:t4:q1,4|1|2|2,"th1:ao1,2,1,2",1,0,2,1.0,1.0,0.0,continue,-1
discovery_grid_T5b2K2L2_anticor,anticor,n:t1:obs0:af0:rf1,1,z:t1:q0,1|0|0|1,th0:ao0,2,4,1,4.0,2.0,2.0,replan,1
discovery_grid_T5b2K2L2_anticor,anticor,n:t1:obs0:af1:rf1,1,z:t1:q0,1|0|1|1,th0:ao0,2,4,1,4.0,4.0,0.0,continue,-1
discovery_grid_T5b2K2L2_anticor,anticor,"n:t2:obs0,0:af0:rf1",2,z:t2:q0,2|0|0|1,"th0:ao0,0",2,3,1,3.0,1.0,2.0,replan,1
discovery_grid_T5b2K2L2_anticor,anticor,"n:t2:obs0,0:af1:rf1",2,z:t2:q0,2|0|1|1,"th0:ao0,0",2,3,1,3.0,3.0,0.0,continue,-1
discovery_grid_T5b2K2L2_anticor,anticor,"n:t3:obs0,0,0:af0:rf1",3,z:t3:q0,3|0|0|1,"th0:ao0,0,0",2,2,1,2.0,0.0,2.0,replan,1
discovery_grid_T5b2K2L2_anticor,anticor,"n:t3:obs0,0,0:af1:rf1",3,z:t3:q0,3|0|1|1,"th0:ao0,0,0",2,2,1,2.0,2.0,0.0,continue,-1
discovery_grid_T5b2K2L2_anticor,anticor,"n:t4:obs0,0,0,0:af0:rf1",4,z:t4:q0,4|0|0|1,"th0:ao0,0,0,0",2,1,1,1.0,-1.0,2.0,replan,1
discovery_grid_T5b2K2L2_anticor,anticor,"n:t4:obs0,0,0,0:af1:rf1",4,z:t4:q0,4|0|1|1,"th0:ao0,0,0,0",2,1,1,1.0,1.0,0.0,continue,-1
discovery_grid_T5b2K2L2_anticor,anticor,"n:t5:obs0,0,0,0,0:af0:rf1",5,z:t5:q0,5|0|0|1,"th0:ao0,0,0,0,0",2,0,1,1.0,-1.0,2.0,replan,1
discovery_grid_T5b2K2L2_anticor,anticor,"n:t5:obs0,0,0,0,0:af1:rf1",5,z:t5:q0,5|0|1|1,"th0:ao0,0,0,0,0",2,0,1,1.0,1.0,0.0,continue,-1
discovery_grid_T5b2K2L3_anticor,anticor,n:t1:obs0:af0:rf2,1,z:t1:q0,1|0|0|2,th0:ao0,2,4,2,4.0,2.0,2.0,replan,1
discovery_grid_T5b2K2L3_anticor,anticor,n:t1:obs0:af1:rf2,1,z:t1:q0,1|0|1|2,th0:ao0,2,4,2,4.0,4.0,0.0,continue,-1
discovery_grid_T5b2K2L3_anticor,anticor,"n:t2:obs0,0:af0:rf1",2,z:t2:q0,2|0|0|1,"th0:ao0,0",2,3,1,3.0,1.0,2.0,replan,1
discovery_grid_T5b2K2L3_anticor,anticor,"n:t2:obs0,0:af0:rf2",2,z:t2:q0,2|0|0|2,"th0:ao0,0",2,3,2,3.0,1.0,2.0,replan,1
discovery_grid_T5b2K2L3_anticor,anticor,"n:t2:obs0,0:af1:rf1",2,z:t2:q0,2|0|1|1,"th0:ao0,0",2,3,1,3.0,3.0,0.0,continue,-1
discovery_grid_T5b2K2L3_anticor,anticor,"n:t2:obs0,0:af1:rf2",2,z:t2:q0,2|0|1|2,"th0:ao0,0",2,3,2,3.0,3.0,0.0,continue,-1
discovery_grid_T5b2K2L3_anticor,anticor,"n:t3:obs0,0,0:af0:rf1",3,z:t3:q0,3|0|0|1,"th0:ao0,0,0",2,2,1,2.0,0.0,2.0,replan,1
discovery_grid_T5b2K2L3_anticor,anticor,"n:t3:obs0,0,0:af0:rf2",3,z:t3:q0,3|0|0|2,"th0:ao0,0,0",2,2,2,2.0,0.0,2.0,replan,1
discovery_grid_T5b2K2L3_anticor,anticor,"n:t3:obs0,0,0:af1:rf1",3,z:t3:q0,3|0|1|1,"th0:ao0,0,0",2,2,1,2.0,2.0,0.0,continue,-1
discovery_grid_T5b2K2L3_anticor,anticor,"n:t3:obs0,0,0:af1:rf2",3,z:t3:q0,3|0|1|2,"th0:ao0,0,0",2,2,2,2.0,2.0,0.0,continue,-1
discovery_grid_T5b2K2L3_anticor,anticor,"n:t4:obs0,0,0,0:af0:rf1",4,z:t4:q0,4|0|0|1,"th0:ao0,0,0,0",2,1,1,1.0,-1.0,2.0,replan,1
discovery_grid_T5b2K2L3_anticor,anticor,"n:t4:obs0,0,0,0:af0:rf2",4,z:t4:q0,4|0|0|2,"th0:ao0,0,0,0",2,1,2,1.0,-1.0,2.0,replan,1
discovery_grid_T5b2K2L3_anticor,anticor,"n:t4:obs0,0,0,0:af1:rf1",4,z:t4:q0,4|0|1|1,"th0:ao0,0,0,0",2,1,1,1.0,1.0,0.0,continue,-1
discovery_grid_T5b2K2L3_anticor,anticor,"n:t4:obs0,0,0,0:af1:rf2",4,z:t4:q0,4|0|1|2,"th0:ao0,0,0,0",2,1,2,1.0,1.0,0.0,continue,-1
discovery_grid_T5b2K2L3_anticor,anticor,"n:t5:obs0,0,0,0,0:af0:rf1",5,z:t5:q0,5|0|0|1,"th0:ao0,0,0,0,0",2,0,1,1.0,-1.0,2.0,replan,1
discovery_grid_T5b2K2L3_anticor,anticor,"n:t5:obs0,0,0,0,0:af0:rf2",5,z:t5:q0,5|0|0|2,"th0:ao0,0,0,0,0",2,0,2,1.0,-1.0,2.0,replan,1
discovery_grid_T5b2K2L3_anticor,anticor,"n:t5:obs0,0,0,0,0:af1:rf1",5,z:t5:q0,5|0|1|1,"th0:ao0,0,0,0,0",2,0,1,1.0,1.0,0.0,continue,-1
discovery_grid_T5b2K2L3_anticor,anticor,"n:t5:obs0,0,0,0,0:af1:rf2",5,z:t5:q0,5|0|1|2,"th0:ao0,0,0,0,0",2,0,2,1.0,1.0,0.0,continue,-1
discovery_grid_T5b2K3L2_anticor,anticor,n:t1:obs0:af0:rf1,1,z:t1:q0,1|0|0|1,th0:ao0,3,4,1,4.0,2.0,2.0,replan,1
discovery_grid_T5b2K3L2_anticor,anticor,n:t1:obs0:af1:rf1,1,z:t1:q0,1|0|1|1,th0:ao0,3,4,1,4.0,4.0,0.0,continue,-1
discovery_grid_T5b2K3L2_anticor,anticor,"n:t2:obs0,0:af0:rf1",2,z:t2:q0,2|0|0|1,"th0:ao0,0",3,3,1,3.0,1.0,2.0,replan,1
discovery_grid_T5b2K3L2_anticor,anticor,"n:t2:obs0,0:af1:rf1",2,z:t2:q0,2|0|1|1,"th0:ao0,0",3,3,1,3.0,3.0,0.0,continue,-1
discovery_grid_T5b2K3L2_anticor,anticor,"n:t3:obs0,0,0:af0:rf1",3,z:t3:q0,3|0|0|1,"th0:ao0,0,0",3,2,1,2.0,0.0,2.0,replan,1
discovery_grid_T5b2K3L2_anticor,anticor,"n:t3:obs0,0,0:af1:rf1",3,z:t3:q0,3|0|1|1,"th0:ao0,0,0",3,2,1,2.0,2.0,0.0,continue,-1
discovery_grid_T5b2K3L2_anticor,anticor,"n:t4:obs0,0,0,0:af0:rf1",4,z:t4:q0,4|0|0|1,"th0:ao0,0,0,0",3,1,1,1.0,-1.0,2.0,replan,1
discovery_grid_T5b2K3L2_anticor,anticor,"n:t4:obs0,0,0,0:af1:rf1",4,z:t4:q0,4|0|1|1,"th0:ao0,0,0,0",3,1,1,1.0,1.0,0.0,continue,-1
discovery_grid_T5b2K3L2_anticor,anticor,"n:t5:obs0,0,0,0,0:af0:rf1",5,z:t5:q0,5|0|0|1,"th0:ao0,0,0,0,0",3,0,1,1.0,-1.0,2.0,replan,1
discovery_grid_T5b2K3L2_anticor,anticor,"n:t5:obs0,0,0,0,0:af1:rf1",5,z:t5:q0,5|0|1|1,"th0:ao0,0,0,0,0",3,0,1,1.0,1.0,0.0,continue,-1
discovery_grid_T5b2K3L3_anticor,anticor,n:t1:obs0:af0:rf2,1,z:t1:q0,1|0|0|2,th0:ao0,3,4,2,4.0,2.0,2.0,replan,1
discovery_grid_T5b2K3L3_anticor,anticor,n:t1:obs0:af1:rf2,1,z:t1:q0,1|0|1|2,th0:ao0,3,4,2,4.0,4.0,0.0,continue,-1
discovery_grid_T5b2K3L3_anticor,anticor,"n:t2:obs0,0:af0:rf1",2,z:t2:q0,2|0|0|1,"th0:ao0,0",3,3,1,3.0,1.0,2.0,replan,1
discovery_grid_T5b2K3L3_anticor,anticor,"n:t2:obs0,0:af0:rf2",2,z:t2:q0,2|0|0|2,"th0:ao0,0",3,3,2,3.0,1.0,2.0,replan,1
discovery_grid_T5b2K3L3_anticor,anticor,"n:t2:obs0,0:af1:rf1",2,z:t2:q0,2|0|1|1,"th0:ao0,0",3,3,1,3.0,3.0,0.0,continue,-1
discovery_grid_T5b2K3L3_anticor,anticor,"n:t2:obs0,0:af1:rf2",2,z:t2:q0,2|0|1|2,"th0:ao0,0",3,3,2,3.0,3.0,0.0,continue,-1
discovery_grid_T5b2K3L3_anticor,anticor,"n:t3:obs0,0,0:af0:rf1",3,z:t3:q0,3|0|0|1,"th0:ao0,0,0",3,2,1,2.0,0.0,2.0,replan,1
discovery_grid_T5b2K3L3_anticor,anticor,"n:t3:obs0,0,0:af0:rf2",3,z:t3:q0,3|0|0|2,"th0:ao0,0,0",3,2,2,2.0,0.0,2.0,replan,1
discovery_grid_T5b2K3L3_anticor,anticor,"n:t3:obs0,0,0:af1:rf1",3,z:t3:q0,3|0|1|1,"th0:ao0,0,0",3,2,1,2.0,2.0,0.0,continue,-1
discovery_grid_T5b2K3L3_anticor,anticor,"n:t3:obs0,0,0:af1:rf2",3,z:t3:q0,3|0|1|2,"th0:ao0,0,0",3,2,2,2.0,2.0,0.0,continue,-1
discovery_grid_T5b2K3L3_anticor,anticor,"n:t4:obs0,0,0,0:af0:rf1",4,z:t4:q0,4|0|0|1,"th0:ao0,0,0,0",3,1,1,1.0,-1.0,2.0,replan,1
discovery_grid_T5b2K3L3_anticor,anticor,"n:t4:obs0,0,0,0:af0:rf2",4,z:t4:q0,4|0|0|2,"th0:ao0,0,0,0",3,1,2,1.0,-1.0,2.0,replan,1
discovery_grid_T5b2K3L3_anticor,anticor,"n:t4:obs0,0,0,0:af1:rf1",4,z:t4:q0,4|0|1|1,"th0:ao0,0,0,0",3,1,1,1.0,1.0,0.0,continue,-1
discovery_grid_T5b2K3L3_anticor,anticor,"n:t4:obs0,0,0,0:af1:rf2",4,z:t4:q0,4|0|1|2,"th0:ao0,0,0,0",3,1,2,1.0,1.0,0.0,continue,-1
discovery_grid_T5b2K3L3_anticor,anticor,"n:t5:obs0,0,0,0,0:af0:rf1",5,z:t5:q0,5|0|0|1,"th0:ao0,0,0,0,0",3,0,1,1.0,-1.0,2.0,replan,1
discovery_grid_T5b2K3L3_anticor,anticor,"n:t5:obs0,0,0,0,0:af0:rf2",5,z:t5:q0,5|0|0|2,"th0:ao0,0,0,0,0",3,0,2,1.0,-1.0,2.0,replan,1
discovery_grid_T5b2K3L3_anticor,anticor,"n:t5:obs0,0,0,0,0:af1:rf1",5,z:t5:q0,5|0|1|1,"th0:ao0,0,0,0,0",3,0,1,1.0,1.0,0.0,continue,-1
discovery_grid_T5b2K3L3_anticor,anticor,"n:t5:obs0,0,0,0,0:af1:rf2",5,z:t5:q0,5|0|1|2,"th0:ao0,0,0,0,0",3,0,2,1.0,1.0,0.0,continue,-1
discovery_grid_T5b3K2L2_anticor,anticor,n:t1:obs0:af0:rf1,1,z:t1:q0,1|0|0|1,th0:ao0,2,4,1,4.0,3.0,1.0,replan,1
discovery_grid_T5b3K2L2_anticor,anticor,n:t1:obs0:af1:rf1,1,z:t1:q0,1|0|1|1,th0:ao0,2,4,1,4.0,4.0,0.0,continue,-1
discovery_grid_T5b3K2L2_anticor,anticor,n:t1:obs0:af2:rf1,1,z:t1:q0,1|0|2|1,th0:ao0,2,4,1,4.0,3.0,1.0,replan,1
discovery_grid_T5b3K2L2_anticor,anticor,"n:t2:obs0,0:af0:rf1",2,z:t2:q0,2|0|0|1,"th0:ao0,0",2,3,1,3.0,2.0,1.0,replan,2
discovery_grid_T5b3K2L2_anticor,anticor,"n:t2:obs0,0:af1:rf1",2,z:t2:q0,2|0|1|1,"th0:ao0,0",2,3,1,3.0,2.0,1.0,replan,2
discovery_grid_T5b3K2L2_anticor,anticor,"n:t2:obs0,0:af2:rf1",2,z:t2:q0,2|0|2|1,"th0:ao0,0",2,3,1,3.0,3.0,0.0,continue,-1
discovery_grid_T5b3K2L2_anticor,anticor,"n:t3:obs0,0,0:af0:rf1",3,z:t3:q0,3|0|0|1,"th0:ao0,0,0",1,2,1,2.0,0.0,2.0,replan,1
discovery_grid_T5b3K2L2_anticor,anticor,"n:t3:obs0,0,1:af0:rf1",3,z:t3:q1,3|1|0|1,"th1:ao1,2,1",1,2,1,2.0,2.0,0.0,continue,-1
discovery_grid_T5b3K2L2_anticor,anticor,"n:t3:obs0,0,0:af1:rf1",3,z:t3:q0,3|0|1|1,"th0:ao0,0,0",1,2,1,2.0,2.0,0.0,continue,-1
discovery_grid_T5b3K2L2_anticor,anticor,"n:t3:obs0,0,1:af1:rf1",3,z:t3:q1,3|1|1|1,"th1:ao1,2,1",1,2,1,2.0,2.0,0.0,continue,-1
discovery_grid_T5b3K2L2_anticor,anticor,"n:t3:obs0,0,0:af2:rf1",3,z:t3:q0,3|0|2|1,"th0:ao0,0,0",1,2,1,2.0,2.0,0.0,continue,-1
discovery_grid_T5b3K2L2_anticor,anticor,"n:t3:obs0,0,1:af2:rf1",3,z:t3:q1,3|1|2|1,"th1:ao1,2,1",1,2,1,2.0,0.0,2.0,replan,0
discovery_grid_T5b3K2L2_anticor,anticor,"n:t4:obs0,0,0,0:af0:rf1",4,z:t4:q0,4|0|0|1,"th0:ao0,0,0,0",1,1,1,1.0,-1.0,2.0,replan,1
discovery_grid_T5b3K2L2_anticor,anticor,"n:t4:obs0,0,1,1:af0:rf1",4,z:t4:q1,4|1|0|1,"th1:ao1,2,1,2",1,1,1,1.0,1.0,0.0,continue,-1
discovery_grid_T5b3K2L2_anticor,anticor,"n:t4:obs0,0,0,0:af1:rf1",4,z:t4:q0,4|0|1|1,"th0:ao0,0,0,0",1,1,1,1.0,1.0,0.0,continue,-1
discovery_grid_T5b3K2L2_anticor,anticor,"n:t4:obs0,0,1,1:af1:rf1",4,z:t4:q1,4|1|1|1,"th1:ao1,2,1,2",1,1,1,1.0,-1.0,2.0,replan,0
discovery_grid_T5b3K2L2_anticor,anticor,"n:t4:obs0,0,0,0:af2:rf1",4,z:t4:q0,4|0|2|1,"th0:ao0,0,0,0",1,1,1,1.0,1.0,0.0,continue,-1
discovery_grid_T5b3K2L2_anticor,anticor,"n:t4:obs0,0,1,1:af2:rf1",4,z:t4:q1,4|1|2|1,"th1:ao1,2,1,2",1,1,1,1.0,1.0,0.0,continue,-1
discovery_grid_T5b3K2L2_anticor,anticor,"n:t5:obs0,0,0,0,0:af0:rf1",5,z:t5:q0,5|0|0|1,"th0:ao0,0,0,0,0",1,0,1,1.0,-1.0,2.0,replan,1
discovery_grid_T5b3K2L2_anticor,anticor,"n:t5:obs0,0,1,1,0:af0:rf1",5,z:t5:q0,5|0|0|1,"th1:ao1,2,1,2,1",1,0,1,1.0,1.0,0.0,continue,-1
discovery_grid_T5b3K2L2_anticor,anticor,"n:t5:obs0,0,0,0,0:af1:rf1",5,z:t5:q0,5|0|1|1,"th0:ao0,0,0,0,0",1,0,1,1.0,1.0,0.0,continue,-1
discovery_grid_T5b3K2L2_anticor,anticor,"n:t5:obs0,0,1,1,0:af1:rf1",5,z:t5:q0,5|0|1|1,"th1:ao1,2,1,2,1",1,0,1,1.0,1.0,0.0,continue,-1
discovery_grid_T5b3K2L2_anticor,anticor,"n:t5:obs0,0,0,0,0:af2:rf1",5,z:t5:q0,5|0|2|1,"th0:ao0,0,0,0,0",1,0,1,1.0,1.0,0.0,continue,-1
discovery_grid_T5b3K2L2_anticor,anticor,"n:t5:obs0,0,1,1,0:af2:rf1",5,z:t5:q0,5|0|2|1,"th1:ao1,2,1,2,1",1,0,1,1.0,-1.0,2.0,replan,0
discovery_grid_T5b3K2L3_anticor,anticor,n:t1:obs0:af0:rf2,1,z:t1:q0,1|0|0|2,th0:ao0,2,4,2,4.0,3.0,1.0,replan,1
discovery_grid_T5b3K2L3_anticor,anticor,n:t1:obs0:af1:rf2,1,z:t1:q0,1|0|1|2,th0:ao0,2,4,2,4.0,4.0,0.0,continue,-1
discovery_grid_T5b3K2L3_anticor,anticor,n:t1:obs0:af2:rf2,1,z:t1:q0,1|0|2|2,th0:ao0,2,4,2,4.0,3.0,1.0,replan,1
discovery_grid_T5b3K2L3_anticor,anticor,"n:t2:obs0,0:af0:rf1",2,z:t2:q0,2|0|0|1,"th0:ao0,0",2,3,1,3.0,2.0,1.0,replan,2
discovery_grid_T5b3K2L3_anticor,anticor,"n:t2:obs0,0:af0:rf2",2,z:t2:q0,2|0|0|2,"th0:ao0,0",2,3,2,3.0,2.0,1.0,replan,2
discovery_grid_T5b3K2L3_anticor,anticor,"n:t2:obs0,0:af1:rf1",2,z:t2:q0,2|0|1|1,"th0:ao0,0",2,3,1,3.0,2.0,1.0,replan,2
discovery_grid_T5b3K2L3_anticor,anticor,"n:t2:obs0,0:af1:rf2",2,z:t2:q0,2|0|1|2,"th0:ao0,0",2,3,2,3.0,2.0,1.0,replan,2
discovery_grid_T5b3K2L3_anticor,anticor,"n:t2:obs0,0:af2:rf1",2,z:t2:q0,2|0|2|1,"th0:ao0,0",2,3,1,3.0,3.0,0.0,continue,-1
discovery_grid_T5b3K2L3_anticor,anticor,"n:t2:obs0,0:af2:rf2",2,z:t2:q0,2|0|2|2,"th0:ao0,0",2,3,2,3.0,3.0,0.0,continue,-1
discovery_grid_T5b3K2L3_anticor,anticor,"n:t3:obs0,0,0:af0:rf1",3,z:t3:q0,3|0|0|1,"th0:ao0,0,0",1,2,1,2.0,0.0,2.0,replan,1
discovery_grid_T5b3K2L3_anticor,anticor,"n:t3:obs0,0,1:af0:rf1",3,z:t3:q1,3|1|0|1,"th1:ao1,2,1",1,2,1,2.0,2.0,0.0,continue,-1
discovery_grid_T5b3K2L3_anticor,anticor,"n:t3:obs0,0,0:af0:rf2",3,z:t3:q0,3|0|0|2,"th0:ao0,0,0",1,2,2,2.0,0.0,2.0,replan,1
discovery_grid_T5b3K2L3_anticor,anticor,"n:t3:obs0,0,1:af0:rf2",3,z:t3:q1,3|1|0|2,"th1:ao1,2,1",1,2,2,2.0,2.0,0.0,continue,-1
discovery_grid_T5b3K2L3_anticor,anticor,"n:t3:obs0,0,0:af1:rf1",3,z:t3:q0,3|0|1|1,"th0:ao0,0,0",1,2,1,2.0,2.0,0.0,continue,-1
discovery_grid_T5b3K2L3_anticor,anticor,"n:t3:obs0,0,1:af1:rf1",3,z:t3:q1,3|1|1|1,"th1:ao1,2,1",1,2,1,2.0,2.0,0.0,continue,-1
discovery_grid_T5b3K2L3_anticor,anticor,"n:t3:obs0,0,0:af1:rf2",3,z:t3:q0,3|0|1|2,"th0:ao0,0,0",1,2,2,2.0,2.0,0.0,continue,-1
discovery_grid_T5b3K2L3_anticor,anticor,"n:t3:obs0,0,1:af1:rf2",3,z:t3:q1,3|1|1|2,"th1:ao1,2,1",1,2,2,2.0,2.0,0.0,continue,-1
discovery_grid_T5b3K2L3_anticor,anticor,"n:t3:obs0,0,0:af2:rf1",3,z:t3:q0,3|0|2|1,"th0:ao0,0,0",1,2,1,2.0,2.0,0.0,continue,-1
discovery_grid_T5b3K2L3_anticor,anticor,"n:t3:obs0,0,1:af2:rf1",3,z:t3:q1,3|1|2|1,"th1:ao1,2,1",1,2,1,2.0,0.0,2.0,replan,0
discovery_grid_T5b3K2L3_anticor,anticor,"n:t3:obs0,0,0:af2:rf2",3,z:t3:q0,3|0|2|2,"th0:ao0,0,0",1,2,2,2.0,2.0,0.0,continue,-1
discovery_grid_T5b3K2L3_anticor,anticor,"n:t3:obs0,0,1:af2:rf2",3,z:t3:q1,3|1|2|2,"th1:ao1,2,1",1,2,2,2.0,0.0,2.0,replan,0
discovery_grid_T5b3K2L3_anticor,anticor,"n:t4:obs0,0,0,0:af0:rf1",4,z:t4:q0,4|0|0|1,"th0:ao0,0,0,0",1,1,1,1.0,-1.0,2.0,replan,1
discovery_grid_T5b3K2L3_anticor,anticor,"n:t4:obs0,0,1,1:af0:rf1",4,z:t4:q1,4|1|0|1,"th1:ao1,2,1,2",1,1,1,1.0,1.0,0.0,continue,-1
discovery_grid_T5b3K2L3_anticor,anticor,"n:t4:obs0,0,0,0:af0:rf2",4,z:t4:q0,4|0|0|2,"th0:ao0,0,0,0",1,1,2,1.0,-1.0,2.0,replan,1
discovery_grid_T5b3K2L3_anticor,anticor,"n:t4:obs0,0,1,1:af0:rf2",4,z:t4:q1,4|1|0|2,"th1:ao1,2,1,2",1,1,2,1.0,1.0,0.0,continue,-1
discovery_grid_T5b3K2L3_anticor,anticor,"n:t4:obs0,0,0,0:af1:rf1",4,z:t4:q0,4|0|1|1,"th0:ao0,0,0,0",1,1,1,1.0,1.0,0.0,continue,-1
discovery_grid_T5b3K2L3_anticor,anticor,"n:t4:obs0,0,1,1:af1:rf1",4,z:t4:q1,4|1|1|1,"th1:ao1,2,1,2",1,1,1,1.0,-1.0,2.0,replan,0
discovery_grid_T5b3K2L3_anticor,anticor,"n:t4:obs0,0,0,0:af1:rf2",4,z:t4:q0,4|0|1|2,"th0:ao0,0,0,0",1,1,2,1.0,1.0,0.0,continue,-1
discovery_grid_T5b3K2L3_anticor,anticor,"n:t4:obs0,0,1,1:af1:rf2",4,z:t4:q1,4|1|1|2,"th1:ao1,2,1,2",1,1,2,1.0,-1.0,2.0,replan,0
discovery_grid_T5b3K2L3_anticor,anticor,"n:t4:obs0,0,0,0:af2:rf1",4,z:t4:q0,4|0|2|1,"th0:ao0,0,0,0",1,1,1,1.0,1.0,0.0,continue,-1
discovery_grid_T5b3K2L3_anticor,anticor,"n:t4:obs0,0,1,1:af2:rf1",4,z:t4:q1,4|1|2|1,"th1:ao1,2,1,2",1,1,1,1.0,1.0,0.0,continue,-1
discovery_grid_T5b3K2L3_anticor,anticor,"n:t4:obs0,0,0,0:af2:rf2",4,z:t4:q0,4|0|2|2,"th0:ao0,0,0,0",1,1,2,1.0,1.0,0.0,continue,-1
discovery_grid_T5b3K2L3_anticor,anticor,"n:t4:obs0,0,1,1:af2:rf2",4,z:t4:q1,4|1|2|2,"th1:ao1,2,1,2",1,1,2,1.0,1.0,0.0,continue,-1
discovery_grid_T5b3K2L3_anticor,anticor,"n:t5:obs0,0,0,0,0:af0:rf1",5,z:t5:q0,5|0|0|1,"th0:ao0,0,0,0,0",1,0,1,1.0,-1.0,2.0,replan,1
discovery_grid_T5b3K2L3_anticor,anticor,"n:t5:obs0,0,1,1,0:af0:rf1",5,z:t5:q0,5|0|0|1,"th1:ao1,2,1,2,1",1,0,1,1.0,1.0,0.0,continue,-1
discovery_grid_T5b3K2L3_anticor,anticor,"n:t5:obs0,0,0,0,0:af0:rf2",5,z:t5:q0,5|0|0|2,"th0:ao0,0,0,0,0",1,0,2,1.0,-1.0,2.0,replan,1
discovery_grid_T5b3K2L3_anticor,anticor,"n:t5:obs0,0,1,1,0:af0:rf2",5,z:t5:q0,5|0|0|2,"th1:ao1,2,1,2,1",1,0,2,1.0,1.0,0.0,continue,-1
discovery_grid_T5b3K2L3_anticor,anticor,"n:t5:obs0,0,0,0,0:af1:rf1",5,z:t5:q0,5|0|1|1,"th0:ao0,0,0,0,0",1,0,1,1.0,1.0,0.0,continue,-1
discovery_grid_T5b3K2L3_anticor,anticor,"n:t5:obs0,0,1,1,0:af1:rf1",5,z:t5:q0,5|0|1|1,"th1:ao1,2,1,2,1",1,0,1,1.0,1.0,0.0,continue,-1
discovery_grid_T5b3K2L3_anticor,anticor,"n:t5:obs0,0,0,0,0:af1:rf2",5,z:t5:q0,5|0|1|2,"th0:ao0,0,0,0,0",1,0,2,1.0,1.0,0.0,continue,-1
discovery_grid_T5b3K2L3_anticor,anticor,"n:t5:obs0,0,1,1,0:af1:rf2",5,z:t5:q0,5|0|1|2,"th1:ao1,2,1,2,1",1,0,2,1.0,1.0,0.0,continue,-1
discovery_grid_T5b3K2L3_anticor,anticor,"n:t5:obs0,0,0,0,0:af2:rf1",5,z:t5:q0,5|0|2|1,"th0:ao0,0,0,0,0",1,0,1,1.0,1.0,0.0,continue,-1
discovery_grid_T5b3K2L3_anticor,anticor,"n:t5:obs0,0,1,1,0:af2:rf1",5,z:t5:q0,5|0|2|1,"th1:ao1,2,1,2,1",1,0,1,1.0,-1.0,2.0,replan,0
discovery_grid_T5b3K2L3_anticor,anticor,"n:t5:obs0,0,0,0,0:af2:rf2",5,z:t5:q0,5|0|2|2,"th0:ao0,0,0,0,0",1,0,2,1.0,1.0,0.0,continue,-1
discovery_grid_T5b3K2L3_anticor,anticor,"n:t5:obs0,0,1,1,0:af2:rf2",5,z:t5:q0,5|0|2|2,"th1:ao1,2,1,2,1",1,0,2,1.0,-1.0,2.0,replan,0
discovery_grid_T5b3K3L2_anticor,anticor,n:t1:obs0:af0:rf1,1,z:t1:q0,1|0|0|1,th0:ao0,3,4,1,3.3333333333333335,3.3333333333333335,0.0,continue,-1
discovery_grid_T5b3K3L2_anticor,anticor,n:t1:obs0:af1:rf1,1,z:t1:q0,1|0|1|1,th0:ao0,3,4,1,3.3333333333333335,3.3333333333333335,0.0,continue,-1
discovery_grid_T5b3K3L2_anticor,anticor,n:t1:obs0:af2:rf1,1,z:t1:q0,1|0|2|1,th0:ao0,3,4,1,3.3333333333333335,3.3333333333333335,0.0,continue,-1
discovery_grid_T5b3K3L2_anticor,anticor,"n:t2:obs0,0:af0:rf1",2,z:t2:q0,2|0|0|1,"th0:ao0,0",2,3,1,3.0,2.0,1.0,replan,2
discovery_grid_T5b3K3L2_anticor,anticor,"n:t2:obs0,1:af0:rf1",2,z:t2:q1,2|1|0|1,"th2:ao2,1",1,3,1,3.0,3.0,0.0,continue,-1
discovery_grid_T5b3K3L2_anticor,anticor,"n:t2:obs0,0:af1:rf1",2,z:t2:q0,2|0|1|1,"th0:ao0,0",2,3,1,3.0,2.0,1.0,replan,2
discovery_grid_T5b3K3L2_anticor,anticor,"n:t2:obs0,1:af1:rf1",2,z:t2:q1,2|1|1|1,"th2:ao2,1",1,3,1,3.0,3.0,0.0,continue,-1
discovery_grid_T5b3K3L2_anticor,anticor,"n:t2:obs0,0:af2:rf1",2,z:t2:q0,2|0|2|1,"th0:ao0,0",2,3,1,3.0,3.0,0.0,continue,-1
discovery_grid_T5b3K3L2_anticor,anticor,"n:t2:obs0,1:af2:rf1",2,z:t2:q1,2|1|2|1,"th2:ao2,1",1,3,1,3.0,1.0,2.0,replan,0
discovery_grid_T5b3K3L2_anticor,anticor,"n:t3:obs0,0,0:af0:rf1",3,z:t3:q0,3|0|0|1,"th0:ao0,0,0",1,2,1,2.0,0.0,2.0,replan,1
discovery_grid_T5b3K3L2_anticor,anticor,"n:t3:obs0,0,1:af0:rf1",3,z:t3:q1,3|1|0|1,"th1:ao1,2,1",1,2,1,2.0,2.0,0.0,continue,-1
discovery_grid_T5b3K3L2_anticor,anticor,"n:t3:obs0,1,1:af0:rf1",3,z:t3:q1,3|1|0|1,"th2:ao2,1,2",1,2,1,2.0,2.0,0.0,continue,-1
discovery_grid_T5b3K3L2_anticor,anticor,"n:t3:obs0,0,0:af1:rf1",3,z:t3:q0,3|0|1|1,"th0:ao0,0,0",1,2,1,2.0,2.0,0.0,continue,-1
discovery_grid_T5b3K3L2_anticor,anticor,"n:t3:obs0,0,1:af1:rf1",3,z:t3:q1,3|1|1|1,"th1:ao1,2,1",1,2,1,2.0,2.0,0.0,continue,-1
discovery_grid_T5b3K3L2_anticor,anticor,"n:t3:obs0,1,1:af1:rf1",3,z:t3:q1,3|1|1|1,"th2:ao2,1,2",1,2,1,2.0,0.0,2.0,replan,0
discovery_grid_T5b3K3L2_anticor,anticor,"n:t3:obs0,0,0:af2:rf1",3,z:t3:q0,3|0|2|1,"th0:ao0,0,0",1,2,1,2.0,2.0,0.0,continue,-1
discovery_grid_T5b3K3L2_anticor,anticor,"n:t3:obs0,0,1:af2:rf1",3,z:t3:q1,3|1|2|1,"th1:ao1,2,1",1,2,1,2.0,0.0,2.0,replan,0
discovery_grid_T5b3K3L2_anticor,anticor,"n:t3:obs0,1,1:af2:rf1",3,z:t3:q1,3|1|2|1,"th2:ao2,1,2",1,2,1,2.0,2.0,0.0,continue,-1
discovery_grid_T5b3K3L2_anticor,anticor,"n:t4:obs0,0,0,0:af0:rf1",4,z:t4:q0,4|0|0|1,"th0:ao0,0,0,0",1,1,1,1.0,-1.0,2.0,replan,1
discovery_grid_T5b3K3L2_anticor,anticor,"n:t4:obs0,1,1,0:af0:rf1",4,z:t4:q0,4|0|0|1,"th2:ao2,1,2,1",1,1,1,1.0,1.0,0.0,continue,-1
discovery_grid_T5b3K3L2_anticor,anticor,"n:t4:obs0,0,1,1:af0:rf1",4,z:t4:q1,4|1|0|1,"th1:ao1,2,1,2",1,1,1,1.0,1.0,0.0,continue,-1
discovery_grid_T5b3K3L2_anticor,anticor,"n:t4:obs0,0,0,0:af1:rf1",4,z:t4:q0,4|0|1|1,"th0:ao0,0,0,0",1,1,1,1.0,1.0,0.0,continue,-1
discovery_grid_T5b3K3L2_anticor,anticor,"n:t4:obs0,1,1,0:af1:rf1",4,z:t4:q0,4|0|1|1,"th2:ao2,1,2,1",1,1,1,1.0,1.0,0.0,continue,-1
discovery_grid_T5b3K3L2_anticor,anticor,"n:t4:obs0,0,1,1:af1:rf1",4,z:t4:q1,4|1|1|1,"th1:ao1,2,1,2",1,1,1,1.0,-1.0,2.0,replan,0
discovery_grid_T5b3K3L2_anticor,anticor,"n:t4:obs0,0,0,0:af2:rf1",4,z:t4:q0,4|0|2|1,"th0:ao0,0,0,0",1,1,1,1.0,1.0,0.0,continue,-1
discovery_grid_T5b3K3L2_anticor,anticor,"n:t4:obs0,1,1,0:af2:rf1",4,z:t4:q0,4|0|2|1,"th2:ao2,1,2,1",1,1,1,1.0,-1.0,2.0,replan,0
discovery_grid_T5b3K3L2_anticor,anticor,"n:t4:obs0,0,1,1:af2:rf1",4,z:t4:q1,4|1|2|1,"th1:ao1,2,1,2",1,1,1,1.0,1.0,0.0,continue,-1
discovery_grid_T5b3K3L2_anticor,anticor,"n:t5:obs0,0,0,0,0:af0:rf1",5,z:t5:q0,5|0|0|1,"th0:ao0,0,0,0,0",1,0,1,1.0,-1.0,2.0,replan,1
discovery_grid_T5b3K3L2_anticor,anticor,"n:t5:obs0,0,1,1,0:af0:rf1",5,z:t5:q0,5|0|0|1,"th1:ao1,2,1,2,1",1,0,1,1.0,1.0,0.0,continue,-1
discovery_grid_T5b3K3L2_anticor,anticor,"n:t5:obs0,1,1,0,0:af0:rf1",5,z:t5:q0,5|0|0|1,"th2:ao2,1,2,1,2",1,0,1,1.0,1.0,0.0,continue,-1
discovery_grid_T5b3K3L2_anticor,anticor,"n:t5:obs0,0,0,0,0:af1:rf1",5,z:t5:q0,5|0|1|1,"th0:ao0,0,0,0,0",1,0,1,1.0,1.0,0.0,continue,-1
discovery_grid_T5b3K3L2_anticor,anticor,"n:t5:obs0,0,1,1,0:af1:rf1",5,z:t5:q0,5|0|1|1,"th1:ao1,2,1,2,1",1,0,1,1.0,1.0,0.0,continue,-1
discovery_grid_T5b3K3L2_anticor,anticor,"n:t5:obs0,1,1,0,0:af1:rf1",5,z:t5:q0,5|0|1|1,"th2:ao2,1,2,1,2",1,0,1,1.0,-1.0,2.0,replan,0
discovery_grid_T5b3K3L2_anticor,anticor,"n:t5:obs0,0,0,0,0:af2:rf1",5,z:t5:q0,5|0|2|1,"th0:ao0,0,0,0,0",1,0,1,1.0,1.0,0.0,continue,-1
discovery_grid_T5b3K3L2_anticor,anticor,"n:t5:obs0,0,1,1,0:af2:rf1",5,z:t5:q0,5|0|2|1,"th1:ao1,2,1,2,1",1,0,1,1.0,-1.0,2.0,replan,0
discovery_grid_T5b3K3L2_anticor,anticor,"n:t5:obs0,1,1,0,0:af2:rf1",5,z:t5:q0,5|0|2|1,"th2:ao2,1,2,1,2",1,0,1,1.0,1.0,0.0,continue,-1
discovery_grid_T5b3K3L3_anticor,anticor,n:t1:obs0:af0:rf2,1,z:t1:q0,1|0|0|2,th0:ao0,3,4,2,3.3333333333333335,3.3333333333333335,0.0,continue,-1
discovery_grid_T5b3K3L3_anticor,anticor,n:t1:obs0:af1:rf2,1,z:t1:q0,1|0|1|2,th0:ao0,3,4,2,3.3333333333333335,3.3333333333333335,0.0,continue,-1
discovery_grid_T5b3K3L3_anticor,anticor,n:t1:obs0:af2:rf2,1,z:t1:q0,1|0|2|2,th0:ao0,3,4,2,3.3333333333333335,3.3333333333333335,0.0,continue,-1
discovery_grid_T5b3K3L3_anticor,anticor,"n:t2:obs0,0:af0:rf1",2,z:t2:q0,2|0|0|1,"th0:ao0,0",2,3,1,3.0,2.0,1.0,replan,2
discovery_grid_T5b3K3L3_anticor,anticor,"n:t2:obs0,1:af0:rf1",2,z:t2:q1,2|1|0|1,"th2:ao2,1",1,3,1,3.0,3.0,0.0,continue,-1
discovery_grid_T5b3K3L3_anticor,anticor,"n:t2:obs0,0:af0:rf2",2,z:t2:q0,2|0|0|2,"th0:ao0,0",2,3,2,3.0,2.0,1.0,replan,2
discovery_grid_T5b3K3L3_anticor,anticor,"n:t2:obs0,1:af0:rf2",2,z:t2:q1,2|1|0|2,"th2:ao2,1",1,3,2,3.0,3.0,0.0,continue,-1
discovery_grid_T5b3K3L3_anticor,anticor,"n:t2:obs0,0:af1:rf1",2,z:t2:q0,2|0|1|1,"th0:ao0,0",2,3,1,3.0,2.0,1.0,replan,2
discovery_grid_T5b3K3L3_anticor,anticor,"n:t2:obs0,1:af1:rf1",2,z:t2:q1,2|1|1|1,"th2:ao2,1",1,3,1,3.0,3.0,0.0,continue,-1
discovery_grid_T5b3K3L3_anticor,anticor,"n:t2:obs0,0:af1:rf2",2,z:t2:q0,2|0|1|2,"th0:ao0,0",2,3,2,3.0,2.0,1.0,replan,2
discovery_grid_T5b3K3L3_anticor,anticor,"n:t2:obs0,1:af1:rf2",2,z:t2:q1,2|1|1|2,"th2:ao2,1",1,3,2,3.0,3.0,0.0,continue,-1
discovery_grid_T5b3K3L3_anticor,anticor,"n:t2:obs0,0:af2:rf1",2,z:t2:q0,2|0|2|1,"th0:ao0,0",2,3,1,3.0,3.0,0.0,continue,-1
discovery_grid_T5b3K3L3_anticor,anticor,"n:t2:obs0,1:af2:rf1",2,z:t2:q1,2|1|2|1,"th2:ao2,1",1,3,1,3.0,1.0,2.0,replan,0
discovery_grid_T5b3K3L3_anticor,anticor,"n:t2:obs0,0:af2:rf2",2,z:t2:q0,2|0|2|2,"th0:ao0,0",2,3,2,3.0,3.0,0.0,continue,-1
discovery_grid_T5b3K3L3_anticor,anticor,"n:t2:obs0,1:af2:rf2",2,z:t2:q1,2|1|2|2,"th2:ao2,1",1,3,2,3.0,1.0,2.0,replan,0
discovery_grid_T5b3K3L3_anticor,anticor,"n:t3:obs0,0,0:af0:rf1",3,z:t3:q0,3|0|0|1,"th0:ao0,0,0",1,2,1,2.0,0.0,2.0,replan,1
discovery_grid_T5b3K3L3_anticor,anticor,"n:t3:obs0,0,1:af0:rf1",3,z:t3:q1,3|1|0|1,"th1:ao1,2,1",1,2,1,2.0,2.0,0.0,continue,-1
discovery_grid_T5b3K3L3_anticor,anticor,"n:t3:obs0,1,1:af0:rf1",3,z:t3:q1,3|1|0|1,"th2:ao2,1,2",1,2,1,2.0,2.0,0.0,continue,-1
discovery_grid_T5b3K3L3_anticor,anticor,"n:t3:obs0,0,0:af0:rf2",3,z:t3:q0,3|0|0|2,"th0:ao0,0,0",1,2,2,2.0,0.0,2.0,replan,1
discovery_grid_T5b3K3L3_anticor,anticor,"n:t3:obs0,0,1:af0:rf2",3,z:t3:q1,3|1|0|2,"th1:ao1,2,1",1,2,2,2.0,2.0,0.0,continue,-1
discovery_grid_T5b3K3L3_anticor,anticor,"n:t3:obs0,1,1:af0:rf2",3,z:t3:q1,3|1|0|2,"th2:ao2,1,2",1,2,2,2.0,2.0,0.0,continue,-1
discovery_grid_T5b3K3L3_anticor,anticor,"n:t3:obs0,0,0:af1:rf1",3,z:t3:q0,3|0|1|1,"th0:ao0,0,0",1,2,1,2.0,2.0,0.0,continue,-1
discovery_grid_T5b3K3L3_anticor,anticor,"n:t3:obs0,0,1:af1:rf1",3,z:t3:q1,3|1|1|1,"th1:ao1,2,1",1,2,1,2.0,2.0,0.0,continue,-1
discovery_grid_T5b3K3L3_anticor,anticor,"n:t3:obs0,1,1:af1:rf1",3,z:t3:q1,3|1|1|1,"th2:ao2,1,2",1,2,1,2.0,0.0,2.0,replan,0
discovery_grid_T5b3K3L3_anticor,anticor,"n:t3:obs0,0,0:af1:rf2",3,z:t3:q0,3|0|1|2,"th0:ao0,0,0",1,2,2,2.0,2.0,0.0,continue,-1
discovery_grid_T5b3K3L3_anticor,anticor,"n:t3:obs0,0,1:af1:rf2",3,z:t3:q1,3|1|1|2,"th1:ao1,2,1",1,2,2,2.0,2.0,0.0,continue,-1
discovery_grid_T5b3K3L3_anticor,anticor,"n:t3:obs0,1,1:af1:rf2",3,z:t3:q1,3|1|1|2,"th2:ao2,1,2",1,2,2,2.0,0.0,2.0,replan,0
discovery_grid_T5b3K3L3_anticor,anticor,"n:t3:obs0,0,0:af2:rf1",3,z:t3:q0,3|0|2|1,"th0:ao0,0,0",1,2,1,2.0,2.0,0.0,continue,-1
discovery_grid_T5b3K3L3_anticor,anticor,"n:t3:obs0,0,1:af2:rf1",3,z:t3:q1,3|1|2|1,"th1:ao1,2,1",1,2,1,2.0,0.0,2.0,replan,0
discovery_grid_T5b3K3L3_anticor,anticor,"n:t3:obs0,1,1:af2:rf1",3,z:t3:q1,3|1|2|1,"th2:ao2,1,2",1,2,1,2.0,2.0,0.0,continue,-1
discovery_grid_T5b3K3L3_anticor,anticor,"n:t3:obs0,0,0:af2:rf2",3,z:t3:q0,3|0|2|2,"th0:ao0,0,0",1,2,2,2.0,2.0,0.0,continue,-1
discovery_grid_T5b3K3L3_anticor,anticor,"n:t3:obs0,0,1:af2:rf2",3,z:t3:q1,3|1|2|2,"th1:ao1,2,1",1,2,2,2.0,0.0,2.0,replan,0
discovery_grid_T5b3K3L3_anticor,anticor,"n:t3:obs0,1,1:af2:rf2",3,z:t3:q1,3|1|2|2,"th2:ao2,1,2",1,2,2,2.0,2.0,0.0,continue,-1
discovery_grid_T5b3K3L3_anticor,anticor,"n:t4:obs0,0,0,0:af0:rf1",4,z:t4:q0,4|0|0|1,"th0:ao0,0,0,0",1,1,1,1.0,-1.0,2.0,replan,1
discovery_grid_T5b3K3L3_anticor,anticor,"n:t4:obs0,1,1,0:af0:rf1",4,z:t4:q0,4|0|0|1,"th2:ao2,1,2,1",1,1,1,1.0,1.0,0.0,continue,-1
discovery_grid_T5b3K3L3_anticor,anticor,"n:t4:obs0,0,1,1:af0:rf1",4,z:t4:q1,4|1|0|1,"th1:ao1,2,1,2",1,1,1,1.0,1.0,0.0,continue,-1
discovery_grid_T5b3K3L3_anticor,anticor,"n:t4:obs0,0,0,0:af0:rf2",4,z:t4:q0,4|0|0|2,"th0:ao0,0,0,0",1,1,2,1.0,-1.0,2.0,replan,1
discovery_grid_T5b3K3L3_anticor,anticor,"n:t4:obs0,1,1,0:af0:rf2",4,z:t4:q0,4|0|0|2,"th2:ao2,1,2,1",1,1,2,1.0,1.0,0.0,continue,-1
discovery_grid_T5b3K3L3_anticor,anticor,"n:t4:obs0,0,1,1:af0:rf2",4,z:t4:q1,4|1|0|2,"th1:ao1,2,1,2",1,1,2,1.0,1.0,0.0,continue,-1
discovery_grid_T5b3K3L3_anticor,anticor,"n:t4:obs0,0,0,0:af1:rf1",4,z:t4:q0,4|0|1|1,"th0:ao0,0,0,0",1,1,1,1.0,1.0,0.0,continue,-1
discovery_grid_T5b3K3L3_anticor,anticor,"n:t4:obs0,1,1,0:af1:rf1",4,z:t4:q0,4|0|1|1,"th2:ao2,1,2,1",1,1,1,1.0,1.0,0.0,continue,-1
discovery_grid_T5b3K3L3_anticor,anticor,"n:t4:obs0,0,1,1:af1:rf1",4,z:t4:q1,4|1|1|1,"th1:ao1,2,1,2",1,1,1,1.0,-1.0,2.0,replan,0
discovery_grid_T5b3K3L3_anticor,anticor,"n:t4:obs0,0,0,0:af1:rf2",4,z:t4:q0,4|0|1|2,"th0:ao0,0,0,0",1,1,2,1.0,1.0,0.0,continue,-1
discovery_grid_T5b3K3L3_anticor,anticor,"n:t4:obs0,1,1,0:af1:rf2",4,z:t4:q0,4|0|1|2,"th2:ao2,1,2,1",1,1,2,1.0,1.0,0.0,continue,-1
discovery_grid_T5b3K3L3_anticor,anticor,"n:t4:obs0,0,1,1:af1:rf2",4,z:t4:q1,4|1|1|2,"th1:ao1,2,1,2",1,1,2,1.0,-1.0,2.0,replan,0
discovery_grid_T5b3K3L3_anticor,anticor,"n:t4:obs0,0,0,0:af2:rf1",4,z:t4:q0,4|0|2|1,"th0:ao0,0,0,0",1,1,1,1.0,1.0,0.0,continue,-1
discovery_grid_T5b3K3L3_anticor,anticor,"n:t4:obs0,1,1,0:af2:rf1",4,z:t4:q0,4|0|2|1,"th2:ao2,1,2,1",1,1,1,1.0,-1.0,2.0,replan,0
discovery_grid_T5b3K3L3_anticor,anticor,"n:t4:obs0,0,1,1:af2:rf1",4,z:t4:q1,4|1|2|1,"th1:ao1,2,1,2",1,1,1,1.0,1.0,0.0,continue,-1
discovery_grid_T5b3K3L3_anticor,anticor,"n:t4:obs0,0,0,0:af2:rf2",4,z:t4:q0,4|0|2|2,"th0:ao0,0,0,0",1,1,2,1.0,1.0,0.0,continue,-1
discovery_grid_T5b3K3L3_anticor,anticor,"n:t4:obs0,1,1,0:af2:rf2",4,z:t4:q0,4|0|2|2,"th2:ao2,1,2,1",1,1,2,1.0,-1.0,2.0,replan,0
discovery_grid_T5b3K3L3_anticor,anticor,"n:t4:obs0,0,1,1:af2:rf2",4,z:t4:q1,4|1|2|2,"th1:ao1,2,1,2",1,1,2,1.0,1.0,0.0,continue,-1
discovery_grid_T5b3K3L3_anticor,anticor,"n:t5:obs0,0,0,0,0:af0:rf1",5,z:t5:q0,5|0|0|1,"th0:ao0,0,0,0,0",1,0,1,1.0,-1.0,2.0,replan,1
discovery_grid_T5b3K3L3_anticor,anticor,"n:t5:obs0,0,1,1,0:af0:rf1",5,z:t5:q0,5|0|0|1,"th1:ao1,2,1,2,1",1,0,1,1.0,1.0,0.0,continue,-1
discovery_grid_T5b3K3L3_anticor,anticor,"n:t5:obs0,1,1,0,0:af0:rf1",5,z:t5:q0,5|0|0|1,"th2:ao2,1,2,1,2",1,0,1,1.0,1.0,0.0,continue,-1
discovery_grid_T5b3K3L3_anticor,anticor,"n:t5:obs0,0,0,0,0:af0:rf2",5,z:t5:q0,5|0|0|2,"th0:ao0,0,0,0,0",1,0,2,1.0,-1.0,2.0,replan,1
discovery_grid_T5b3K3L3_anticor,anticor,"n:t5:obs0,0,1,1,0:af0:rf2",5,z:t5:q0,5|0|0|2,"th1:ao1,2,1,2,1",1,0,2,1.0,1.0,0.0,continue,-1
discovery_grid_T5b3K3L3_anticor,anticor,"n:t5:obs0,1,1,0,0:af0:rf2",5,z:t5:q0,5|0|0|2,"th2:ao2,1,2,1,2",1,0,2,1.0,1.0,0.0,continue,-1
discovery_grid_T5b3K3L3_anticor,anticor,"n:t5:obs0,0,0,0,0:af1:rf1",5,z:t5:q0,5|0|1|1,"th0:ao0,0,0,0,0",1,0,1,1.0,1.0,0.0,continue,-1
discovery_grid_T5b3K3L3_anticor,anticor,"n:t5:obs0,0,1,1,0:af1:rf1",5,z:t5:q0,5|0|1|1,"th1:ao1,2,1,2,1",1,0,1,1.0,1.0,0.0,continue,-1
discovery_grid_T5b3K3L3_anticor,anticor,"n:t5:obs0,1,1,0,0:af1:rf1",5,z:t5:q0,5|0|1|1,"th2:ao2,1,2,1,2",1,0,1,1.0,-1.0,2.0,replan,0
discovery_grid_T5b3K3L3_anticor,anticor,"n:t5:obs0,0,0,0,0:af1:rf2",5,z:t5:q0,5|0|1|2,"th0:ao0,0,0,0,0",1,0,2,1.0,1.0,0.0,continue,-1
discovery_grid_T5b3K3L3_anticor,anticor,"n:t5:obs0,0,1,1,0:af1:rf2",5,z:t5:q0,5|0|1|2,"th1:ao1,2,1,2,1",1,0,2,1.0,1.0,0.0,continue,-1
discovery_grid_T5b3K3L3_anticor,anticor,"n:t5:obs0,1,1,0,0:af1:rf2",5,z:t5:q0,5|0|1|2,"th2:ao2,1,2,1,2",1,0,2,1.0,-1.0,2.0,replan,0
discovery_grid_T5b3K3L3_anticor,anticor,"n:t5:obs0,0,0,0,0:af2:rf1",5,z:t5:q0,5|0|2|1,"th0:ao0,0,0,0,0",1,0,1,1.0,1.0,0.0,continue,-1
discovery_grid_T5b3K3L3_anticor,anticor,"n:t5:obs0,0,1,1,0:af2:rf1",5,z:t5:q0,5|0|2|1,"th1:ao1,2,1,2,1",1,0,1,1.0,-1.0,2.0,replan,0
discovery_grid_T5b3K3L3_anticor,anticor,"n:t5:obs0,1,1,0,0:af2:rf1",5,z:t5:q0,5|0|2|1,"th2:ao2,1,2,1,2",1,0,1,1.0,1.0,0.0,continue,-1
discovery_grid_T5b3K3L3_anticor,anticor,"n:t5:obs0,0,0,0,0:af2:rf2",5,z:t5:q0,5|0|2|2,"th0:ao0,0,0,0,0",1,0,2,1.0,1.0,0.0,continue,-1
discovery_grid_T5b3K3L3_anticor,anticor,"n:t5:obs0,0,1,1,0:af2:rf2",5,z:t5:q0,5|0|2|2,"th1:ao1,2,1,2,1",1,0,2,1.0,-1.0,2.0,replan,0
discovery_grid_T5b3K3L3_anticor,anticor,"n:t5:obs0,1,1,0,0:af2:rf2",5,z:t5:q0,5|0|2|2,"th2:ao2,1,2,1,2",1,0,2,1.0,1.0,0.0,continue,-1
discovery_grid_T3b2K2L2_delayed,delayed,n:t1:obs0:af0:rf1,1,z:t1:q0,1|0|0|1,th0:ao0,2,2,1,1.0,1.0,0.0,continue,-1
discovery_grid_T3b2K2L2_delayed,delayed,n:t1:obs0:af1:rf1,1,z:t1:q0,1|0|1|1,th0:ao0,2,2,1,1.0,1.0,0.0,continue,-1
discovery_grid_T3b2K2L2_delayed,delayed,"n:t2:obs0,0:af0:rf1",2,z:t2:q0,2|0|0|1,"th0:ao0,0",2,1,1,1.0,1.0,0.0,continue,-1
discovery_grid_T3b2K2L2_delayed,delayed,"n:t2:obs0,0:af1:rf1",2,z:t2:q0,2|0|1|1,"th0:ao0,0",2,1,1,1.0,-1.0,2.0,replan,0
discovery_grid_T3b2K2L2_delayed,delayed,"n:t3:obs0,0,0:af0:rf1",3,z:t3:q0,3|0|0|1,"th0:ao0,0,0",2,0,1,1.0,1.0,0.0,continue,-1
discovery_grid_T3b2K2L2_delayed,delayed,"n:t3:obs0,0,0:af1:rf1",3,z:t3:q0,3|0|1|1,"th0:ao0,0,0",2,0,1,1.0,-1.0,2.0,replan,0
discovery_grid_T3b2K2L3_delayed,delayed,n:t1:obs0:af0:rf2,1,z:t1:q0,1|0|0|2,th0:ao0,2,2,2,1.0,1.0,0.0,continue,-1
discovery_grid_T3b2K2L3_delayed,delayed,n:t1:obs0:af1:rf2,1,z:t1:q0,1|0|1|2,th0:ao0,2,2,2,1.0,1.0,0.0,continue,-1
discovery_grid_T3b2K2L3_delayed,delayed,"n:t2:obs0,0:af0:rf1",2,z:t2:q0,2|0|0|1,"th0:ao0,0",2,1,1,1.0,1.0,0.0,continue,-1
discovery_grid_T3b2K2L3_delayed,delayed,"n:t2:obs0,0:af0:rf2",2,z:t2:q0,2|0|0|2,"th0:ao0,0",2,1,2,1.0,1.0,0.0,continue,-1
discovery_grid_T3b2K2L3_delayed,delayed,"n:t2:obs0,0:af1:rf1",2,z:t2:q0,2|0|1|1,"th0:ao0,0",2,1,1,1.0,-1.0,2.0,replan,0
discovery_grid_T3b2K2L3_delayed,delayed,"n:t2:obs0,0:af1:rf2",2,z:t2:q0,2|0|1|2,"th0:ao0,0",2,1,2,1.0,-1.0,2.0,replan,0
discovery_grid_T3b2K2L3_delayed,delayed,"n:t3:obs0,0,0:af0:rf1",3,z:t3:q0,3|0|0|1,"th0:ao0,0,0",2,0,1,1.0,1.0,0.0,continue,-1
discovery_grid_T3b2K2L3_delayed,delayed,"n:t3:obs0,0,0:af0:rf2",3,z:t3:q0,3|0|0|2,"th0:ao0,0,0",2,0,2,1.0,1.0,0.0,continue,-1
discovery_grid_T3b2K2L3_delayed,delayed,"n:t3:obs0,0,0:af1:rf1",3,z:t3:q0,3|0|1|1,"th0:ao0,0,0",2,0,1,1.0,-1.0,2.0,replan,0
discovery_grid_T3b2K2L3_delayed,delayed,"n:t3:obs0,0,0:af1:rf2",3,z:t3:q0,3|0|1|2,"th0:ao0,0,0",2,0,2,1.0,-1.0,2.0,replan,0
discovery_grid_T3b2K3L2_delayed,delayed,n:t1:obs0:af0:rf1,1,z:t1:q0,1|0|0|1,th0:ao0,3,2,1,1.0,1.0,0.0,continue,-1
discovery_grid_T3b2K3L2_delayed,delayed,n:t1:obs0:af1:rf1,1,z:t1:q0,1|0|1|1,th0:ao0,3,2,1,1.0,1.0,0.0,continue,-1
discovery_grid_T3b2K3L2_delayed,delayed,"n:t2:obs0,0:af0:rf1",2,z:t2:q0,2|0|0|1,"th0:ao0,0",3,1,1,1.0,1.0,0.0,continue,-1
discovery_grid_T3b2K3L2_delayed,delayed,"n:t2:obs0,0:af1:rf1",2,z:t2:q0,2|0|1|1,"th0:ao0,0",3,1,1,1.0,-1.0,2.0,replan,0
discovery_grid_T3b2K3L2_delayed,delayed,"n:t3:obs0,0,0:af0:rf1",3,z:t3:q0,3|0|0|1,"th0:ao0,0,0",3,0,1,1.0,1.0,0.0,continue,-1
discovery_grid_T3b2K3L2_delayed,delayed,"n:t3:obs0,0,0:af1:rf1",3,z:t3:q0,3|0|1|1,"th0:ao0,0,0",3,0,1,1.0,-1.0,2.0,replan,0
discovery_grid_T3b2K3L3_delayed,delayed,n:t1:obs0:af0:rf2,1,z:t1:q0,1|0|0|2,th0:ao0,3,2,2,1.0,1.0,0.0,continue,-1
discovery_grid_T3b2K3L3_delayed,delayed,n:t1:obs0:af1:rf2,1,z:t1:q0,1|0|1|2,th0:ao0,3,2,2,1.0,1.0,0.0,continue,-1
discovery_grid_T3b2K3L3_delayed,delayed,"n:t2:obs0,0:af0:rf1",2,z:t2:q0,2|0|0|1,"th0:ao0,0",3,1,1,1.0,1.0,0.0,continue,-1
discovery_grid_T3b2K3L3_delayed,delayed,"n:t2:obs0,0:af0:rf2",2,z:t2:q0,2|0|0|2,"th0:ao0,0",3,1,2,1.0,1.0,0.0,continue,-1
discovery_grid_T3b2K3L3_delayed,delayed,"n:t2:obs0,0:af1:rf1",2,z:t2:q0,2|0|1|1,"th0:ao0,0",3,1,1,1.0,-1.0,2.0,replan,0
discovery_grid_T3b2K3L3_delayed,delayed,"n:t2:obs0,0:af1:rf2",2,z:t2:q0,2|0|1|2,"th0:ao0,0",3,1,2,1.0,-1.0,2.0,replan,0
discovery_grid_T3b2K3L3_delayed,delayed,"n:t3:obs0,0,0:af0:rf1",3,z:t3:q0,3|0|0|1,"th0:ao0,0,0",3,0,1,1.0,1.0,0.0,continue,-1
discovery_grid_T3b2K3L3_delayed,delayed,"n:t3:obs0,0,0:af0:rf2",3,z:t3:q0,3|0|0|2,"th0:ao0,0,0",3,0,2,1.0,1.0,0.0,continue,-1
discovery_grid_T3b2K3L3_delayed,delayed,"n:t3:obs0,0,0:af1:rf1",3,z:t3:q0,3|0|1|1,"th0:ao0,0,0",3,0,1,1.0,-1.0,2.0,replan,0
discovery_grid_T3b2K3L3_delayed,delayed,"n:t3:obs0,0,0:af1:rf2",3,z:t3:q0,3|0|1|2,"th0:ao0,0,0",3,0,2,1.0,-1.0,2.0,replan,0
discovery_grid_T3b3K2L2_delayed,delayed,n:t1:obs0:af0:rf1,1,z:t1:q0,1|0|0|1,th0:ao0,2,2,1,0.0,0.0,0.0,continue,-1
discovery_grid_T3b3K2L2_delayed,delayed,n:t1:obs0:af1:rf1,1,z:t1:q0,1|0|1|1,th0:ao0,2,2,1,0.0,0.0,0.0,continue,-1
discovery_grid_T3b3K2L2_delayed,delayed,n:t1:obs0:af2:rf1,1,z:t1:q0,1|0|2|1,th0:ao0,2,2,1,0.0,0.0,0.0,continue,-1
discovery_grid_T3b3K2L2_delayed,delayed,"n:t2:obs0,0:af0:rf1",2,z:t2:q0,2|0|0|1,"th0:ao0,0",2,1,1,0.0,0.0,0.0,continue,-1
discovery_grid_T3b3K2L2_delayed,delayed,"n:t2:obs0,0:af1:rf1",2,z:t2:q0,2|0|1|1,"th0:ao0,0",2,1,1,0.0,0.0,0.0,continue,-1
discovery_grid_T3b3K2L2_delayed,delayed,"n:t2:obs0,0:af2:rf1",2,z:t2:q0,2|0|2|1,"th0:ao0,0",2,1,1,0.0,-1.0,1.0,replan,0
discovery_grid_T3b3K2L2_delayed,delayed,"n:t3:obs0,0,0:af0:rf1",3,z:t3:q0,3|0|0|1,"th0:ao0,0,0",1,0,1,1.0,1.0,0.0,continue,-1
discovery_grid_T3b3K2L2_delayed,delayed,"n:t3:obs0,0,1:af0:rf1",3,z:t3:q1,3|1|0|1,"th1:ao1,2,1",1,0,1,1.0,-1.0,2.0,replan,2
discovery_grid_T3b3K2L2_delayed,delayed,"n:t3:obs0,0,0:af1:rf1",3,z:t3:q0,3|0|1|1,"th0:ao0,0,0",1,0,1,1.0,-1.0,2.0,replan,0
discovery_grid_T3b3K2L2_delayed,delayed,"n:t3:obs0,0,1:af1:rf1",3,z:t3:q1,3|1|1|1,"th1:ao1,2,1",1,0,1,1.0,-1.0,2.0,replan,2
discovery_grid_T3b3K2L2_delayed,delayed,"n:t3:obs0,0,0:af2:rf1",3,z:t3:q0,3|0|2|1,"th0:ao0,0,0",1,0,1,1.0,-1.0,2.0,replan,0
discovery_grid_T3b3K2L2_delayed,delayed,"n:t3:obs0,0,1:af2:rf1",3,z:t3:q1,3|1|2|1,"th1:ao1,2,1",1,0,1,1.0,1.0,0.0,continue,-1
discovery_grid_T3b3K2L3_delayed,delayed,n:t1:obs0:af0:rf2,1,z:t1:q0,1|0|0|2,th0:ao0,2,2,2,0.0,0.0,0.0,continue,-1
discovery_grid_T3b3K2L3_delayed,delayed,n:t1:obs0:af1:rf2,1,z:t1:q0,1|0|1|2,th0:ao0,2,2,2,0.0,0.0,0.0,continue,-1
discovery_grid_T3b3K2L3_delayed,delayed,n:t1:obs0:af2:rf2,1,z:t1:q0,1|0|2|2,th0:ao0,2,2,2,0.0,0.0,0.0,continue,-1
discovery_grid_T3b3K2L3_delayed,delayed,"n:t2:obs0,0:af0:rf1",2,z:t2:q0,2|0|0|1,"th0:ao0,0",2,1,1,0.0,0.0,0.0,continue,-1
discovery_grid_T3b3K2L3_delayed,delayed,"n:t2:obs0,0:af0:rf2",2,z:t2:q0,2|0|0|2,"th0:ao0,0",2,1,2,0.0,0.0,0.0,continue,-1
discovery_grid_T3b3K2L3_delayed,delayed,"n:t2:obs0,0:af1:rf1",2,z:t2:q0,2|0|1|1,"th0:ao0,0",2,1,1,0.0,0.0,0.0,continue,-1
discovery_grid_T3b3K2L3_delayed,delayed,"n:t2:obs0,0:af1:rf2",2,z:t2:q0,2|0|1|2,"th0:ao0,0",2,1,2,0.0,0.0,0.0,continue,-1
discovery_grid_T3b3K2L3_delayed,delayed,"n:t2:obs0,0:af2:rf1",2,z:t2:q0,2|0|2|1,"th0:ao0,0",2,1,1,0.0,-1.0,1.0,replan,0
discovery_grid_T3b3K2L3_delayed,delayed,"n:t2:obs0,0:af2:rf2",2,z:t2:q0,2|0|2|2,"th0:ao0,0",2,1,2,0.0,-1.0,1.0,replan,0
discovery_grid_T3b3K2L3_delayed,delayed,"n:t3:obs0,0,0:af0:rf1",3,z:t3:q0,3|0|0|1,"th0:ao0,0,0",1,0,1,1.0,1.0,0.0,continue,-1
discovery_grid_T3b3K2L3_delayed,delayed,"n:t3:obs0,0,1:af0:rf1",3,z:t3:q1,3|1|0|1,"th1:ao1,2,1",1,0,1,1.0,-1.0,2.0,replan,2
discovery_grid_T3b3K2L3_delayed,delayed,"n:t3:obs0,0,0:af0:rf2",3,z:t3:q0,3|0|0|2,"th0:ao0,0,0",1,0,2,1.0,1.0,0.0,continue,-1
discovery_grid_T3b3K2L3_delayed,delayed,"n:t3:obs0,0,1:af0:rf2",3,z:t3:q1,3|1|0|2,"th1:ao1,2,1",1,0,2,1.0,-1.0,2.0,replan,2
discovery_grid_T3b3K2L3_delayed,delayed,"n:t3:obs0,0,0:af1:rf1",3,z:t3:q0,3|0|1|1,"th0:ao0,0,0",1,0,1,1.0,-1.0,2.0,replan,0
discovery_grid_T3b3K2L3_delayed,delayed,"n:t3:obs0,0,1:af1:rf1",3,z:t3:q1,3|1|1|1,"th1:ao1,2,1",1,0,1,1.0,-1.0,2.0,replan,2
discovery_grid_T3b3K2L3_delayed,delayed,"n:t3:obs0,0,0:af1:rf2",3,z:t3:q0,3|0|1|2,"th0:ao0,0,0",1,0,2,1.0,-1.0,2.0,replan,0
discovery_grid_T3b3K2L3_delayed,delayed,"n:t3:obs0,0,1:af1:rf2",3,z:t3:q1,3|1|1|2,"th1:ao1,2,1",1,0,2,1.0,-1.0,2.0,replan,2
discovery_grid_T3b3K2L3_delayed,delayed,"n:t3:obs0,0,0:af2:rf1",3,z:t3:q0,3|0|2|1,"th0:ao0,0,0",1,0,1,1.0,-1.0,2.0,replan,0
discovery_grid_T3b3K2L3_delayed,delayed,"n:t3:obs0,0,1:af2:rf1",3,z:t3:q1,3|1|2|1,"th1:ao1,2,1",1,0,1,1.0,1.0,0.0,continue,-1
discovery_grid_T3b3K2L3_delayed,delayed,"n:t3:obs0,0,0:af2:rf2",3,z:t3:q0,3|0|2|2,"th0:ao0,0,0",1,0,2,1.0,-1.0,2.0,replan,0
discovery_grid_T3b3K2L3_delayed,delayed,"n:t3:obs0,0,1:af2:rf2",3,z:t3:q1,3|1|2|2,"th1:ao1,2,1",1,0,2,1.0,1.0,0.0,continue,-1
discovery_grid_T3b3K3L2_delayed,delayed,n:t1:obs0:af0:rf1,1,z:t1:q0,1|0|0|1,th0:ao0,3,2,1,0.3333333333333333,0.3333333333333333,0.0,continue,-1
discovery_grid_T3b3K3L2_delayed,delayed,n:t1:obs0:af1:rf1,1,z:t1:q0,1|0|1|1,th0:ao0,3,2,1,0.3333333333333333,0.3333333333333333,0.0,continue,-1
discovery_grid_T3b3K3L2_delayed,delayed,n:t1:obs0:af2:rf1,1,z:t1:q0,1|0|2|1,th0:ao0,3,2,1,0.3333333333333333,0.3333333333333333,0.0,continue,-1
discovery_grid_T3b3K3L2_delayed,delayed,"n:t2:obs0,0:af0:rf1",2,z:t2:q0,2|0|0|1,"th0:ao0,0",2,1,1,0.0,0.0,0.0,continue,-1
discovery_grid_T3b3K3L2_delayed,delayed,"n:t2:obs0,1:af0:rf1",2,z:t2:q1,2|1|0|1,"th2:ao2,1",1,1,1,1.0,-1.0,2.0,replan,2
discovery_grid_T3b3K3L2_delayed,delayed,"n:t2:obs0,0:af1:rf1",2,z:t2:q0,2|0|1|1,"th0:ao0,0",2,1,1,0.0,0.0,0.0,continue,-1
discovery_grid_T3b3K3L2_delayed,delayed,"n:t2:obs0,1:af1:rf1",2,z:t2:q1,2|1|1|1,"th2:ao2,1",1,1,1,1.0,-1.0,2.0,replan,2
discovery_grid_T3b3K3L2_delayed,delayed,"n:t2:obs0,0:af2:rf1",2,z:t2:q0,2|0|2|1,"th0:ao0,0",2,1,1,0.0,-1.0,1.0,replan,0
discovery_grid_T3b3K3L2_delayed,delayed,"n:t2:obs0,1:af2:rf1",2,z:t2:q1,2|1|2|1,"th2:ao2,1",1,1,1,1.0,1.0,0.0,continue,-1
discovery_grid_T3b3K3L2_delayed,delayed,"n:t3:obs0,0,0:af0:rf1",3,z:t3:q0,3|0|0|1,"th0:ao0,0,0",1,0,1,1.0,1.0,0.0,continue,-1
discovery_grid_T3b3K3L2_delayed,delayed,"n:t3:obs0,0,1:af0:rf1",3,z:t3:q1,3|1|0|1,"th1:ao1,2,1",1,0,1,1.0,-1.0,2.0,replan,2
discovery_grid_T3b3K3L2_delayed,delayed,"n:t3:obs0,1,1:af0:rf1",3,z:t3:q1,3|1|0|1,"th2:ao2,1,2",1,0,1,1.0,-1.0,2.0,replan,1
discovery_grid_T3b3K3L2_delayed,delayed,"n:t3:obs0,0,0:af1:rf1",3,z:t3:q0,3|0|1|1,"th0:ao0,0,0",1,0,1,1.0,-1.0,2.0,replan,0
discovery_grid_T3b3K3L2_delayed,delayed,"n:t3:obs0,0,1:af1:rf1",3,z:t3:q1,3|1|1|1,"th1:ao1,2,1",1,0,1,1.0,-1.0,2.0,replan,2
discovery_grid_T3b3K3L2_delayed,delayed,"n:t3:obs0,1,1:af1:rf1",3,z:t3:q1,3|1|1|1,"th2:ao2,1,2",1,0,1,1.0,1.0,0.0,continue,-1
discovery_grid_T3b3K3L2_delayed,delayed,"n:t3:obs0,0,0:af2:rf1",3,z:t3:q0,3|0|2|1,"th0:ao0,0,0",1,0,1,1.0,-1.0,2.0,replan,0
discovery_grid_T3b3K3L2_delayed,delayed,"n:t3:obs0,0,1:af2:rf1",3,z:t3:q1,3|1|2|1,"th1:ao1,2,1",1,0,1,1.0,1.0,0.0,continue,-1
discovery_grid_T3b3K3L2_delayed,delayed,"n:t3:obs0,1,1:af2:rf1",3,z:t3:q1,3|1|2|1,"th2:ao2,1,2",1,0,1,1.0,-1.0,2.0,replan,1
discovery_grid_T3b3K3L3_delayed,delayed,n:t1:obs0:af0:rf2,1,z:t1:q0,1|0|0|2,th0:ao0,3,2,2,0.3333333333333333,0.3333333333333333,0.0,continue,-1
discovery_grid_T3b3K3L3_delayed,delayed,n:t1:obs0:af1:rf2,1,z:t1:q0,1|0|1|2,th0:ao0,3,2,2,0.3333333333333333,0.3333333333333333,0.0,continue,-1
discovery_grid_T3b3K3L3_delayed,delayed,n:t1:obs0:af2:rf2,1,z:t1:q0,1|0|2|2,th0:ao0,3,2,2,0.3333333333333333,0.3333333333333333,0.0,continue,-1
discovery_grid_T3b3K3L3_delayed,delayed,"n:t2:obs0,0:af0:rf1",2,z:t2:q0,2|0|0|1,"th0:ao0,0",2,1,1,0.0,0.0,0.0,continue,-1
discovery_grid_T3b3K3L3_delayed,delayed,"n:t2:obs0,1:af0:rf1",2,z:t2:q1,2|1|0|1,"th2:ao2,1",1,1,1,1.0,-1.0,2.0,replan,2
discovery_grid_T3b3K3L3_delayed,delayed,"n:t2:obs0,0:af0:rf2",2,z:t2:q0,2|0|0|2,"th0:ao0,0",2,1,2,0.0,0.0,0.0,continue,-1
discovery_grid_T3b3K3L3_delayed,delayed,"n:t2:obs0,1:af0:rf2",2,z:t2:q1,2|1|0|2,"th2:ao2,1",1,1,2,1.0,-1.0,2.0,replan,2
discovery_grid_T3b3K3L3_delayed,delayed,"n:t2:obs0,0:af1:rf1",2,z:t2:q0,2|0|1|1,"th0:ao0,0",2,1,1,0.0,0.0,0.0,continue,-1
discovery_grid_T3b3K3L3_delayed,delayed,"n:t2:obs0,1:af1:rf1",2,z:t2:q1,2|1|1|1,"th2:ao2,1",1,1,1,1.0,-1.0,2.0,replan,2
discovery_grid_T3b3K3L3_delayed,delayed,"n:t2:obs0,0:af1:rf2",2,z:t2:q0,2|0|1|2,"th0:ao0,0",2,1,2,0.0,0.0,0.0,continue,-1
discovery_grid_T3b3K3L3_delayed,delayed,"n:t2:obs0,1:af1:rf2",2,z:t2:q1,2|1|1|2,"th2:ao2,1",1,1,2,1.0,-1.0,2.0,replan,2
discovery_grid_T3b3K3L3_delayed,delayed,"n:t2:obs0,0:af2:rf1",2,z:t2:q0,2|0|2|1,"th0:ao0,0",2,1,1,0.0,-1.0,1.0,replan,0
discovery_grid_T3b3K3L3_delayed,delayed,"n:t2:obs0,1:af2:rf1",2,z:t2:q1,2|1|2|1,"th2:ao2,1",1,1,1,1.0,1.0,0.0,continue,-1
discovery_grid_T3b3K3L3_delayed,delayed,"n:t2:obs0,0:af2:rf2",2,z:t2:q0,2|0|2|2,"th0:ao0,0",2,1,2,0.0,-1.0,1.0,replan,0
discovery_grid_T3b3K3L3_delayed,delayed,"n:t2:obs0,1:af2:rf2",2,z:t2:q1,2|1|2|2,"th2:ao2,1",1,1,2,1.0,1.0,0.0,continue,-1
discovery_grid_T3b3K3L3_delayed,delayed,"n:t3:obs0,0,0:af0:rf1",3,z:t3:q0,3|0|0|1,"th0:ao0,0,0",1,0,1,1.0,1.0,0.0,continue,-1
discovery_grid_T3b3K3L3_delayed,delayed,"n:t3:obs0,0,1:af0:rf1",3,z:t3:q1,3|1|0|1,"th1:ao1,2,1",1,0,1,1.0,-1.0,2.0,replan,2
discovery_grid_T3b3K3L3_delayed,delayed,"n:t3:obs0,1,1:af0:rf1",3,z:t3:q1,3|1|0|1,"th2:ao2,1,2",1,0,1,1.0,-1.0,2.0,replan,1
discovery_grid_T3b3K3L3_delayed,delayed,"n:t3:obs0,0,0:af0:rf2",3,z:t3:q0,3|0|0|2,"th0:ao0,0,0",1,0,2,1.0,1.0,0.0,continue,-1
discovery_grid_T3b3K3L3_delayed,delayed,"n:t3:obs0,0,1:af0:rf2",3,z:t3:q1,3|1|0|2,"th1:ao1,2,1",1,0,2,1.0,-1.0,2.0,replan,2
discovery_grid_T3b3K3L3_delayed,delayed,"n:t3:obs0,1,1:af0:rf2",3,z:t3:q1,3|1|0|2,"th2:ao2,1,2",1,0,2,1.0,-1.0,2.0,replan,1
discovery_grid_T3b3K3L3_delayed,delayed,"n:t3:obs0,0,0:af1:rf1",3,z:t3:q0,3|0|1|1,"th0:ao0,0,0",1,0,1,1.0,-1.0,2.0,replan,0
discovery_grid_T3b3K3L3_delayed,delayed,"n:t3:obs0,0,1:af1:rf1",3,z:t3:q1,3|1|1|1,"th1:ao1,2,1",1,0,1,1.0,-1.0,2.0,replan,2
discovery_grid_T3b3K3L3_delayed,delayed,"n:t3:obs0,1,1:af1:rf1",3,z:t3:q1,3|1|1|1,"th2:ao2,1,2",1,0,1,1.0,1.0,0.0,continue,-1
discovery_grid_T3b3K3L3_delayed,delayed,"n:t3:obs0,0,0:af1:rf2",3,z:t3:q0,3|0|1|2,"th0:ao0,0,0",1,0,2,1.0,-1.0,2.0,replan,0
discovery_grid_T3b3K3L3_delayed,delayed,"n:t3:obs0,0,1:af1:rf2",3,z:t3:q1,3|1|1|2,"th1:ao1,2,1",1,0,2,1.0,-1.0,2.0,replan,2
discovery_grid_T3b3K3L3_delayed,delayed,"n:t3:obs0,1,1:af1:rf2",3,z:t3:q1,3|1|1|2,"th2:ao2,1,2",1,0,2,1.0,1.0,0.0,continue,-1
discovery_grid_T3b3K3L3_delayed,delayed,"n:t3:obs0,0,0:af2:rf1",3,z:t3:q0,3|0|2|1,"th0:ao0,0,0",1,0,1,1.0,-1.0,2.0,replan,0
discovery_grid_T3b3K3L3_delayed,delayed,"n:t3:obs0,0,1:af2:rf1",3,z:t3:q1,3|1|2|1,"th1:ao1,2,1",1,0,1,1.0,1.0,0.0,continue,-1
discovery_grid_T3b3K3L3_delayed,delayed,"n:t3:obs0,1,1:af2:rf1",3,z:t3:q1,3|1|2|1,"th2:ao2,1,2",1,0,1,1.0,-1.0,2.0,replan,1
discovery_grid_T3b3K3L3_delayed,delayed,"n:t3:obs0,0,0:af2:rf2",3,z:t3:q0,3|0|2|2,"th0:ao0,0,0",1,0,2,1.0,-1.0,2.0,replan,0
discovery_grid_T3b3K3L3_delayed,delayed,"n:t3:obs0,0,1:af2:rf2",3,z:t3:q1,3|1|2|2,"th1:ao1,2,1",1,0,2,1.0,1.0,0.0,continue,-1
discovery_grid_T3b3K3L3_delayed,delayed,"n:t3:obs0,1,1:af2:rf2",3,z:t3:q1,3|1|2|2,"th2:ao2,1,2",1,0,2,1.0,-1.0,2.0,replan,1
discovery_grid_T4b2K2L2_delayed,delayed,n:t1:obs0:af0:rf1,1,z:t1:q0,1|0|0|1,th0:ao0,2,3,1,1.0,1.0,0.0,continue,-1
discovery_grid_T4b2K2L2_delayed,delayed,n:t1:obs0:af1:rf1,1,z:t1:q0,1|0|1|1,th0:ao0,2,3,1,1.0,1.0,0.0,continue,-1
discovery_grid_T4b2K2L2_delayed,delayed,"n:t2:obs0,0:af0:rf1",2,z:t2:q0,2|0|0|1,"th0:ao0,0",2,2,1,1.0,1.0,0.0,continue,-1
discovery_grid_T4b2K2L2_delayed,delayed,"n:t2:obs0,0:af1:rf1",2,z:t2:q0,2|0|1|1,"th0:ao0,0",2,2,1,1.0,1.0,0.0,continue,-1
discovery_grid_T4b2K2L2_delayed,delayed,"n:t3:obs0,0,0:af0:rf1",3,z:t3:q0,3|0|0|1,"th0:ao0,0,0",2,1,1,1.0,1.0,0.0,continue,-1
discovery_grid_T4b2K2L2_delayed,delayed,"n:t3:obs0,0,0:af1:rf1",3,z:t3:q0,3|0|1|1,"th0:ao0,0,0",2,1,1,1.0,-1.0,2.0,replan,0
discovery_grid_T4b2K2L2_delayed,delayed,"n:t4:obs0,0,0,0:af0:rf1",4,z:t4:q0,4|0|0|1,"th0:ao0,0,0,0",2,0,1,1.0,1.0,0.0,continue,-1
discovery_grid_T4b2K2L2_delayed,delayed,"n:t4:obs0,0,0,0:af1:rf1",4,z:t4:q0,4|0|1|1,"th0:ao0,0,0,0",2,0,1,1.0,-1.0,2.0,replan,0
discovery_grid_T4b2K2L3_delayed,delayed,n:t1:obs0:af0:rf2,1,z:t1:q0,1|0|0|2,th0:ao0,2,3,2,1.0,1.0,0.0,continue,-1
discovery_grid_T4b2K2L3_delayed,delayed,n:t1:obs0:af1:rf2,1,z:t1:q0,1|0|1|2,th0:ao0,2,3,2,1.0,1.0,0.0,continue,-1
discovery_grid_T4b2K2L3_delayed,delayed,"n:t2:obs0,0:af0:rf1",2,z:t2:q0,2|0|0|1,"th0:ao0,0",2,2,1,1.0,1.0,0.0,continue,-1
discovery_grid_T4b2K2L3_delayed,delayed,"n:t2:obs0,0:af0:rf2",2,z:t2:q0,2|0|0|2,"th0:ao0,0",2,2,2,1.0,1.0,0.0,continue,-1
discovery_grid_T4b2K2L3_delayed,delayed,"n:t2:obs0,0:af1:rf1",2,z:t2:q0,2|0|1|1,"th0:ao0,0",2,2,1,1.0,1.0,0.0,continue,-1
discovery_grid_T4b2K2L3_delayed,delayed,"n:t2:obs0,0:af1:rf2",2,z:t2:q0,2|0|1|2,"th0:ao0,0",2,2,2,1.0,1.0,0.0,continue,-1
discovery_grid_T4b2K2L3_delayed,delayed,"n:t3:obs0,0,0:af0:rf1",3,z:t3:q0,3|0|0|1,"th0:ao0,0,0",2,1,1,1.0,1.0,0.0,continue,-1
discovery_grid_T4b2K2L3_delayed,delayed,"n:t3:obs0,0,0:af0:rf2",3,z:t3:q0,3|0|0|2,"th0:ao0,0,0",2,1,2,1.0,1.0,0.0,continue,-1
discovery_grid_T4b2K2L3_delayed,delayed,"n:t3:obs0,0,0:af1:rf1",3,z:t3:q0,3|0|1|1,"th0:ao0,0,0",2,1,1,1.0,-1.0,2.0,replan,0
discovery_grid_T4b2K2L3_delayed,delayed,"n:t3:obs0,0,0:af1:rf2",3,z:t3:q0,3|0|1|2,"th0:ao0,0,0",2,1,2,1.0,-1.0,2.0,replan,0
discovery_grid_T4b2K2L3_delayed,delayed,"n:t4:obs0,0,0,0:af0:rf1",4,z:t4:q0,4|0|0|1,"th0:ao0,0,0,0",2,0,1,1.0,1.0,0.0,continue,-1
discovery_grid_T4b2K2L3_delayed,delayed,"n:t4:obs0,0,0,0:af0:rf2",4,z:t4:q0,4|0|0|2,"th0:ao0,0,0,0",2,0,2,1.0,1.0,0.0,continue,-1
discovery_grid_T4b2K2L3_delayed,delayed,"n:t4:obs0,0,0,0:af1:rf1",4,z:t4:q0,4|0|1|1,"th0:ao0,0,0,0",2,0,1,1.0,-1.0,2.0,replan,0
discovery_grid_T4b2K2L3_delayed,delayed,"n:t4:obs0,0,0,0:af1:rf2",4,z:t4:q0,4|0|1|2,"th0:ao0,0,0,0",2,0,2,1.0,-1.0,2.0,replan,0
discovery_grid_T4b2K3L2_delayed,delayed,n:t1:obs0:af0:rf1,1,z:t1:q0,1|0|0|1,th0:ao0,3,3,1,1.0,1.0,0.0,continue,-1
discovery_grid_T4b2K3L2_delayed,delayed,n:t1:obs0:af1:rf1,1,z:t1:q0,1|0|1|1,th0:ao0,3,3,1,1.0,1.0,0.0,continue,-1
discovery_grid_T4b2K3L2_delayed,delayed,"n:t2:obs0,0:af0:rf1",2,z:t2:q0,2|0|0|1,"th0:ao0,0",3,2,1,1.0,1.0,0.0,continue,-1
discovery_grid_T4b2K3L2_delayed,delayed,"n:t2:obs0,0:af1:rf1",2,z:t2:q0,2|0|1|1,"th0:ao0,0",3,2,1,1.0,1.0,0.0,continue,-1
discovery_grid_T4b2K3L2_delayed,delayed,"n:t3:obs0,0,0:af0:rf1",3,z:t3:q0,3|0|0|1,"th0:ao0,0,0",3,1,1,1.0,1.0,0.0,continue,-1
discovery_grid_T4b2K3L2_delayed,delayed,"n:t3:obs0,0,0:af1:rf1",3,z:t3:q0,3|0|1|1,"th0:ao0,0,0",3,1,1,1.0,-1.0,2.0,replan,0
discovery_grid_T4b2K3L2_delayed,delayed,"n:t4:obs0,0,0,0:af0:rf1",4,z:t4:q0,4|0|0|1,"th0:ao0,0,0,0",3,0,1,1.0,1.0,0.0,continue,-1
discovery_grid_T4b2K3L2_delayed,delayed,"n:t4:obs0,0,0,0:af1:rf1",4,z:t4:q0,4|0|1|1,"th0:ao0,0,0,0",3,0,1,1.0,-1.0,2.0,replan,0
discovery_grid_T4b2K3L3_delayed,delayed,n:t1:obs0:af0:rf2,1,z:t1:q0,1|0|0|2,th0:ao0,3,3,2,1.0,1.0,0.0,continue,-1
discovery_grid_T4b2K3L3_delayed,delayed,n:t1:obs0:af1:rf2,1,z:t1:q0,1|0|1|2,th0:ao0,3,3,2,1.0,1.0,0.0,continue,-1
discovery_grid_T4b2K3L3_delayed,delayed,"n:t2:obs0,0:af0:rf1",2,z:t2:q0,2|0|0|1,"th0:ao0,0",3,2,1,1.0,1.0,0.0,continue,-1
discovery_grid_T4b2K3L3_delayed,delayed,"n:t2:obs0,0:af0:rf2",2,z:t2:q0,2|0|0|2,"th0:ao0,0",3,2,2,1.0,1.0,0.0,continue,-1
discovery_grid_T4b2K3L3_delayed,delayed,"n:t2:obs0,0:af1:rf1",2,z:t2:q0,2|0|1|1,"th0:ao0,0",3,2,1,1.0,1.0,0.0,continue,-1
discovery_grid_T4b2K3L3_delayed,delayed,"n:t2:obs0,0:af1:rf2",2,z:t2:q0,2|0|1|2,"th0:ao0,0",3,2,2,1.0,1.0,0.0,continue,-1
discovery_grid_T4b2K3L3_delayed,delayed,"n:t3:obs0,0,0:af0:rf1",3,z:t3:q0,3|0|0|1,"th0:ao0,0,0",3,1,1,1.0,1.0,0.0,continue,-1
discovery_grid_T4b2K3L3_delayed,delayed,"n:t3:obs0,0,0:af0:rf2",3,z:t3:q0,3|0|0|2,"th0:ao0,0,0",3,1,2,1.0,1.0,0.0,continue,-1
discovery_grid_T4b2K3L3_delayed,delayed,"n:t3:obs0,0,0:af1:rf1",3,z:t3:q0,3|0|1|1,"th0:ao0,0,0",3,1,1,1.0,-1.0,2.0,replan,0
discovery_grid_T4b2K3L3_delayed,delayed,"n:t3:obs0,0,0:af1:rf2",3,z:t3:q0,3|0|1|2,"th0:ao0,0,0",3,1,2,1.0,-1.0,2.0,replan,0
discovery_grid_T4b2K3L3_delayed,delayed,"n:t4:obs0,0,0,0:af0:rf1",4,z:t4:q0,4|0|0|1,"th0:ao0,0,0,0",3,0,1,1.0,1.0,0.0,continue,-1
discovery_grid_T4b2K3L3_delayed,delayed,"n:t4:obs0,0,0,0:af0:rf2",4,z:t4:q0,4|0|0|2,"th0:ao0,0,0,0",3,0,2,1.0,1.0,0.0,continue,-1
discovery_grid_T4b2K3L3_delayed,delayed,"n:t4:obs0,0,0,0:af1:rf1",4,z:t4:q0,4|0|1|1,"th0:ao0,0,0,0",3,0,1,1.0,-1.0,2.0,replan,0
discovery_grid_T4b2K3L3_delayed,delayed,"n:t4:obs0,0,0,0:af1:rf2",4,z:t4:q0,4|0|1|2,"th0:ao0,0,0,0",3,0,2,1.0,-1.0,2.0,replan,0
discovery_grid_T4b3K2L2_delayed,delayed,n:t1:obs0:af0:rf1,1,z:t1:q0,1|0|0|1,th0:ao0,2,3,1,1.0,1.0,0.0,continue,-1
discovery_grid_T4b3K2L2_delayed,delayed,n:t1:obs0:af1:rf1,1,z:t1:q0,1|0|1|1,th0:ao0,2,3,1,1.0,1.0,0.0,continue,-1
discovery_grid_T4b3K2L2_delayed,delayed,n:t1:obs0:af2:rf1,1,z:t1:q0,1|0|2|1,th0:ao0,2,3,1,1.0,1.0,0.0,continue,-1
discovery_grid_T4b3K2L2_delayed,delayed,"n:t2:obs0,0:af0:rf1",2,z:t2:q0,2|0|0|1,"th0:ao0,0",2,2,1,1.0,1.0,0.0,continue,-1
discovery_grid_T4b3K2L2_delayed,delayed,"n:t2:obs0,0:af1:rf1",2,z:t2:q0,2|0|1|1,"th0:ao0,0",2,2,1,1.0,1.0,0.0,continue,-1
discovery_grid_T4b3K2L2_delayed,delayed,"n:t2:obs0,0:af2:rf1",2,z:t2:q0,2|0|2|1,"th0:ao0,0",2,2,1,1.0,1.0,0.0,continue,-1
discovery_grid_T4b3K2L2_delayed,delayed,"n:t3:obs0,0,0:af0:rf1",3,z:t3:q0,3|0|0|1,"th0:ao0,0,0",1,1,1,1.0,1.0,0.0,continue,-1
discovery_grid_T4b3K2L2_delayed,delayed,"n:t3:obs0,0,1:af0:rf1",3,z:t3:q1,3|1|0|1,"th1:ao1,2,1",1,1,1,1.0,-1.0,2.0,replan,2
discovery_grid_T4b3K2L2_delayed,delayed,"n:t3:obs0,0,0:af1:rf1",3,z:t3:q0,3|0|1|1,"th0:ao0,0,0",1,1,1,1.0,-1.0,2.0,replan,0
discovery_grid_T4b3K2L2_delayed,delayed,"n:t3:obs0,0,1:af1:rf1",3,z:t3:q1,3|1|1|1,"th1:ao1,2,1",1,1,1,1.0,-1.0,2.0,replan,2
discovery_grid_T4b3K2L2_delayed,delayed,"n:t3:obs0,0,0:af2:rf1",3,z:t3:q0,3|0|2|1,"th0:ao0,0,0",1,1,1,1.0,-1.0,2.0,replan,0
discovery_grid_T4b3K2L2_delayed,delayed,"n:t3:obs0,0,1:af2:rf1",3,z:t3:q1,3|1|2|1,"th1:ao1,2,1",1,1,1,1.0,1.0,0.0,continue,-1
discovery_grid_T4b3K2L2_delayed,delayed,"n:t4:obs0,0,0,0:af0:rf1",4,z:t4:q0,4|0|0|1,"th0:ao0,0,0,0",1,0,1,1.0,1.0,0.0,continue,-1
discovery_grid_T4b3K2L2_delayed,delayed,"n:t4:obs0,0,1,1:af0:rf1",4,z:t4:q1,4|1|0|1,"th1:ao1,2,1,2",1,0,1,1.0,-1.0,2.0,replan,1
discovery_grid_T4b3K2L2_delayed,delayed,"n:t4:obs0,0,0,0:af1:rf1",4,z:t4:q0,4|0|1|1,"th0:ao0,0,0,0",1,0,1,1.0,-1.0,2.0,replan,0
discovery_grid_T4b3K2L2_delayed,delayed,"n:t4:obs0,0,1,1:af1:rf1",4,z:t4:q1,4|1|1|1,"th1:ao1,2,1,2",1,0,1,1.0,1.0,0.0,continue,-1
discovery_grid_T4b3K2L2_delayed,delayed,"n:t4:obs0,0,0,0:af2:rf1",4,z:t4:q0,4|0|2|1,"th0:ao0,0,0,0",1,0,1,1.0,-1.0,2.0,replan,0
discovery_grid_T4b3K2L2_delayed,delayed,"n:t4:obs0,0,1,1:af2:rf1",4,z:t4:q1,4|1|2|1,"th1:ao1,2,1,2",1,0,1,1.0,-1.0,2.0,replan,1
discovery_grid_T4b3K2L3_delayed,delayed,n:t1:obs0:af0:rf2,1,z:t1:q0,1|0|0|2,th0:ao0,2,3,2,1.0,1.0,0.0,continue,-1
discovery_grid_T4b3K2L3_delayed,delayed,n:t1:obs0:af1:rf2,1,z:t1:q0,1|0|1|2,th0:ao0,2,3,2,1.0,1.0,0.0,continue,-1
discovery_grid_T4b3K2L3_delayed,delayed,n:t1:obs0:af2:rf2,1,z:t1:q0,1|0|2|2,th0:ao0,2,3,2,1.0,1.0,0.0,continue,-1
discovery_grid_T4b3K2L3_delayed,delayed,"n:t2:obs0,0:af0:rf1",2,z:t2:q0,2|0|0|1,"th0:ao0,0",2,2,1,1.0,1.0,0.0,continue,-1
discovery_grid_T4b3K2L3_delayed,delayed,"n:t2:obs0,0:af0:rf2",2,z:t2:q0,2|0|0|2,"th0:ao0,0",2,2,2,1.0,1.0,0.0,continue,-1
discovery_grid_T4b3K2L3_delayed,delayed,"n:t2:obs0,0:af1:rf1",2,z:t2:q0,2|0|1|1,"th0:ao0,0",2,2,1,1.0,1.0,0.0,continue,-1
discovery_grid_T4b3K2L3_delayed,delayed,"n:t2:obs0,0:af1:rf2",2,z:t2:q0,2|0|1|2,"th0:ao0,0",2,2,2,1.0,1.0,0.0,continue,-1
discovery_grid_T4b3K2L3_delayed,delayed,"n:t2:obs0,0:af2:rf1",2,z:t2:q0,2|0|2|1,"th0:ao0,0",2,2,1,1.0,1.0,0.0,continue,-1
discovery_grid_T4b3K2L3_delayed,delayed,"n:t2:obs0,0:af2:rf2",2,z:t2:q0,2|0|2|2,"th0:ao0,0",2,2,2,1.0,1.0,0.0,continue,-1
discovery_grid_T4b3K2L3_delayed,delayed,"n:t3:obs0,0,0:af0:rf1",3,z:t3:q0,3|0|0|1,"th0:ao0,0,0",1,1,1,1.0,1.0,0.0,continue,-1
discovery_grid_T4b3K2L3_delayed,delayed,"n:t3:obs0,0,1:af0:rf1",3,z:t3:q1,3|1|0|1,"th1:ao1,2,1",1,1,1,1.0,-1.0,2.0,replan,2
discovery_grid_T4b3K2L3_delayed,delayed,"n:t3:obs0,0,0:af0:rf2",3,z:t3:q0,3|0|0|2,"th0:ao0,0,0",1,1,2,1.0,1.0,0.0,continue,-1
discovery_grid_T4b3K2L3_delayed,delayed,"n:t3:obs0,0,1:af0:rf2",3,z:t3:q1,3|1|0|2,"th1:ao1,2,1",1,1,2,1.0,-1.0,2.0,replan,2
discovery_grid_T4b3K2L3_delayed,delayed,"n:t3:obs0,0,0:af1:rf1",3,z:t3:q0,3|0|1|1,"th0:ao0,0,0",1,1,1,1.0,-1.0,2.0,replan,0
discovery_grid_T4b3K2L3_delayed,delayed,"n:t3:obs0,0,1:af1:rf1",3,z:t3:q1,3|1|1|1,"th1:ao1,2,1",1,1,1,1.0,-1.0,2.0,replan,2
discovery_grid_T4b3K2L3_delayed,delayed,"n:t3:obs0,0,0:af1:rf2",3,z:t3:q0,3|0|1|2,"th0:ao0,0,0",1,1,2,1.0,-1.0,2.0,replan,0
discovery_grid_T4b3K2L3_delayed,delayed,"n:t3:obs0,0,1:af1:rf2",3,z:t3:q1,3|1|1|2,"th1:ao1,2,1",1,1,2,1.0,-1.0,2.0,replan,2
discovery_grid_T4b3K2L3_delayed,delayed,"n:t3:obs0,0,0:af2:rf1",3,z:t3:q0,3|0|2|1,"th0:ao0,0,0",1,1,1,1.0,-1.0,2.0,replan,0
discovery_grid_T4b3K2L3_delayed,delayed,"n:t3:obs0,0,1:af2:rf1",3,z:t3:q1,3|1|2|1,"th1:ao1,2,1",1,1,1,1.0,1.0,0.0,continue,-1
discovery_grid_T4b3K2L3_delayed,delayed,"n:t3:obs0,0,0:af2:rf2",3,z:t3:q0,3|0|2|2,"th0:ao0,0,0",1,1,2,1.0,-1.0,2.0,replan,0
discovery_grid_T4b3K2L3_delayed,delayed,"n:t3:obs0,0,1:af2:rf2",3,z:t3:q1,3|1|2|2,"th1:ao1,2,1",1,1,2,1.0,1.0,0.0,continue,-1
discovery_grid_T4b3K2L3_delayed,delayed,"n:t4:obs0,0,0,0:af0:rf1",4,z:t4:q0,4|0|0|1,"th0:ao0,0,0,0",1,0,1,1.0,1.0,0.0,continue,-1
discovery_grid_T4b3K2L3_delayed,delayed,"n:t4:obs0,0,1,1:af0:rf1",4,z:t4:q1,4|1|0|1,"th1:ao1,2,1,2",1,0,1,1.0,-1.0,2.0,replan,1
discovery_grid_T4b3K2L3_delayed,delayed,"n:t4:obs0,0,0,0:af0:rf2",4,z:t4:q0,4|0|0|2,"th0:ao0,0,0,0",1,0,2,1.0,1.0,0.0,continue,-1
discovery_grid_T4b3K2L3_delayed,delayed,"n:t4:obs0,0,1,1:af0:rf2",4,z:t4:q1,4|1|0|2,"th1:ao1,2,1,2",1,0,2,1.0,-1.0,2.0,replan,1
discovery_grid_T4b3K2L3_delayed,delayed,"n:t4:obs0,0,0,0:af1:rf1",4,z:t4:q0,4|0|1|1,"th0:ao0,0,0,0",1,0,1,1.0,-1.0,2.0,replan,0
discovery_grid_T4b3K2L3_delayed,delayed,"n:t4:obs0,0,1,1:af1:rf1",4,z:t4:q1,4|1|1|1,"th1:ao1,2,1,2",1,0,1,1.0,1.0,0.0,continue,-1
discovery_grid_T4b3K2L3_delayed,delayed,"n:t4:obs0,0,0,0:af1:rf2",4,z:t4:q0,4|0|1|2,"th0:ao0,0,0,0",1,0,2,1.0,-1.0,2.0,replan,0
discovery_grid_T4b3K2L3_delayed,delayed,"n:t4:obs0,0,1,1:af1:rf2",4,z:t4:q1,4|1|1|2,"th1:ao1,2,1,2",1,0,2,1.0,1.0,0.0,continue,-1
discovery_grid_T4b3K2L3_delayed,delayed,"n:t4:obs0,0,0,0:af2:rf1",4,z:t4:q0,4|0|2|1,"th0:ao0,0,0,0",1,0,1,1.0,-1.0,2.0,replan,0
discovery_grid_T4b3K2L3_delayed,delayed,"n:t4:obs0,0,1,1:af2:rf1",4,z:t4:q1,4|1|2|1,"th1:ao1,2,1,2",1,0,1,1.0,-1.0,2.0,replan,1
discovery_grid_T4b3K2L3_delayed,delayed,"n:t4:obs0,0,0,0:af2:rf2",4,z:t4:q0,4|0|2|2,"th0:ao0,0,0,0",1,0,2,1.0,-1.0,2.0,replan,0
discovery_grid_T4b3K2L3_delayed,delayed,"n:t4:obs0,0,1,1:af2:rf2",4,z:t4:q1,4|1|2|2,"th1:ao1,2,1,2",1,0,2,1.0,-1.0,2.0,replan,1
discovery_grid_T4b3K3L2_delayed,delayed,n:t1:obs0:af0:rf1,1,z:t1:q0,1|0|0|1,th0:ao0,3,3,1,1.0,1.0,0.0,continue,-1
discovery_grid_T4b3K3L2_delayed,delayed,n:t1:obs0:af1:rf1,1,z:t1:q0,1|0|1|1,th0:ao0,3,3,1,1.0,1.0,0.0,continue,-1
discovery_grid_T4b3K3L2_delayed,delayed,n:t1:obs0:af2:rf1,1,z:t1:q0,1|0|2|1,th0:ao0,3,3,1,1.0,1.0,0.0,continue,-1
discovery_grid_T4b3K3L2_delayed,delayed,"n:t2:obs0,0:af0:rf1",2,z:t2:q0,2|0|0|1,"th0:ao0,0",2,2,1,1.0,1.0,0.0,continue,-1
discovery_grid_T4b3K3L2_delayed,delayed,"n:t2:obs0,1:af0:rf1",2,z:t2:q1,2|1|0|1,"th2:ao2,1",1,2,1,1.0,1.0,0.0,continue,-1
discovery_grid_T4b3K3L2_delayed,delayed,"n:t2:obs0,0:af1:rf1",2,z:t2:q0,2|0|1|1,"th0:ao0,0",2,2,1,1.0,1.0,0.0,continue,-1
discovery_grid_T4b3K3L2_delayed,delayed,"n:t2:obs0,1:af1:rf1",2,z:t2:q1,2|1|1|1,"th2:ao2,1",1,2,1,1.0,1.0,0.0,continue,-1
discovery_grid_T4b3K3L2_delayed,delayed,"n:t2:obs0,0:af2:rf1",2,z:t2:q0,2|0|2|1,"th0:ao0,0",2,2,1,1.0,1.0,0.0,continue,-1
discovery_grid_T4b3K3L2_delayed,delayed,"n:t2:obs0,1:af2:rf1",2,z:t2:q1,2|1|2|1,"th2:ao2,1",1,2,1,1.0,1.0,0.0,continue,-1
discovery_grid_T4b3K3L2_delayed,delayed,"n:t3:obs0,0,0:af0:rf1",3,z:t3:q0,3|0|0|1,"th0:ao0,0,0",1,1,1,1.0,1.0,0.0,continue,-1
discovery_grid_T4b3K3L2_delayed,delayed,"n:t3:obs0,0,1:af0:rf1",3,z:t3:q1,3|1|0|1,"th1:ao1,2,1",1,1,1,1.0,-1.0,2.0,replan,2
discovery_grid_T4b3K3L2_delayed,delayed,"n:t3:obs0,1,1:af0:rf1",3,z:t3:q1,3|1|0|1,"th2:ao2,1,2",1,1,1,1.0,-1.0,2.0,replan,1
discovery_grid_T4b3K3L2_delayed,delayed,"n:t3:obs0,0,0:af1:rf1",3,z:t3:q0,3|0|1|1,"th0:ao0,0,0",1,1,1,1.0,-1.0,2.0,replan,0
discovery_grid_T4b3K3L2_delayed,delayed,"n:t3:obs0,0,1:af1:rf1",3,z:t3:q1,3|1|1|1,"th1:ao1,2,1",1,1,1,1.0,-1.0,2.0,replan,2
discovery_grid_T4b3K3L2_delayed,delayed,"n:t3:obs0,1,1:af1:rf1",3,z:t3:q1,3|1|1|1,"th2:ao2,1,2",1,1,1,1.0,1.0,0.0,continue,-1
discovery_grid_T4b3K3L2_delayed,delayed,"n:t3:obs0,0,0:af2:rf1",3,z:t3:q0,3|0|2|1,"th0:ao0,0,0",1,1,1,1.0,-1.0,2.0,replan,0
discovery_grid_T4b3K3L2_delayed,delayed,"n:t3:obs0,0,1:af2:rf1",3,z:t3:q1,3|1|2|1,"th1:ao1,2,1",1,1,1,1.0,1.0,0.0,continue,-1
discovery_grid_T4b3K3L2_delayed,delayed,"n:t3:obs0,1,1:af2:rf1",3,z:t3:q1,3|1|2|1,"th2:ao2,1,2",1,1,1,1.0,-1.0,2.0,replan,1
discovery_grid_T4b3K3L2_delayed,delayed,"n:t4:obs0,0,0,0:af0:rf1",4,z:t4:q0,4|0|0|1,"th0:ao0,0,0,0",1,0,1,1.0,1.0,0.0,continue,-1
discovery_grid_T4b3K3L2_delayed,delayed,"n:t4:obs0,1,1,0:af0:rf1",4,z:t4:q0,4|0|0|1,"th2:ao2,1,2,1",1,0,1,1.0,-1.0,2.0,replan,2
discovery_grid_T4b3K3L2_delayed,delayed,"n:t4:obs0,0,1,1:af0:rf1",4,z:t4:q1,4|1|0|1,"th1:ao1,2,1,2",1,0,1,1.0,-1.0,2.0,replan,1
discovery_grid_T4b3K3L2_delayed,delayed,"n:t4:obs0,0,0,0:af1:rf1",4,z:t4:q0,4|0|1|1,"th0:ao0,0,0,0",1,0,1,1.0,-1.0,2.0,replan,0
discovery_grid_T4b3K3L2_delayed,delayed,"n:t4:obs0,1,1,0:af1:rf1",4,z:t4:q0,4|0|1|1,"th2:ao2,1,2,1",1,0,1,1.0,-1.0,2.0,replan,2
discovery_grid_T4b3K3L2_delayed,delayed,"n:t4:obs0,0,1,1:af1:rf1",4,z:t4:q1,4|1|1|1,"th1:ao1,2,1,2",1,0,1,1.0,1.0,0.0,continue,-1
discovery_grid_T4b3K3L2_delayed,delayed,"n:t4:obs0,0,0,0:af2:rf1",4,z:t4:q0,4|0|2|1,"th0:ao0,0,0,0",1,0,1,1.0,-1.0,2.0,replan,0
discovery_grid_T4b3K3L2_delayed,delayed,"n:t4:obs0,1,1,0:af2:rf1",4,z:t4:q0,4|0|2|1,"th2:ao2,1,2,1",1,0,1,1.0,1.0,0.0,continue,-1
discovery_grid_T4b3K3L2_delayed,delayed,"n:t4:obs0,0,1,1:af2:rf1",4,z:t4:q1,4|1|2|1,"th1:ao1,2,1,2",1,0,1,1.0,-1.0,2.0,replan,1
discovery_grid_T4b3K3L3_delayed,delayed,n:t1:obs0:af0:rf2,1,z:t1:q0,1|0|0|2,th0:ao0,3,3,2,1.0,1.0,0.0,continue,-1
discovery_grid_T4b3K3L3_delayed,delayed,n:t1:obs0:af1:rf2,1,z:t1:q0,1|0|1|2,th0:ao0,3,3,2,1.0,1.0,0.0,continue,-1
discovery_grid_T4b3K3L3_delayed,delayed,n:t1:obs0:af2:rf2,1,z:t1:q0,1|0|2|2,th0:ao0,3,3,2,1.0,1.0,0.0,continue,-1
discovery_grid_T4b3K3L3_delayed,delayed,"n:t2:obs0,0:af0:rf1",2,z:t2:q0,2|0|0|1,"th0:ao0,0",2,2,1,1.0,1.0,0.0,continue,-1
discovery_grid_T4b3K3L3_delayed,delayed,"n:t2:obs0,1:af0:rf1",2,z:t2:q1,2|1|0|1,"th2:ao2,1",1,2,1,1.0,1.0,0.0,continue,-1
discovery_grid_T4b3K3L3_delayed,delayed,"n:t2:obs0,0:af0:rf2",2,z:t2:q0,2|0|0|2,"th0:ao0,0",2,2,2,1.0,1.0,0.0,continue,-1
discovery_grid_T4b3K3L3_delayed,delayed,"n:t2:obs0,1:af0:rf2",2,z:t2:q1,2|1|0|2,"th2:ao2,1",1,2,2,1.0,1.0,0.0,continue,-1
discovery_grid_T4b3K3L3_delayed,delayed,"n:t2:obs0,0:af1:rf1",2,z:t2:q0,2|0|1|1,"th0:ao0,0",2,2,1,1.0,1.0,0.0,continue,-1
discovery_grid_T4b3K3L3_delayed,delayed,"n:t2:obs0,1:af1:rf1",2,z:t2:q1,2|1|1|1,"th2:ao2,1",1,2,1,1.0,1.0,0.0,continue,-1
discovery_grid_T4b3K3L3_delayed,delayed,"n:t2:obs0,0:af1:rf2",2,z:t2:q0,2|0|1|2,"th0:ao0,0",2,2,2,1.0,1.0,0.0,continue,-1
discovery_grid_T4b3K3L3_delayed,delayed,"n:t2:obs0,1:af1:rf2",2,z:t2:q1,2|1|1|2,"th2:ao2,1",1,2,2,1.0,1.0,0.0,continue,-1
discovery_grid_T4b3K3L3_delayed,delayed,"n:t2:obs0,0:af2:rf1",2,z:t2:q0,2|0|2|1,"th0:ao0,0",2,2,1,1.0,1.0,0.0,continue,-1
discovery_grid_T4b3K3L3_delayed,delayed,"n:t2:obs0,1:af2:rf1",2,z:t2:q1,2|1|2|1,"th2:ao2,1",1,2,1,1.0,1.0,0.0,continue,-1
discovery_grid_T4b3K3L3_delayed,delayed,"n:t2:obs0,0:af2:rf2",2,z:t2:q0,2|0|2|2,"th0:ao0,0",2,2,2,1.0,1.0,0.0,continue,-1
discovery_grid_T4b3K3L3_delayed,delayed,"n:t2:obs0,1:af2:rf2",2,z:t2:q1,2|1|2|2,"th2:ao2,1",1,2,2,1.0,1.0,0.0,continue,-1
discovery_grid_T4b3K3L3_delayed,delayed,"n:t3:obs0,0,0:af0:rf1",3,z:t3:q0,3|0|0|1,"th0:ao0,0,0",1,1,1,1.0,1.0,0.0,continue,-1
discovery_grid_T4b3K3L3_delayed,delayed,"n:t3:obs0,0,1:af0:rf1",3,z:t3:q1,3|1|0|1,"th1:ao1,2,1",1,1,1,1.0,-1.0,2.0,replan,2
discovery_grid_T4b3K3L3_delayed,delayed,"n:t3:obs0,1,1:af0:rf1",3,z:t3:q1,3|1|0|1,"th2:ao2,1,2",1,1,1,1.0,-1.0,2.0,replan,1
discovery_grid_T4b3K3L3_delayed,delayed,"n:t3:obs0,0,0:af0:rf2",3,z:t3:q0,3|0|0|2,"th0:ao0,0,0",1,1,2,1.0,1.0,0.0,continue,-1
discovery_grid_T4b3K3L3_delayed,delayed,"n:t3:obs0,0,1:af0:rf2",3,z:t3:q1,3|1|0|2,"th1:ao1,2,1",1,1,2,1.0,-1.0,2.0,replan,2
discovery_grid_T4b3K3L3_delayed,delayed,"n:t3:obs0,1,1:af0:rf2",3,z:t3:q1,3|1|0|2,"th2:ao2,1,2",1,1,2,1.0,-1.0,2.0,replan,1
discovery_grid_T4b3K3L3_delayed,delayed,"n:t3:obs0,0,0:af1:rf1",3,z:t3:q0,3|0|1|1,"th0:ao0,0,0",1,1,1,1.0,-1.0,2.0,replan,0
discovery_grid_T4b3K3L3_delayed,delayed,"n:t3:obs0,0,1:af1:rf1",3,z:t3:q1,3|1|1|1,"th1:ao1,2,1",1,1,1,1.0,-1.0,2.0,replan,2
discovery_grid_T4b3K3L3_delayed,delayed,"n:t3:obs0,1,1:af1:rf1",3,z:t3:q1,3|1|1|1,"th2:ao2,1,2",1,1,1,1.0,1.0,0.0,continue,-1
discovery_grid_T4b3K3L3_delayed,delayed,"n:t3:obs0,0,0:af1:rf2",3,z:t3:q0,3|0|1|2,"th0:ao0,0,0",1,1,2,1.0,-1.0,2.0,replan,0
discovery_grid_T4b3K3L3_delayed,delayed,"n:t3:obs0,0,1:af1:rf2",3,z:t3:q1,3|1|1|2,"th1:ao1,2,1",1,1,2,1.0,-1.0,2.0,replan,2
discovery_grid_T4b3K3L3_delayed,delayed,"n:t3:obs0,1,1:af1:rf2",3,z:t3:q1,3|1|1|2,"th2:ao2,1,2",1,1,2,1.0,1.0,0.0,continue,-1
discovery_grid_T4b3K3L3_delayed,delayed,"n:t3:obs0,0,0:af2:rf1",3,z:t3:q0,3|0|2|1,"th0:ao0,0,0",1,1,1,1.0,-1.0,2.0,replan,0
discovery_grid_T4b3K3L3_delayed,delayed,"n:t3:obs0,0,1:af2:rf1",3,z:t3:q1,3|1|2|1,"th1:ao1,2,1",1,1,1,1.0,1.0,0.0,continue,-1
discovery_grid_T4b3K3L3_delayed,delayed,"n:t3:obs0,1,1:af2:rf1",3,z:t3:q1,3|1|2|1,"th2:ao2,1,2",1,1,1,1.0,-1.0,2.0,replan,1
discovery_grid_T4b3K3L3_delayed,delayed,"n:t3:obs0,0,0:af2:rf2",3,z:t3:q0,3|0|2|2,"th0:ao0,0,0",1,1,2,1.0,-1.0,2.0,replan,0
discovery_grid_T4b3K3L3_delayed,delayed,"n:t3:obs0,0,1:af2:rf2",3,z:t3:q1,3|1|2|2,"th1:ao1,2,1",1,1,2,1.0,1.0,0.0,continue,-1
discovery_grid_T4b3K3L3_delayed,delayed,"n:t3:obs0,1,1:af2:rf2",3,z:t3:q1,3|1|2|2,"th2:ao2,1,2",1,1,2,1.0,-1.0,2.0,replan,1
discovery_grid_T4b3K3L3_delayed,delayed,"n:t4:obs0,0,0,0:af0:rf1",4,z:t4:q0,4|0|0|1,"th0:ao0,0,0,0",1,0,1,1.0,1.0,0.0,continue,-1
discovery_grid_T4b3K3L3_delayed,delayed,"n:t4:obs0,1,1,0:af0:rf1",4,z:t4:q0,4|0|0|1,"th2:ao2,1,2,1",1,0,1,1.0,-1.0,2.0,replan,2
discovery_grid_T4b3K3L3_delayed,delayed,"n:t4:obs0,0,1,1:af0:rf1",4,z:t4:q1,4|1|0|1,"th1:ao1,2,1,2",1,0,1,1.0,-1.0,2.0,replan,1
discovery_grid_T4b3K3L3_delayed,delayed,"n:t4:obs0,0,0,0:af0:rf2",4,z:t4:q0,4|0|0|2,"th0:ao0,0,0,0",1,0,2,1.0,1.0,0.0,continue,-1
discovery_grid_T4b3K3L3_delayed,delayed,"n:t4:obs0,1,1,0:af0:rf2",4,z:t4:q0,4|0|0|2,"th2:ao2,1,2,1",1,0,2,1.0,-1.0,2.0,replan,2
discovery_grid_T4b3K3L3_delayed,delayed,"n:t4:obs0,0,1,1:af0:rf2",4,z:t4:q1,4|1|0|2,"th1:ao1,2,1,2",1,0,2,1.0,-1.0,2.0,replan,1
discovery_grid_T4b3K3L3_delayed,delayed,"n:t4:obs0,0,0,0:af1:rf1",4,z:t4:q0,4|0|1|1,"th0:ao0,0,0,0",1,0,1,1.0,-1.0,2.0,replan,0
discovery_grid_T4b3K3L3_delayed,delayed,"n:t4:obs0,1,1,0:af1:rf1",4,z:t4:q0,4|0|1|1,"th2:ao2,1,2,1",1,0,1,1.0,-1.0,2.0,replan,2
discovery_grid_T4b3K3L3_delayed,delayed,"n:t4:obs0,0,1,1:af1:rf1",4,z:t4:q1,4|1|1|1,"th1:ao1,2,1,2",1,0,1,1.0,1.0,0.0,continue,-1
discovery_grid_T4b3K3L3_delayed,delayed,"n:t4:obs0,0,0,0:af1:rf2",4,z:t4:q0,4|0|1|2,"th0:ao0,0,0,0",1,0,2,1.0,-1.0,2.0,replan,0
discovery_grid_T4b3K3L3_delayed,delayed,"n:t4:obs0,1,1,0:af1:rf2",4,z:t4:q0,4|0|1|2,"th2:ao2,1,2,1",1,0,2,1.0,-1.0,2.0,replan,2
discovery_grid_T4b3K3L3_delayed,delayed,"n:t4:obs0,0,1,1:af1:rf2",4,z:t4:q1,4|1|1|2,"th1:ao1,2,1,2",1,0,2,1.0,1.0,0.0,continue,-1
discovery_grid_T4b3K3L3_delayed,delayed,"n:t4:obs0,0,0,0:af2:rf1",4,z:t4:q0,4|0|2|1,"th0:ao0,0,0,0",1,0,1,1.0,-1.0,2.0,replan,0
discovery_grid_T4b3K3L3_delayed,delayed,"n:t4:obs0,1,1,0:af2:rf1",4,z:t4:q0,4|0|2|1,"th2:ao2,1,2,1",1,0,1,1.0,1.0,0.0,continue,-1
discovery_grid_T4b3K3L3_delayed,delayed,"n:t4:obs0,0,1,1:af2:rf1",4,z:t4:q1,4|1|2|1,"th1:ao1,2,1,2",1,0,1,1.0,-1.0,2.0,replan,1
discovery_grid_T4b3K3L3_delayed,delayed,"n:t4:obs0,0,0,0:af2:rf2",4,z:t4:q0,4|0|2|2,"th0:ao0,0,0,0",1,0,2,1.0,-1.0,2.0,replan,0
discovery_grid_T4b3K3L3_delayed,delayed,"n:t4:obs0,1,1,0:af2:rf2",4,z:t4:q0,4|0|2|2,"th2:ao2,1,2,1",1,0,2,1.0,1.0,0.0,continue,-1
discovery_grid_T4b3K3L3_delayed,delayed,"n:t4:obs0,0,1,1:af2:rf2",4,z:t4:q1,4|1|2|2,"th1:ao1,2,1,2",1,0,2,1.0,-1.0,2.0,replan,1
discovery_grid_T5b2K2L2_delayed,delayed,n:t1:obs0:af0:rf1,1,z:t1:q0,1|0|0|1,th0:ao0,2,4,1,1.0,1.0,0.0,continue,-1
discovery_grid_T5b2K2L2_delayed,delayed,n:t1:obs0:af1:rf1,1,z:t1:q0,1|0|1|1,th0:ao0,2,4,1,1.0,1.0,0.0,continue,-1
discovery_grid_T5b2K2L2_delayed,delayed,"n:t2:obs0,0:af0:rf1",2,z:t2:q0,2|0|0|1,"th0:ao0,0",2,3,1,1.0,1.0,0.0,continue,-1
discovery_grid_T5b2K2L2_delayed,delayed,"n:t2:obs0,0:af1:rf1",2,z:t2:q0,2|0|1|1,"th0:ao0,0",2,3,1,1.0,1.0,0.0,continue,-1
discovery_grid_T5b2K2L2_delayed,delayed,"n:t3:obs0,0,0:af0:rf1",3,z:t3:q0,3|0|0|1,"th0:ao0,0,0",2,2,1,1.0,1.0,0.0,continue,-1
discovery_grid_T5b2K2L2_delayed,delayed,"n:t3:obs0,0,0:af1:rf1",3,z:t3:q0,3|0|1|1,"th0:ao0,0,0",2,2,1,1.0,1.0,0.0,continue,-1
discovery_grid_T5b2K2L2_delayed,delayed,"n:t4:obs0,0,0,0:af0:rf1",4,z:t4:q0,4|0|0|1,"th0:ao0,0,0,0",2,1,1,1.0,1.0,0.0,continue,-1
discovery_grid_T5b2K2L2_delayed,delayed,"n:t4:obs0,0,0,0:af1:rf1",4,z:t4:q0,4|0|1|1,"th0:ao0,0,0,0",2,1,1,1.0,-1.0,2.0,replan,0
discovery_grid_T5b2K2L2_delayed,delayed,"n:t5:obs0,0,0,0,0:af0:rf1",5,z:t5:q0,5|0|0|1,"th0:ao0,0,0,0,0",2,0,1,1.0,1.0,0.0,continue,-1
discovery_grid_T5b2K2L2_delayed,delayed,"n:t5:obs0,0,0,0,0:af1:rf1",5,z:t5:q0,5|0|1|1,"th0:ao0,0,0,0,0",2,0,1,1.0,-1.0,2.0,replan,0
discovery_grid_T5b2K2L3_delayed,delayed,n:t1:obs0:af0:rf2,1,z:t1:q0,1|0|0|2,th0:ao0,2,4,2,1.0,1.0,0.0,continue,-1
discovery_grid_T5b2K2L3_delayed,delayed,n:t1:obs0:af1:rf2,1,z:t1:q0,1|0|1|2,th0:ao0,2,4,2,1.0,1.0,0.0,continue,-1
discovery_grid_T5b2K2L3_delayed,delayed,"n:t2:obs0,0:af0:rf1",2,z:t2:q0,2|0|0|1,"th0:ao0,0",2,3,1,1.0,1.0,0.0,continue,-1
discovery_grid_T5b2K2L3_delayed,delayed,"n:t2:obs0,0:af0:rf2",2,z:t2:q0,2|0|0|2,"th0:ao0,0",2,3,2,1.0,1.0,0.0,continue,-1
discovery_grid_T5b2K2L3_delayed,delayed,"n:t2:obs0,0:af1:rf1",2,z:t2:q0,2|0|1|1,"th0:ao0,0",2,3,1,1.0,1.0,0.0,continue,-1
discovery_grid_T5b2K2L3_delayed,delayed,"n:t2:obs0,0:af1:rf2",2,z:t2:q0,2|0|1|2,"th0:ao0,0",2,3,2,1.0,1.0,0.0,continue,-1
discovery_grid_T5b2K2L3_delayed,delayed,"n:t3:obs0,0,0:af0:rf1",3,z:t3:q0,3|0|0|1,"th0:ao0,0,0",2,2,1,1.0,1.0,0.0,continue,-1
discovery_grid_T5b2K2L3_delayed,delayed,"n:t3:obs0,0,0:af0:rf2",3,z:t3:q0,3|0|0|2,"th0:ao0,0,0",2,2,2,1.0,1.0,0.0,continue,-1
discovery_grid_T5b2K2L3_delayed,delayed,"n:t3:obs0,0,0:af1:rf1",3,z:t3:q0,3|0|1|1,"th0:ao0,0,0",2,2,1,1.0,1.0,0.0,continue,-1
discovery_grid_T5b2K2L3_delayed,delayed,"n:t3:obs0,0,0:af1:rf2",3,z:t3:q0,3|0|1|2,"th0:ao0,0,0",2,2,2,1.0,1.0,0.0,continue,-1
discovery_grid_T5b2K2L3_delayed,delayed,"n:t4:obs0,0,0,0:af0:rf1",4,z:t4:q0,4|0|0|1,"th0:ao0,0,0,0",2,1,1,1.0,1.0,0.0,continue,-1
discovery_grid_T5b2K2L3_delayed,delayed,"n:t4:obs0,0,0,0:af0:rf2",4,z:t4:q0,4|0|0|2,"th0:ao0,0,0,0",2,1,2,1.0,1.0,0.0,continue,-1
discovery_grid_T5b2K2L3_delayed,delayed,"n:t4:obs0,0,0,0:af1:rf1",4,z:t4:q0,4|0|1|1,"th0:ao0,0,0,0",2,1,1,1.0,-1.0,2.0,replan,0
discovery_grid_T5b2K2L3_delayed,delayed,"n:t4:obs0,0,0,0:af1:rf2",4,z:t4:q0,4|0|1|2,"th0:ao0,0,0,0",2,1,2,1.0,-1.0,2.0,replan,0
discovery_grid_T5b2K2L3_delayed,delayed,"n:t5:obs0,0,0,0,0:af0:rf1",5,z:t5:q0,5|0|0|1,"th0:ao0,0,0,0,0",2,0,1,1.0,1.0,0.0,continue,-1
discovery_grid_T5b2K2L3_delayed,delayed,"n:t5:obs0,0,0,0,0:af0:rf2",5,z:t5:q0,5|0|0|2,"th0:ao0,0,0,0,0",2,0,2,1.0,1.0,0.0,continue,-1
discovery_grid_T5b2K2L3_delayed,delayed,"n:t5:obs0,0,0,0,0:af1:rf1",5,z:t5:q0,5|0|1|1,"th0:ao0,0,0,0,0",2,0,1,1.0,-1.0,2.0,replan,0
discovery_grid_T5b2K2L3_delayed,delayed,"n:t5:obs0,0,0,0,0:af1:rf2",5,z:t5:q0,5|0|1|2,"th0:ao0,0,0,0,0",2,0,2,1.0,-1.0,2.0,replan,0
discovery_grid_T5b2K3L2_delayed,delayed,n:t1:obs0:af0:rf1,1,z:t1:q0,1|0|0|1,th0:ao0,3,4,1,1.0,1.0,0.0,continue,-1
discovery_grid_T5b2K3L2_delayed,delayed,n:t1:obs0:af1:rf1,1,z:t1:q0,1|0|1|1,th0:ao0,3,4,1,1.0,1.0,0.0,continue,-1
discovery_grid_T5b2K3L2_delayed,delayed,"n:t2:obs0,0:af0:rf1",2,z:t2:q0,2|0|0|1,"th0:ao0,0",3,3,1,1.0,1.0,0.0,continue,-1
discovery_grid_T5b2K3L2_delayed,delayed,"n:t2:obs0,0:af1:rf1",2,z:t2:q0,2|0|1|1,"th0:ao0,0",3,3,1,1.0,1.0,0.0,continue,-1
discovery_grid_T5b2K3L2_delayed,delayed,"n:t3:obs0,0,0:af0:rf1",3,z:t3:q0,3|0|0|1,"th0:ao0,0,0",3,2,1,1.0,1.0,0.0,continue,-1
discovery_grid_T5b2K3L2_delayed,delayed,"n:t3:obs0,0,0:af1:rf1",3,z:t3:q0,3|0|1|1,"th0:ao0,0,0",3,2,1,1.0,1.0,0.0,continue,-1
discovery_grid_T5b2K3L2_delayed,delayed,"n:t4:obs0,0,0,0:af0:rf1",4,z:t4:q0,4|0|0|1,"th0:ao0,0,0,0",3,1,1,1.0,1.0,0.0,continue,-1
discovery_grid_T5b2K3L2_delayed,delayed,"n:t4:obs0,0,0,0:af1:rf1",4,z:t4:q0,4|0|1|1,"th0:ao0,0,0,0",3,1,1,1.0,-1.0,2.0,replan,0
discovery_grid_T5b2K3L2_delayed,delayed,"n:t5:obs0,0,0,0,0:af0:rf1",5,z:t5:q0,5|0|0|1,"th0:ao0,0,0,0,0",3,0,1,1.0,1.0,0.0,continue,-1
discovery_grid_T5b2K3L2_delayed,delayed,"n:t5:obs0,0,0,0,0:af1:rf1",5,z:t5:q0,5|0|1|1,"th0:ao0,0,0,0,0",3,0,1,1.0,-1.0,2.0,replan,0
discovery_grid_T5b2K3L3_delayed,delayed,n:t1:obs0:af0:rf2,1,z:t1:q0,1|0|0|2,th0:ao0,3,4,2,1.0,1.0,0.0,continue,-1
discovery_grid_T5b2K3L3_delayed,delayed,n:t1:obs0:af1:rf2,1,z:t1:q0,1|0|1|2,th0:ao0,3,4,2,1.0,1.0,0.0,continue,-1
discovery_grid_T5b2K3L3_delayed,delayed,"n:t2:obs0,0:af0:rf1",2,z:t2:q0,2|0|0|1,"th0:ao0,0",3,3,1,1.0,1.0,0.0,continue,-1
discovery_grid_T5b2K3L3_delayed,delayed,"n:t2:obs0,0:af0:rf2",2,z:t2:q0,2|0|0|2,"th0:ao0,0",3,3,2,1.0,1.0,0.0,continue,-1
discovery_grid_T5b2K3L3_delayed,delayed,"n:t2:obs0,0:af1:rf1",2,z:t2:q0,2|0|1|1,"th0:ao0,0",3,3,1,1.0,1.0,0.0,continue,-1
discovery_grid_T5b2K3L3_delayed,delayed,"n:t2:obs0,0:af1:rf2",2,z:t2:q0,2|0|1|2,"th0:ao0,0",3,3,2,1.0,1.0,0.0,continue,-1
discovery_grid_T5b2K3L3_delayed,delayed,"n:t3:obs0,0,0:af0:rf1",3,z:t3:q0,3|0|0|1,"th0:ao0,0,0",3,2,1,1.0,1.0,0.0,continue,-1
discovery_grid_T5b2K3L3_delayed,delayed,"n:t3:obs0,0,0:af0:rf2",3,z:t3:q0,3|0|0|2,"th0:ao0,0,0",3,2,2,1.0,1.0,0.0,continue,-1
discovery_grid_T5b2K3L3_delayed,delayed,"n:t3:obs0,0,0:af1:rf1",3,z:t3:q0,3|0|1|1,"th0:ao0,0,0",3,2,1,1.0,1.0,0.0,continue,-1
discovery_grid_T5b2K3L3_delayed,delayed,"n:t3:obs0,0,0:af1:rf2",3,z:t3:q0,3|0|1|2,"th0:ao0,0,0",3,2,2,1.0,1.0,0.0,continue,-1
discovery_grid_T5b2K3L3_delayed,delayed,"n:t4:obs0,0,0,0:af0:rf1",4,z:t4:q0,4|0|0|1,"th0:ao0,0,0,0",3,1,1,1.0,1.0,0.0,continue,-1
discovery_grid_T5b2K3L3_delayed,delayed,"n:t4:obs0,0,0,0:af0:rf2",4,z:t4:q0,4|0|0|2,"th0:ao0,0,0,0",3,1,2,1.0,1.0,0.0,continue,-1
discovery_grid_T5b2K3L3_delayed,delayed,"n:t4:obs0,0,0,0:af1:rf1",4,z:t4:q0,4|0|1|1,"th0:ao0,0,0,0",3,1,1,1.0,-1.0,2.0,replan,0
discovery_grid_T5b2K3L3_delayed,delayed,"n:t4:obs0,0,0,0:af1:rf2",4,z:t4:q0,4|0|1|2,"th0:ao0,0,0,0",3,1,2,1.0,-1.0,2.0,replan,0
discovery_grid_T5b2K3L3_delayed,delayed,"n:t5:obs0,0,0,0,0:af0:rf1",5,z:t5:q0,5|0|0|1,"th0:ao0,0,0,0,0",3,0,1,1.0,1.0,0.0,continue,-1
discovery_grid_T5b2K3L3_delayed,delayed,"n:t5:obs0,0,0,0,0:af0:rf2",5,z:t5:q0,5|0|0|2,"th0:ao0,0,0,0,0",3,0,2,1.0,1.0,0.0,continue,-1
discovery_grid_T5b2K3L3_delayed,delayed,"n:t5:obs0,0,0,0,0:af1:rf1",5,z:t5:q0,5|0|1|1,"th0:ao0,0,0,0,0",3,0,1,1.0,-1.0,2.0,replan,0
discovery_grid_T5b2K3L3_delayed,delayed,"n:t5:obs0,0,0,0,0:af1:rf2",5,z:t5:q0,5|0|1|2,"th0:ao0,0,0,0,0",3,0,2,1.0,-1.0,2.0,replan,0
discovery_grid_T5b3K2L2_delayed,delayed,n:t1:obs0:af0:rf1,1,z:t1:q0,1|0|0|1,th0:ao0,2,4,1,1.0,1.0,0.0,continue,-1
discovery_grid_T5b3K2L2_delayed,delayed,n:t1:obs0:af1:rf1,1,z:t1:q0,1|0|1|1,th0:ao0,2,4,1,1.0,1.0,0.0,continue,-1
discovery_grid_T5b3K2L2_delayed,delayed,n:t1:obs0:af2:rf1,1,z:t1:q0,1|0|2|1,th0:ao0,2,4,1,1.0,1.0,0.0,continue,-1
discovery_grid_T5b3K2L2_delayed,delayed,"n:t2:obs0,0:af0:rf1",2,z:t2:q0,2|0|0|1,"th0:ao0,0",2,3,1,1.0,1.0,0.0,continue,-1
discovery_grid_T5b3K2L2_delayed,delayed,"n:t2:obs0,0:af1:rf1",2,z:t2:q0,2|0|1|1,"th0:ao0,0",2,3,1,1.0,1.0,0.0,continue,-1
discovery_grid_T5b3K2L2_delayed,delayed,"n:t2:obs0,0:af2:rf1",2,z:t2:q0,2|0|2|1,"th0:ao0,0",2,3,1,1.0,1.0,0.0,continue,-1
discovery_grid_T5b3K2L2_delayed,delayed,"n:t3:obs0,0,0:af0:rf1",3,z:t3:q0,3|0|0|1,"th0:ao0,0,0",1,2,1,1.0,1.0,0.0,continue,-1
discovery_grid_T5b3K2L2_delayed,delayed,"n:t3:obs0,0,1:af0:rf1",3,z:t3:q1,3|1|0|1,"th1:ao1,2,1",1,2,1,1.0,1.0,0.0,continue,-1
discovery_grid_T5b3K2L2_delayed,delayed,"n:t3:obs0,0,0:af1:rf1",3,z:t3:q0,3|0|1|1,"th0:ao0,0,0",1,2,1,1.0,1.0,0.0,continue,-1
discovery_grid_T5b3K2L2_delayed,delayed,"n:t3:obs0,0,1:af1:rf1",3,z:t3:q1,3|1|1|1,"th1:ao1,2,1",1,2,1,1.0,1.0,0.0,continue,-1
discovery_grid_T5b3K2L2_delayed,delayed,"n:t3:obs0,0,0:af2:rf1",3,z:t3:q0,3|0|2|1,"th0:ao0,0,0",1,2,1,1.0,1.0,0.0,continue,-1
discovery_grid_T5b3K2L2_delayed,delayed,"n:t3:obs0,0,1:af2:rf1",3,z:t3:q1,3|1|2|1,"th1:ao1,2,1",1,2,1,1.0,1.0,0.0,continue,-1
discovery_grid_T5b3K2L2_delayed,delayed,"n:t4:obs0,0,0,0:af0:rf1",4,z:t4:q0,4|0|0|1,"th0:ao0,0,0,0",1,1,1,1.0,1.0,0.0,continue,-1
discovery_grid_T5b3K2L2_delayed,delayed,"n:t4:obs0,0,1,1:af0:rf1",4,z:t4:q1,4|1|0|1,"th1:ao1,2,1,2",1,1,1,1.0,-1.0,2.0,replan,1
discovery_grid_T5b3K2L2_delayed,delayed,"n:t4:obs0,0,0,0:af1:rf1",4,z:t4:q0,4|0|1|1,"th0:ao0,0,0,0",1,1,1,1.0,-1.0,2.0,replan,0
discovery_grid_T5b3K2L2_delayed,delayed,"n:t4:obs0,0,1,1:af1:rf1",4,z:t4:q1,4|1|1|1,"th1:ao1,2,1,2",1,1,1,1.0,1.0,0.0,continue,-1
discovery_grid_T5b3K2L2_delayed,delayed,"n:t4:obs0,0,0,0:af2:rf1",4,z:t4:q0,4|0|2|1,"th0:ao0,0,0,0",1,1,1,1.0,-1.0,2.0,replan,0
discovery_grid_T5b3K2L2_delayed,delayed,"n:t4:obs0,0,1,1:af2:rf1",4,z:t4:q1,4|1|2|1,"th1:ao1,2,1,2",1,1,1,1.0,-1.0,2.0,replan,1
discovery_grid_T5b3K2L2_delayed,delayed,"n:t5:obs0,0,0,0,0:af0:rf1",5,z:t5:q0,5|0|0|1,"th0:ao0,0,0,0,0",1,0,1,1.0,1.0,0.0,continue,-1
discovery_grid_T5b3K2L2_delayed,delayed,"n:t5:obs0,0,1,1,0:af0:rf1",5,z:t5:q0,5|0|0|1,"th1:ao1,2,1,2,1",1,0,1,1.0,-1.0,2.0,replan,2
discovery_grid_T5b3K2L2_delayed,delayed,"n:t5:obs0,0,0,0,0:af1:rf1",5,z:t5:q0,5|0|1|1,"th0:ao0,0,0,0,0",1,0,1,1.0,-1.0,2.0,replan,0
discovery_grid_T5b3K2L2_delayed,delayed,"n:t5:obs0,0,1,1,0:af1:rf1",5,z:t5:q0,5|0|1|1,"th1:ao1,2,1,2,1",1,0,1,1.0,-1.0,2.0,replan,2
discovery_grid_T5b3K2L2_delayed,delayed,"n:t5:obs0,0,0,0,0:af2:rf1",5,z:t5:q0,5|0|2|1,"th0:ao0,0,0,0,0",1,0,1,1.0,-1.0,2.0,replan,0
discovery_grid_T5b3K2L2_delayed,delayed,"n:t5:obs0,0,1,1,0:af2:rf1",5,z:t5:q0,5|0|2|1,"th1:ao1,2,1,2,1",1,0,1,1.0,1.0,0.0,continue,-1
discovery_grid_T5b3K2L3_delayed,delayed,n:t1:obs0:af0:rf2,1,z:t1:q0,1|0|0|2,th0:ao0,2,4,2,1.0,1.0,0.0,continue,-1
discovery_grid_T5b3K2L3_delayed,delayed,n:t1:obs0:af1:rf2,1,z:t1:q0,1|0|1|2,th0:ao0,2,4,2,1.0,1.0,0.0,continue,-1
discovery_grid_T5b3K2L3_delayed,delayed,n:t1:obs0:af2:rf2,1,z:t1:q0,1|0|2|2,th0:ao0,2,4,2,1.0,1.0,0.0,continue,-1
discovery_grid_T5b3K2L3_delayed,delayed,"n:t2:obs0,0:af0:rf1",2,z:t2:q0,2|0|0|1,"th0:ao0,0",2,3,1,1.0,1.0,0.0,continue,-1
discovery_grid_T5b3K2L3_delayed,delayed,"n:t2:obs0,0:af0:rf2",2,z:t2:q0,2|0|0|2,"th0:ao0,0",2,3,2,1.0,1.0,0.0,continue,-1
discovery_grid_T5b3K2L3_delayed,delayed,"n:t2:obs0,0:af1:rf1",2,z:t2:q0,2|0|1|1,"th0:ao0,0",2,3,1,1.0,1.0,0.0,continue,-1
discovery_grid_T5b3K2L3_delayed,delayed,"n:t2:obs0,0:af1:rf2",2,z:t2:q0,2|0|1|2,"th0:ao0,0",2,3,2,1.0,1.0,0.0,continue,-1
discovery_grid_T5b3K2L3_delayed,delayed,"n:t2:obs0,0:af2:rf1",2,z:t2:q0,2|0|2|1,"th0:ao0,0",2,3,1,1.0,1.0,0.0,continue,-1
discovery_grid_T5b3K2L3_delayed,delayed,"n:t2:obs0,0:af2:rf2",2,z:t2:q0,2|0|2|2,"th0:ao0,0",2,3,2,1.0,1.0,0.0,continue,-1
discovery_grid_T5b3K2L3_delayed,delayed,"n:t3:obs0,0,0:af0:rf1",3,z:t3:q0,3|0|0|1,"th0:ao0,0,0",1,2,1,1.0,1.0,0.0,continue,-1
discovery_grid_T5b3K2L3_delayed,delayed,"n:t3:obs0,0,1:af0:rf1",3,z:t3:q1,3|1|0|1,"th1:ao1,2,1",1,2,1,1.0,1.0,0.0,continue,-1
discovery_grid_T5b3K2L3_delayed,delayed,"n:t3:obs0,0,0:af0:rf2",3,z:t3:q0,3|0|0|2,"th0:ao0,0,0",1,2,2,1.0,1.0,0.0,continue,-1
discovery_grid_T5b3K2L3_delayed,delayed,"n:t3:obs0,0,1:af0:rf2",3,z:t3:q1,3|1|0|2,"th1:ao1,2,1",1,2,2,1.0,1.0,0.0,continue,-1
discovery_grid_T5b3K2L3_delayed,delayed,"n:t3:obs0,0,0:af1:rf1",3,z:t3:q0,3|0|1|1,"th0:ao0,0,0",1,2,1,1.0,1.0,0.0,continue,-1
discovery_grid_T5b3K2L3_delayed,delayed,"n:t3:obs0,0,1:af1:rf1",3,z:t3:q1,3|1|1|1,"th1:ao1,2,1",1,2,1,1.0,1.0,0.0,continue,-1
discovery_grid_T5b3K2L3_delayed,delayed,"n:t3:obs0,0,0:af1:rf2",3,z:t3:q0,3|0|1|2,"th0:ao0,0,0",1,2,2,1.0,1.0,0.0,continue,-1
discovery_grid_T5b3K2L3_delayed,delayed,"n:t3:obs0,0,1:af1:rf2",3,z:t3:q1,3|1|1|2,"th1:ao1,2,1",1,2,2,1.0,1.0,0.0,continue,-1
discovery_grid_T5b3K2L3_delayed,delayed,"n:t3:obs0,0,0:af2:rf1",3,z:t3:q0,3|0|2|1,"th0:ao0,0,0",1,2,1,1.0,1.0,0.0,continue,-1
discovery_grid_T5b3K2L3_delayed,delayed,"n:t3:obs0,0,1:af2:rf1",3,z:t3:q1,3|1|2|1,"th1:ao1,2,1",1,2,1,1.0,1.0,0.0,continue,-1
discovery_grid_T5b3K2L3_delayed,delayed,"n:t3:obs0,0,0:af2:rf2",3,z:t3:q0,3|0|2|2,"th0:ao0,0,0",1,2,2,1.0,1.0,0.0,continue,-1
discovery_grid_T5b3K2L3_delayed,delayed,"n:t3:obs0,0,1:af2:rf2",3,z:t3:q1,3|1|2|2,"th1:ao1,2,1",1,2,2,1.0,1.0,0.0,continue,-1
discovery_grid_T5b3K2L3_delayed,delayed,"n:t4:obs0,0,0,0:af0:rf1",4,z:t4:q0,4|0|0|1,"th0:ao0,0,0,0",1,1,1,1.0,1.0,0.0,continue,-1
discovery_grid_T5b3K2L3_delayed,delayed,"n:t4:obs0,0,1,1:af0:rf1",4,z:t4:q1,4|1|0|1,"th1:ao1,2,1,2",1,1,1,1.0,-1.0,2.0,replan,1
discovery_grid_T5b3K2L3_delayed,delayed,"n:t4:obs0,0,0,0:af0:rf2",4,z:t4:q0,4|0|0|2,"th0:ao0,0,0,0",1,1,2,1.0,1.0,0.0,continue,-1
discovery_grid_T5b3K2L3_delayed,delayed,"n:t4:obs0,0,1,1:af0:rf2",4,z:t4:q1,4|1|0|2,"th1:ao1,2,1,2",1,1,2,1.0,-1.0,2.0,replan,1
discovery_grid_T5b3K2L3_delayed,delayed,"n:t4:obs0,0,0,0:af1:rf1",4,z:t4:q0,4|0|1|1,"th0:ao0,0,0,0",1,1,1,1.0,-1.0,2.0,replan,0
discovery_grid_T5b3K2L3_delayed,delayed,"n:t4:obs0,0,1,1:af1:rf1",4,z:t4:q1,4|1|1|1,"th1:ao1,2,1,2",1,1,1,1.0,1.0,0.0,continue,-1
discovery_grid_T5b3K2L3_delayed,delayed,"n:t4:obs0,0,0,0:af1:rf2",4,z:t4:q0,4|0|1|2,"th0:ao0,0,0,0",1,1,2,1.0,-1.0,2.0,replan,0
discovery_grid_T5b3K2L3_delayed,delayed,"n:t4:obs0,0,1,1:af1:rf2",4,z:t4:q1,4|1|1|2,"th1:ao1,2,1,2",1,1,2,1.0,1.0,0.0,continue,-1
discovery_grid_T5b3K2L3_delayed,delayed,"n:t4:obs0,0,0,0:af2:rf1",4,z:t4:q0,4|0|2|1,"th0:ao0,0,0,0",1,1,1,1.0,-1.0,2.0,replan,0
discovery_grid_T5b3K2L3_delayed,delayed,"n:t4:obs0,0,1,1:af2:rf1",4,z:t4:q1,4|1|2|1,"th1:ao1,2,1,2",1,1,1,1.0,-1.0,2.0,replan,1
discovery_grid_T5b3K2L3_delayed,delayed,"n:t4:obs0,0,0,0:af2:rf2",4,z:t4:q0,4|0|2|2,"th0:ao0,0,0,0",1,1,2,1.0,-1.0,2.0,replan,0
discovery_grid_T5b3K2L3_delayed,delayed,"n:t4:obs0,0,1,1:af2:rf2",4,z:t4:q1,4|1|2|2,"th1:ao1,2,1,2",1,1,2,1.0,-1.0,2.0,replan,1
discovery_grid_T5b3K2L3_delayed,delayed,"n:t5:obs0,0,0,0,0:af0:rf1",5,z:t5:q0,5|0|0|1,"th0:ao0,0,0,0,0",1,0,1,1.0,1.0,0.0,continue,-1
discovery_grid_T5b3K2L3_delayed,delayed,"n:t5:obs0,0,1,1,0:af0:rf1",5,z:t5:q0,5|0|0|1,"th1:ao1,2,1,2,1",1,0,1,1.0,-1.0,2.0,replan,2
discovery_grid_T5b3K2L3_delayed,delayed,"n:t5:obs0,0,0,0,0:af0:rf2",5,z:t5:q0,5|0|0|2,"th0:ao0,0,0,0,0",1,0,2,1.0,1.0,0.0,continue,-1
discovery_grid_T5b3K2L3_delayed,delayed,"n:t5:obs0,0,1,1,0:af0:rf2",5,z:t5:q0,5|0|0|2,"th1:ao1,2,1,2,1",1,0,2,1.0,-1.0,2.0,replan,2
discovery_grid_T5b3K2L3_delayed,delayed,"n:t5:obs0,0,0,0,0:af1:rf1",5,z:t5:q0,5|0|1|1,"th0:ao0,0,0,0,0",1,0,1,1.0,-1.0,2.0,replan,0
discovery_grid_T5b3K2L3_delayed,delayed,"n:t5:obs0,0,1,1,0:af1:rf1",5,z:t5:q0,5|0|1|1,"th1:ao1,2,1,2,1",1,0,1,1.0,-1.0,2.0,replan,2
discovery_grid_T5b3K2L3_delayed,delayed,"n:t5:obs0,0,0,0,0:af1:rf2",5,z:t5:q0,5|0|1|2,"th0:ao0,0,0,0,0",1,0,2,1.0,-1.0,2.0,replan,0
discovery_grid_T5b3K2L3_delayed,delayed,"n:t5:obs0,0,1,1,0:af1:rf2",5,z:t5:q0,5|0|1|2,"th1:ao1,2,1,2,1",1,0,2,1.0,-1.0,2.0,replan,2
discovery_grid_T5b3K2L3_delayed,delayed,"n:t5:obs0,0,0,0,0:af2:rf1",5,z:t5:q0,5|0|2|1,"th0:ao0,0,0,0,0",1,0,1,1.0,-1.0,2.0,replan,0
discovery_grid_T5b3K2L3_delayed,delayed,"n:t5:obs0,0,1,1,0:af2:rf1",5,z:t5:q0,5|0|2|1,"th1:ao1,2,1,2,1",1,0,1,1.0,1.0,0.0,continue,-1
discovery_grid_T5b3K2L3_delayed,delayed,"n:t5:obs0,0,0,0,0:af2:rf2",5,z:t5:q0,5|0|2|2,"th0:ao0,0,0,0,0",1,0,2,1.0,-1.0,2.0,replan,0
discovery_grid_T5b3K2L3_delayed,delayed,"n:t5:obs0,0,1,1,0:af2:rf2",5,z:t5:q0,5|0|2|2,"th1:ao1,2,1,2,1",1,0,2,1.0,1.0,0.0,continue,-1
discovery_grid_T5b3K3L2_delayed,delayed,n:t1:obs0:af0:rf1,1,z:t1:q0,1|0|0|1,th0:ao0,3,4,1,1.0,1.0,0.0,continue,-1
discovery_grid_T5b3K3L2_delayed,delayed,n:t1:obs0:af1:rf1,1,z:t1:q0,1|0|1|1,th0:ao0,3,4,1,1.0,1.0,0.0,continue,-1
discovery_grid_T5b3K3L2_delayed,delayed,n:t1:obs0:af2:rf1,1,z:t1:q0,1|0|2|1,th0:ao0,3,4,1,1.0,1.0,0.0,continue,-1
discovery_grid_T5b3K3L2_delayed,delayed,"n:t2:obs0,0:af0:rf1",2,z:t2:q0,2|0|0|1,"th0:ao0,0",2,3,1,1.0,1.0,0.0,continue,-1
discovery_grid_T5b3K3L2_delayed,delayed,"n:t2:obs0,1:af0:rf1",2,z:t2:q1,2|1|0|1,"th2:ao2,1",1,3,1,1.0,1.0,0.0,continue,-1
discovery_grid_T5b3K3L2_delayed,delayed,"n:t2:obs0,0:af1:rf1",2,z:t2:q0,2|0|1|1,"th0:ao0,0",2,3,1,1.0,1.0,0.0,continue,-1
discovery_grid_T5b3K3L2_delayed,delayed,"n:t2:obs0,1:af1:rf1",2,z:t2:q1,2|1|1|1,"th2:ao2,1",1,3,1,1.0,1.0,0.0,continue,-1
discovery_grid_T5b3K3L2_delayed,delayed,"n:t2:obs0,0:af2:rf1",2,z:t2:q0,2|0|2|1,"th0:ao0,0",2,3,1,1.0,1.0,0.0,continue,-1
discovery_grid_T5b3K3L2_delayed,delayed,"n:t2:obs0,1:af2:rf1",2,z:t2:q1,2|1|2|1,"th2:ao2,1",1,3,1,1.0,1.0,0.0,continue,-1
discovery_grid_T5b3K3L2_delayed,delayed,"n:t3:obs0,0,0:af0:rf1",3,z:t3:q0,3|0|0|1,"th0:ao0,0,0",1,2,1,1.0,1.0,0.0,continue,-1
discovery_grid_T5b3K3L2_delayed,delayed,"n:t3:obs0,0,1:af0:rf1",3,z:t3:q1,3|1|0|1,"th1:ao1,2,1",1,2,1,1.0,1.0,0.0,continue,-1
discovery_grid_T5b3K3L2_delayed,delayed,"n:t3:obs0,1,1:af0:rf1",3,z:t3:q1,3|1|0|1,"th2:ao2,1,2",1,2,1,1.0,1.0,0.0,continue,-1
discovery_grid_T5b3K3L2_delayed,delayed,"n:t3:obs0,0,0:af1:rf1",3,z:t3:q0,3|0|1|1,"th0:ao0,0,0",1,2,1,1.0,1.0,0.0,continue,-1
discovery_grid_T5b3K3L2_delayed,delayed,"n:t3:obs0,0,1:af1:rf1",3,z:t3:q1,3|1|1|1,"th1:ao1,2,1",1,2,1,1.0,1.0,0.0,continue,-1
discovery_grid_T5b3K3L2_delayed,delayed,"n:t3:obs0,1,1:af1:rf1",3,z:t3:q1,3|1|1|1,"th2:ao2,1,2",1,2,1,1.0,1.0,0.0,continue,-1
discovery_grid_T5b3K3L2_delayed,delayed,"n:t3:obs0,0,0:af2:rf1",3,z:t3:q0,3|0|2|1,"th0:ao0,0,0",1,2,1,1.0,1.0,0.0,continue,-1
discovery_grid_T5b3K3L2_delayed,delayed,"n:t3:obs0,0,1:af2:rf1",3,z:t3:q1,3|1|2|1,"th1:ao1,2,1",1,2,1,1.0,1.0,0.0,continue,-1
discovery_grid_T5b3K3L2_delayed,delayed,"n:t3:obs0,1,1:af2:rf1",3,z:t3:q1,3|1|2|1,"th2:ao2,1,2",1,2,1,1.0,1.0,0.0,continue,-1
discovery_grid_T5b3K3L2_delayed,delayed,"n:t4:obs0,0,0,0:af0:rf1",4,z:t4:q0,4|0|0|1,"th0:ao0,0,0,0",1,1,1,1.0,1.0,0.0,continue,-1
discovery_grid_T5b3K3L2_delayed,delayed,"n:t4:obs0,1,1,0:af0:rf1",4,z:t4:q0,4|0|0|1,"th2:ao2,1,2,1",1,1,1,1.0,-1.0,2.0,replan,2
discovery_grid_T5b3K3L2_delayed,delayed,"n:t4:obs0,0,1,1:af0:rf1",4,z:t4:q1,4|1|0|1,"th1:ao1,2,1,2",1,1,1,1.0,-1.0,2.0,replan,1
discovery_grid_T5b3K3L2_delayed,delayed,"n:t4:obs0,0,0,0:af1:rf1",4,z:t4:q0,4|0|1|1,"th0:ao0,0,0,0",1,1,1,1.0,-1.0,2.0,replan,0
discovery_grid_T5b3K3L2_delayed,delayed,"n:t4:obs0,1,1,0:af1:rf1",4,z:t4:q0,4|0|1|1,"th2:ao2,1,2,1",1,1,1,1.0,-1.0,2.0,replan,2
discovery_grid_T5b3K3L2_delayed,delayed,"n:t4:obs0,0,1,1:af1:rf1",4,z:t4:q1,4|1|1|1,"th1:ao1,2,1,2",1,1,1,1.0,1.0,0.0,continue,-1
discovery_grid_T5b3K3L2_delayed,delayed,"n:t4:obs0,0,0,0:af2:rf1",4,z:t4:q0,4|0|2|1,"th0:ao0,0,0,0",1,1,1,1.0,-1.0,2.0,replan,0
discovery_grid_T5b3K3L2_delayed,delayed,"n:t4:obs0,1,1,0:af2:rf1",4,z:t4:q0,4|0|2|1,"th2:ao2,1,2,1",1,1,1,1.0,1.0,0.0,continue,-1
discovery_grid_T5b3K3L2_delayed,delayed,"n:t4:obs0,0,1,1:af2:rf1",4,z:t4:q1,4|1|2|1,"th1:ao1,2,1,2",1,1,1,1.0,-1.0,2.0,replan,1
discovery_grid_T5b3K3L2_delayed,delayed,"n:t5:obs0,0,0,0,0:af0:rf1",5,z:t5:q0,5|0|0|1,"th0:ao0,0,0,0,0",1,0,1,1.0,1.0,0.0,continue,-1
discovery_grid_T5b3K3L2_delayed,delayed,"n:t5:obs0,0,1,1,0:af0:rf1",5,z:t5:q0,5|0|0|1,"th1:ao1,2,1,2,1",1,0,1,1.0,-1.0,2.0,replan,2
discovery_grid_T5b3K3L2_delayed,delayed,"n:t5:obs0,1,1,0,0:af0:rf1",5,z:t5:q0,5|0|0|1,"th2:ao2,1,2,1,2",1,0,1,1.0,-1.0,2.0,replan,1
discovery_grid_T5b3K3L2_delayed,delayed,"n:t5:obs0,0,0,0,0:af1:rf1",5,z:t5:q0,5|0|1|1,"th0:ao0,0,0,0,0",1,0,1,1.0,-1.0,2.0,replan,0
discovery_grid_T5b3K3L2_delayed,delayed,"n:t5:obs0,0,1,1,0:af1:rf1",5,z:t5:q0,5|0|1|1,"th1:ao1,2,1,2,1",1,0,1,1.0,-1.0,2.0,replan,2
discovery_grid_T5b3K3L2_delayed,delayed,"n:t5:obs0,1,1,0,0:af1:rf1",5,z:t5:q0,5|0|1|1,"th2:ao2,1,2,1,2",1,0,1,1.0,1.0,0.0,continue,-1
discovery_grid_T5b3K3L2_delayed,delayed,"n:t5:obs0,0,0,0,0:af2:rf1",5,z:t5:q0,5|0|2|1,"th0:ao0,0,0,0,0",1,0,1,1.0,-1.0,2.0,replan,0
discovery_grid_T5b3K3L2_delayed,delayed,"n:t5:obs0,0,1,1,0:af2:rf1",5,z:t5:q0,5|0|2|1,"th1:ao1,2,1,2,1",1,0,1,1.0,1.0,0.0,continue,-1
discovery_grid_T5b3K3L2_delayed,delayed,"n:t5:obs0,1,1,0,0:af2:rf1",5,z:t5:q0,5|0|2|1,"th2:ao2,1,2,1,2",1,0,1,1.0,-1.0,2.0,replan,1
discovery_grid_T5b3K3L3_delayed,delayed,n:t1:obs0:af0:rf2,1,z:t1:q0,1|0|0|2,th0:ao0,3,4,2,1.0,1.0,0.0,continue,-1
discovery_grid_T5b3K3L3_delayed,delayed,n:t1:obs0:af1:rf2,1,z:t1:q0,1|0|1|2,th0:ao0,3,4,2,1.0,1.0,0.0,continue,-1
discovery_grid_T5b3K3L3_delayed,delayed,n:t1:obs0:af2:rf2,1,z:t1:q0,1|0|2|2,th0:ao0,3,4,2,1.0,1.0,0.0,continue,-1
discovery_grid_T5b3K3L3_delayed,delayed,"n:t2:obs0,0:af0:rf1",2,z:t2:q0,2|0|0|1,"th0:ao0,0",2,3,1,1.0,1.0,0.0,continue,-1
discovery_grid_T5b3K3L3_delayed,delayed,"n:t2:obs0,1:af0:rf1",2,z:t2:q1,2|1|0|1,"th2:ao2,1",1,3,1,1.0,1.0,0.0,continue,-1
discovery_grid_T5b3K3L3_delayed,delayed,"n:t2:obs0,0:af0:rf2",2,z:t2:q0,2|0|0|2,"th0:ao0,0",2,3,2,1.0,1.0,0.0,continue,-1
discovery_grid_T5b3K3L3_delayed,delayed,"n:t2:obs0,1:af0:rf2",2,z:t2:q1,2|1|0|2,"th2:ao2,1",1,3,2,1.0,1.0,0.0,continue,-1
discovery_grid_T5b3K3L3_delayed,delayed,"n:t2:obs0,0:af1:rf1",2,z:t2:q0,2|0|1|1,"th0:ao0,0",2,3,1,1.0,1.0,0.0,continue,-1
discovery_grid_T5b3K3L3_delayed,delayed,"n:t2:obs0,1:af1:rf1",2,z:t2:q1,2|1|1|1,"th2:ao2,1",1,3,1,1.0,1.0,0.0,continue,-1
discovery_grid_T5b3K3L3_delayed,delayed,"n:t2:obs0,0:af1:rf2",2,z:t2:q0,2|0|1|2,"th0:ao0,0",2,3,2,1.0,1.0,0.0,continue,-1
discovery_grid_T5b3K3L3_delayed,delayed,"n:t2:obs0,1:af1:rf2",2,z:t2:q1,2|1|1|2,"th2:ao2,1",1,3,2,1.0,1.0,0.0,continue,-1
discovery_grid_T5b3K3L3_delayed,delayed,"n:t2:obs0,0:af2:rf1",2,z:t2:q0,2|0|2|1,"th0:ao0,0",2,3,1,1.0,1.0,0.0,continue,-1
discovery_grid_T5b3K3L3_delayed,delayed,"n:t2:obs0,1:af2:rf1",2,z:t2:q1,2|1|2|1,"th2:ao2,1",1,3,1,1.0,1.0,0.0,continue,-1
discovery_grid_T5b3K3L3_delayed,delayed,"n:t2:obs0,0:af2:rf2",2,z:t2:q0,2|0|2|2,"th0:ao0,0",2,3,2,1.0,1.0,0.0,continue,-1
discovery_grid_T5b3K3L3_delayed,delayed,"n:t2:obs0,1:af2:rf2",2,z:t2:q1,2|1|2|2,"th2:ao2,1",1,3,2,1.0,1.0,0.0,continue,-1
discovery_grid_T5b3K3L3_delayed,delayed,"n:t3:obs0,0,0:af0:rf1",3,z:t3:q0,3|0|0|1,"th0:ao0,0,0",1,2,1,1.0,1.0,0.0,continue,-1
discovery_grid_T5b3K3L3_delayed,delayed,"n:t3:obs0,0,1:af0:rf1",3,z:t3:q1,3|1|0|1,"th1:ao1,2,1",1,2,1,1.0,1.0,0.0,continue,-1
discovery_grid_T5b3K3L3_delayed,delayed,"n:t3:obs0,1,1:af0:rf1",3,z:t3:q1,3|1|0|1,"th2:ao2,1,2",1,2,1,1.0,1.0,0.0,continue,-1
discovery_grid_T5b3K3L3_delayed,delayed,"n:t3:obs0,0,0:af0:rf2",3,z:t3:q0,3|0|0|2,"th0:ao0,0,0",1,2,2,1.0,1.0,0.0,continue,-1
discovery_grid_T5b3K3L3_delayed,delayed,"n:t3:obs0,0,1:af0:rf2",3,z:t3:q1,3|1|0|2,"th1:ao1,2,1",1,2,2,1.0,1.0,0.0,continue,-1
discovery_grid_T5b3K3L3_delayed,delayed,"n:t3:obs0,1,1:af0:rf2",3,z:t3:q1,3|1|0|2,"th2:ao2,1,2",1,2,2,1.0,1.0,0.0,continue,-1
discovery_grid_T5b3K3L3_delayed,delayed,"n:t3:obs0,0,0:af1:rf1",3,z:t3:q0,3|0|1|1,"th0:ao0,0,0",1,2,1,1.0,1.0,0.0,continue,-1
discovery_grid_T5b3K3L3_delayed,delayed,"n:t3:obs0,0,1:af1:rf1",3,z:t3:q1,3|1|1|1,"th1:ao1,2,1",1,2,1,1.0,1.0,0.0,continue,-1
discovery_grid_T5b3K3L3_delayed,delayed,"n:t3:obs0,1,1:af1:rf1",3,z:t3:q1,3|1|1|1,"th2:ao2,1,2",1,2,1,1.0,1.0,0.0,continue,-1
discovery_grid_T5b3K3L3_delayed,delayed,"n:t3:obs0,0,0:af1:rf2",3,z:t3:q0,3|0|1|2,"th0:ao0,0,0",1,2,2,1.0,1.0,0.0,continue,-1
discovery_grid_T5b3K3L3_delayed,delayed,"n:t3:obs0,0,1:af1:rf2",3,z:t3:q1,3|1|1|2,"th1:ao1,2,1",1,2,2,1.0,1.0,0.0,continue,-1
discovery_grid_T5b3K3L3_delayed,delayed,"n:t3:obs0,1,1:af1:rf2",3,z:t3:q1,3|1|1|2,"th2:ao2,1,2",1,2,2,1.0,1.0,0.0,continue,-1
discovery_grid_T5b3K3L3_delayed,delayed,"n:t3:obs0,0,0:af2:rf1",3,z:t3:q0,3|0|2|1,"th0:ao0,0,0",1,2,1,1.0,1.0,0.0,continue,-1
discovery_grid_T5b3K3L3_delayed,delayed,"n:t3:obs0,0,1:af2:rf1",3,z:t3:q1,3|1|2|1,"th1:ao1,2,1",1,2,1,1.0,1.0,0.0,continue,-1
discovery_grid_T5b3K3L3_delayed,delayed,"n:t3:obs0,1,1:af2:rf1",3,z:t3:q1,3|1|2|1,"th2:ao2,1,2",1,2,1,1.0,1.0,0.0,continue,-1
discovery_grid_T5b3K3L3_delayed,delayed,"n:t3:obs0,0,0:af2:rf2",3,z:t3:q0,3|0|2|2,"th0:ao0,0,0",1,2,2,1.0,1.0,0.0,continue,-1
discovery_grid_T5b3K3L3_delayed,delayed,"n:t3:obs0,0,1:af2:rf2",3,z:t3:q1,3|1|2|2,"th1:ao1,2,1",1,2,2,1.0,1.0,0.0,continue,-1
discovery_grid_T5b3K3L3_delayed,delayed,"n:t3:obs0,1,1:af2:rf2",3,z:t3:q1,3|1|2|2,"th2:ao2,1,2",1,2,2,1.0,1.0,0.0,continue,-1
discovery_grid_T5b3K3L3_delayed,delayed,"n:t4:obs0,0,0,0:af0:rf1",4,z:t4:q0,4|0|0|1,"th0:ao0,0,0,0",1,1,1,1.0,1.0,0.0,continue,-1
discovery_grid_T5b3K3L3_delayed,delayed,"n:t4:obs0,1,1,0:af0:rf1",4,z:t4:q0,4|0|0|1,"th2:ao2,1,2,1",1,1,1,1.0,-1.0,2.0,replan,2
discovery_grid_T5b3K3L3_delayed,delayed,"n:t4:obs0,0,1,1:af0:rf1",4,z:t4:q1,4|1|0|1,"th1:ao1,2,1,2",1,1,1,1.0,-1.0,2.0,replan,1
discovery_grid_T5b3K3L3_delayed,delayed,"n:t4:obs0,0,0,0:af0:rf2",4,z:t4:q0,4|0|0|2,"th0:ao0,0,0,0",1,1,2,1.0,1.0,0.0,continue,-1
discovery_grid_T5b3K3L3_delayed,delayed,"n:t4:obs0,1,1,0:af0:rf2",4,z:t4:q0,4|0|0|2,"th2:ao2,1,2,1",1,1,2,1.0,-1.0,2.0,replan,2
discovery_grid_T5b3K3L3_delayed,delayed,"n:t4:obs0,0,1,1:af0:rf2",4,z:t4:q1,4|1|0|2,"th1:ao1,2,1,2",1,1,2,1.0,-1.0,2.0,replan,1
discovery_grid_T5b3K3L3_delayed,delayed,"n:t4:obs0,0,0,0:af1:rf1",4,z:t4:q0,4|0|1|1,"th0:ao0,0,0,0",1,1,1,1.0,-1.0,2.0,replan,0
discovery_grid_T5b3K3L3_delayed,delayed,"n:t4:obs0,1,1,0:af1:rf1",4,z:t4:q0,4|0|1|1,"th2:ao2,1,2,1",1,1,1,1.0,-1.0,2.0,replan,2
discovery_grid_T5b3K3L3_delayed,delayed,"n:t4:obs0,0,1,1:af1:rf1",4,z:t4:q1,4|1|1|1,"th1:ao1,2,1,2",1,1,1,1.0,1.0,0.0,continue,-1
discovery_grid_T5b3K3L3_delayed,delayed,"n:t4:obs0,0,0,0:af1:rf2",4,z:t4:q0,4|0|1|2,"th0:ao0,0,0,0",1,1,2,1.0,-1.0,2.0,replan,0
discovery_grid_T5b3K3L3_delayed,delayed,"n:t4:obs0,1,1,0:af1:rf2",4,z:t4:q0,4|0|1|2,"th2:ao2,1,2,1",1,1,2,1.0,-1.0,2.0,replan,2
discovery_grid_T5b3K3L3_delayed,delayed,"n:t4:obs0,0,1,1:af1:rf2",4,z:t4:q1,4|1|1|2,"th1:ao1,2,1,2",1,1,2,1.0,1.0,0.0,continue,-1
discovery_grid_T5b3K3L3_delayed,delayed,"n:t4:obs0,0,0,0:af2:rf1",4,z:t4:q0,4|0|2|1,"th0:ao0,0,0,0",1,1,1,1.0,-1.0,2.0,replan,0
discovery_grid_T5b3K3L3_delayed,delayed,"n:t4:obs0,1,1,0:af2:rf1",4,z:t4:q0,4|0|2|1,"th2:ao2,1,2,1",1,1,1,1.0,1.0,0.0,continue,-1
discovery_grid_T5b3K3L3_delayed,delayed,"n:t4:obs0,0,1,1:af2:rf1",4,z:t4:q1,4|1|2|1,"th1:ao1,2,1,2",1,1,1,1.0,-1.0,2.0,replan,1
discovery_grid_T5b3K3L3_delayed,delayed,"n:t4:obs0,0,0,0:af2:rf2",4,z:t4:q0,4|0|2|2,"th0:ao0,0,0,0",1,1,2,1.0,-1.0,2.0,replan,0
discovery_grid_T5b3K3L3_delayed,delayed,"n:t4:obs0,1,1,0:af2:rf2",4,z:t4:q0,4|0|2|2,"th2:ao2,1,2,1",1,1,2,1.0,1.0,0.0,continue,-1
discovery_grid_T5b3K3L3_delayed,delayed,"n:t4:obs0,0,1,1:af2:rf2",4,z:t4:q1,4|1|2|2,"th1:ao1,2,1,2",1,1,2,1.0,-1.0,2.0,replan,1
discovery_grid_T5b3K3L3_delayed,delayed,"n:t5:obs0,0,0,0,0:af0:rf1",5,z:t5:q0,5|0|0|1,"th0:ao0,0,0,0,0",1,0,1,1.0,1.0,0.0,continue,-1
discovery_grid_T5b3K3L3_delayed,delayed,"n:t5:obs0,0,1,1,0:af0:rf1",5,z:t5:q0,5|0|0|1,"th1:ao1,2,1,2,1",1,0,1,1.0,-1.0,2.0,replan,2
discovery_grid_T5b3K3L3_delayed,delayed,"n:t5:obs0,1,1,0,0:af0:rf1",5,z:t5:q0,5|0|0|1,"th2:ao2,1,2,1,2",1,0,1,1.0,-1.0,2.0,replan,1
discovery_grid_T5b3K3L3_delayed,delayed,"n:t5:obs0,0,0,0,0:af0:rf2",5,z:t5:q0,5|0|0|2,"th0:ao0,0,0,0,0",1,0,2,1.0,1.0,0.0,continue,-1
discovery_grid_T5b3K3L3_delayed,delayed,"n:t5:obs0,0,1,1,0:af0:rf2",5,z:t5:q0,5|0|0|2,"th1:ao1,2,1,2,1",1,0,2,1.0,-1.0,2.0,replan,2
discovery_grid_T5b3K3L3_delayed,delayed,"n:t5:obs0,1,1,0,0:af0:rf2",5,z:t5:q0,5|0|0|2,"th2:ao2,1,2,1,2",1,0,2,1.0,-1.0,2.0,replan,1
discovery_grid_T5b3K3L3_delayed,delayed,"n:t5:obs0,0,0,0,0:af1:rf1",5,z:t5:q0,5|0|1|1,"th0:ao0,0,0,0,0",1,0,1,1.0,-1.0,2.0,replan,0
discovery_grid_T5b3K3L3_delayed,delayed,"n:t5:obs0,0,1,1,0:af1:rf1",5,z:t5:q0,5|0|1|1,"th1:ao1,2,1,2,1",1,0,1,1.0,-1.0,2.0,replan,2
discovery_grid_T5b3K3L3_delayed,delayed,"n:t5:obs0,1,1,0,0:af1:rf1",5,z:t5:q0,5|0|1|1,"th2:ao2,1,2,1,2",1,0,1,1.0,1.0,0.0,continue,-1
discovery_grid_T5b3K3L3_delayed,delayed,"n:t5:obs0,0,0,0,0:af1:rf2",5,z:t5:q0,5|0|1|2,"th0:ao0,0,0,0,0",1,0,2,1.0,-1.0,2.0,replan,0
discovery_grid_T5b3K3L3_delayed,delayed,"n:t5:obs0,0,1,1,0:af1:rf2",5,z:t5:q0,5|0|1|2,"th1:ao1,2,1,2,1",1,0,2,1.0,-1.0,2.0,replan,2
discovery_grid_T5b3K3L3_delayed,delayed,"n:t5:obs0,1,1,0,0:af1:rf2",5,z:t5:q0,5|0|1|2,"th2:ao2,1,2,1,2",1,0,2,1.0,1.0,0.0,continue,-1
discovery_grid_T5b3K3L3_delayed,delayed,"n:t5:obs0,0,0,0,0:af2:rf1",5,z:t5:q0,5|0|2|1,"th0:ao0,0,0,0,0",1,0,1,1.0,-1.0,2.0,replan,0
discovery_grid_T5b3K3L3_delayed,delayed,"n:t5:obs0,0,1,1,0:af2:rf1",5,z:t5:q0,5|0|2|1,"th1:ao1,2,1,2,1",1,0,1,1.0,1.0,0.0,continue,-1
discovery_grid_T5b3K3L3_delayed,delayed,"n:t5:obs0,1,1,0,0:af2:rf1",5,z:t5:q0,5|0|2|1,"th2:ao2,1,2,1,2",1,0,1,1.0,-1.0,2.0,replan,1
discovery_grid_T5b3K3L3_delayed,delayed,"n:t5:obs0,0,0,0,0:af2:rf2",5,z:t5:q0,5|0|2|2,"th0:ao0,0,0,0,0",1,0,2,1.0,-1.0,2.0,replan,0
discovery_grid_T5b3K3L3_delayed,delayed,"n:t5:obs0,0,1,1,0:af2:rf2",5,z:t5:q0,5|0|2|2,"th1:ao1,2,1,2,1",1,0,2,1.0,1.0,0.0,continue,-1
discovery_grid_T5b3K3L3_delayed,delayed,"n:t5:obs0,1,1,0,0:af2:rf2",5,z:t5:q0,5|0|2|2,"th2:ao2,1,2,1,2",1,0,2,1.0,-1.0,2.0,replan,1
control_markov,null,n:t1:obs0:af0:rf1,1,z:t1:q0,1|0|0|1,th0:ao0,1,3,1,3.0,1.0,2.0,replan,1
control_markov,null,n:t1:obs0:af1:rf1,1,z:t1:q0,1|0|1|1,th0:ao0,1,3,1,3.0,3.0,0.0,continue,-1
control_markov,null,"n:t2:obs0,0:af0:rf1",2,z:t2:q0,2|0|0|1,"th0:ao0,0",1,2,1,2.0,2.0,0.0,continue,-1
control_markov,null,"n:t2:obs0,0:af1:rf1",2,z:t2:q0,2|0|1|1,"th0:ao0,0",1,2,1,2.0,0.0,2.0,replan,0
control_markov,null,"n:t3:obs0,0,0:af0:rf1",3,z:t3:q0,3|0|0|1,"th0:ao0,0,0",1,1,1,1.0,-1.0,2.0,replan,1
control_markov,null,"n:t3:obs0,0,0:af1:rf1",3,z:t3:q0,3|0|1|1,"th0:ao0,0,0",1,1,1,1.0,1.0,0.0,continue,-1
control_markov,null,"n:t4:obs0,0,0,0:af0:rf1",4,z:t4:q0,4|0|0|1,"th0:ao0,0,0,0",1,0,1,1.0,1.0,0.0,continue,-1
control_markov,null,"n:t4:obs0,0,0,0:af1:rf1",4,z:t4:q0,4|0|1|1,"th0:ao0,0,0,0",1,0,1,1.0,-1.0,2.0,replan,0
control_negative,null,n:t1:obs0:af0:rf1,1,z:t1:q0,1|0|0|1,th0:ao0,3,3,1,3.0,1.0,2.0,replan,1
control_negative,null,n:t1:obs0:af1:rf1,1,z:t1:q0,1|0|1|1,th0:ao0,3,3,1,3.0,3.0,0.0,continue,-1
control_negative,null,"n:t2:obs0,0:af0:rf1",2,z:t2:q0,2|0|0|1,"th0:ao0,0",3,2,1,2.0,2.0,0.0,continue,-1
control_negative,null,"n:t2:obs0,0:af1:rf1",2,z:t2:q0,2|0|1|1,"th0:ao0,0",3,2,1,2.0,0.0,2.0,replan,0
control_negative,null,"n:t3:obs0,0,0:af0:rf1",3,z:t3:q0,3|0|0|1,"th0:ao0,0,0",3,1,1,1.0,-1.0,2.0,replan,1
control_negative,null,"n:t3:obs0,0,0:af1:rf1",3,z:t3:q0,3|0|1|1,"th0:ao0,0,0",3,1,1,1.0,1.0,0.0,continue,-1
control_negative,null,"n:t4:obs0,0,0,0:af0:rf1",4,z:t4:q0,4|0|0|1,"th0:ao0,0,0,0",3,0,1,1.0,1.0,0.0,continue,-1
control_negative,null,"n:t4:obs0,0,0,0:af1:rf1",4,z:t4:q0,4|0|1|1,"th0:ao0,0,0,0",3,0,1,1.0,-1.0,2.0,replan,0
