geometry,eta_r,eta_v,grid,iter,n_X,n_Y,V_restricted,LB,UB,rel_gap,br_blue_support,br_red_support,evals
head_on,0.8,0.8,5,1,35,35,-9.167036630316568,-40.86672456947995,11.436896621174508,5.705619307517509,5,5,0
head_on,0.8,0.8,5,2,36,36,-12.31826885098433,-26.291772102915342,0.9132766896812046,2.208512342253566,3,3,0
head_on,0.8,0.8,5,3,37,37,-12.000317061414163,-23.736117870109446,-7.214040042284201,1.3768034413815913,2,2,0
head_on,0.8,0.8,5,4,38,38,-10.68430776719742,-21.309694625541336,-7.62083737201707,1.2812114319236765,4,4,0
head_on,0.8,0.8,5,5,39,39,-11.971853657563521,-29.95479550846015,5.425590394914198,2.9552972259247334,4,4,0
head_on,0.8,0.8,5,6,40,40,-11.126826949089528,-24.06416737656127,-7.73472643873618,1.4675739105622807,4,4,0
head_on,0.8,0.8,5,7,41,41,-13.258069860122411,-17.9716597806517,-6.542667952297744,0.8620403987106786,4,4,0
head_on,0.8,0.8,5,8,42,42,-12.353401704294582,-16.70768396803254,-8.035213824730114,0.7020309345471618,6,6,0
head_on,0.8,0.8,5,9,43,43,-12.290763438044543,-15.506955050200153,-7.24069964447649,0.6725583359725635,6,6,0
head_on,0.8,0.8,5,10,44,44,-12.345949113396241,-15.391497145830728,-10.234956058147741,0.41767069022565223,6,6,0
head_on,0.8,0.8,5,11,45,45,-12.185984675973408,-19.375058624881408,-8.334665127921316,0.9059910865248313,7,7,0
head_on,0.8,0.8,5,12,46,46,-12.268426116203273,-15.806960519573222,-10.606747771146466,0.42386959004942626,8,8,0
head_on,0.8,0.8,5,13,47,47,-12.639622533404523,-14.341253222944108,-9.726977458899372,0.36506436421261274,10,10,0
head_on,0.8,0.8,5,14,48,48,-12.499820947562002,-16.98666635978266,-10.620106014071935,0.5093321234295342,8,8,0
head_on,0.8,0.8,5,15,49,49,-12.830652561654237,-14.729516011992539,-11.311189415437944,0.2664187639817031,10,10,0
head_on,0.8,0.8,5,16,50,50,-12.821053785601439,-16.845692607450943,-9.226805197823182,0.5942481434859963,11,11,0
head_on,0.8,0.8,5,17,51,51,-12.804742297302369,-14.554291452266753,-10.94332814830828,0.2820020286327207,9,9,0
head_on,0.8,0.8,5,18,52,52,-13.03589104793234,-15.404558978662301,-7.304580033852562,0.6213598222803879,11,11,0
head_on,0.8,0.8,5,19,53,53,-12.913144512892973,-15.014227748328457,-8.853473379900928,0.4770917232651116,12,12,0
head_on,0.8,0.8,5,20,54,54,-12.537374874063708,-13.89447109899009,-11.241196600765626,0.21162919070987823,13,13,0
head_on,0.8,0.8,5,21,55,55,-12.510883976061034,-13.758139008384212,-10.681634963990355,0.24590620856852302,13,13,0
head_on,0.8,0.8,5,22,56,56,-12.52224107349199,-13.023117527320313,-11.232367698242006,0.14300553859077977,15,15,0
head_on,0.8,0.8,5,23,57,57,-12.535407869188361,-12.813869815422562,-12.04856346309534,0.06105157170101511,15,15,0
head_on,0.8,0.8,5,24,58,58,-12.507360991967932,-12.507360991967932,-11.502009158836302,0.08038081204958061,16,16,0
head_on,0.8,0.8,5,25,59,58,-12.502170649023856,-12.50217064902386,-11.959477382626378,0.043407923442466696,16,16,0
head_on,1.2,1.0,5,1,35,35,10.194235479304247,-5.435260048025386,40.902939995679525,4.545529690556792,6,6,0
head_on,1.2,1.0,5,2,36,36,14.429556625718751,-1.8885879233325233,25.649845053732676,1.9084739532454955,3,3,0
head_on,1.2,1.0,5,3,37,37,10.48107116014802,1.536070674231438,21.76536266294511,1.9300786798997347,5,5,0
head_on,1.2,1.0,5,4,38,38,13.064016084675199,3.3990495604996562,31.156410189692167,2.124718803871759,6,6,0
head_on,1.2,1.0,5,5,39,39,12.0508481214597,3.0314523259693957,31.623009889374,2.3725763759722294,5,5,0
head_on,1.2,1.0,5,6,40,40,13.000491022702281,8.490314695982605,24.39844526877695,1.2236561330656326,4,4,0
head_on,1.2,1.0,5,7,41,41,15.566700836386167,2.0993031513658647,19.933815363908547,1.1456834945305594,5,5,0
head_on,1.2,1.0,5,8,42,42,15.33169555927504,2.5748747305659125,21.338545715110158,1.2238483938061895,5,5,0
head_on,1.2,1.0,5,9,43,43,14.431807963571885,9.255373642388738,18.73376038393287,0.6567705699430763,7,7,0
head_on,1.2,1.0,5,10,44,44,15.000630303301978,6.647654933363257,17.95072600445939,0.7535064089012361,7,7,0
head_on,1.2,1.0,5,11,45,45,13.600060877791849,9.91989861807693,15.834106626715503,0.4348662893337595,9,9,0
head_on,1.2,1.0,5,12,46,46,13.052752846344479,10.46504225916529,18.24324975269532,0.5959055216239979,7,7,0
head_on,1.2,1.0,5,13,47,47,13.009360491086998,8.780466675002152,15.451391928512125,0.51277887626224,8,8,0
head_on,1.2,1.0,5,14,48,48,12.735141573189914,11.234401419313025,16.83816051771698,0.44002330607780726,8,8,0
head_on,1.2,1.0,5,15,49,49,12.791135862920807,11.584748176785876,14.678897717758854,0.24189794980931748,9,9,0
head_on,1.2,1.0,5,16,50,50,12.842654863855742,11.26874128555707,20.503329939581317,0.7190560481395474,9,9,0
head_on,1.2,1.0,5,17,51,51,12.958112304393662,9.99481094378875,14.321081114140503,0.33386577216844,10,10,0
head_on,1.2,1.0,5,18,52,52,13.017138747529145,11.428758551888698,14.66086802797465,0.24829646044138975,11,11,0
head_on,1.2,1.0,5,19,53,53,12.983570095588087,12.179516000992109,15.352781491423606,0.24440623550142007,11,11,0
head_on,1.2,1.0,5,20,54,54,13.214321333761259,11.91507746027114,15.337630508600965,0.25900331631754303,11,11,0
head_on,1.2,1.0,5,21,55,55,13.068564986182881,11.99846386617631,16.8137060657432,0.3684599039495113,11,11,0
head_on,1.2,1.0,5,22,56,56,13.135273492176513,12.095653220313698,15.089610585884945,0.22793262487868823,13,13,0
head_on,1.2,1.0,5,23,57,57,13.20837423754882,12.204015997692496,14.068364460686514,0.14114897333042248,13,13,0
head_on,1.2,1.0,5,24,58,58,13.15882249479246,12.906028415925904,14.338499994903929,0.1088601643152279,13,13,0
head_on,1.2,1.0,5,25,59,59,13.232146587714485,11.636950007651365,13.667894476490885,0.1534856385830225,13,13,0
head_on,1.2,1.0,5,26,60,60,13.165561545475601,12.920404343040726,14.15132107834779,0.0934951943413362,14,14,0
head_on,1.2,1.0,5,27,61,61,13.17543304934485,13.094084347283204,13.80691725168706,0.05410318596240015,14,14,0
head_on,1.2,1.0,5,28,62,62,13.180141301659514,12.779501115727555,13.633288933791194,0.064778350893411,15,15,0
head_on,1.2,1.0,5,29,63,63,13.174710274541837,13.174710274541816,13.70177510203633,0.040005800242377036,16,16,0
head_on,1.2,0.8,5,1,35,35,13.231296804335344,-10.541469084529963,44.09748036887805,4.12952337638629,5,5,0
head_on,1.2,0.8,5,2,36,36,10.488884377808226,0.777809950979626,25.365153156380373,2.344133305294243,5,5,0
head_on,1.2,0.8,5,3,37,37,13.67762817713686,-0.002671949722134803,21.941602356776205,1.60439178652186,4,4,0
head_on,1.2,0.8,5,4,38,38,11.152701308902778,-0.7697438942104615,32.05781763845995,2.943462809899286,7,7,0
head_on,1.2,0.8,5,5,39,39,13.097988196236798,6.02619976966126,19.97391524811235,1.0648746410123064,6,6,0
head_on,1.2,0.8,5,6,40,40,12.355690304460136,8.47815973512589,18.889352593587017,0.8426233259264285,6,6,0
head_on,1.2,0.8,5,7,41,41,11.526327339646592,2.391420098311103,18.69925899115151,1.4148339199726756,6,6,0
head_on,1.2,0.8,5,8,42,42,11.917423725807586,3.748928678924642,16.438790837968252,1.0648158906663092,7,7,0
head_on,1.2,0.8,5,9,43,43,13.302809465288217,5.567233006904325,17.930807833266517,0.929395768512146,7,7,0
head_on,1.2,0.8,5,10,44,44,12.460682250576273,7.206473015250124,16.589057170195385,0.7529751554744398,7,7,0
head_on,1.2,0.8,5,11,45,45,12.574590108971801,6.737297920539644,19.26891226932355,0.9965823331165894,6,6,0
head_on,1.2,0.8,5,12,46,46,12.370259523046933,6.95754067186149,18.0232279533081,0.894539622295734,9,9,0
head_on,1.2,0.8,5,13,47,47,12.430208161873056,8.703738961615993,17.966349664287087,0.745169395560255,8,8,0
head_on,1.2,0.8,5,14,48,48,12.156525027031837,9.398699925208351,14.13646762898586,0.3897304281644944,11,11,0
head_on,1.2,0.8,5,15,49,49,11.988961030488074,9.374150677848014,16.60387336001832,0.603031627493411,9,9,0
head_on,1.2,0.8,5,16,50,50,12.161436873859245,9.983682089680016,13.882296360968233,0.32057184621565626,11,11,0
head_on,1.2,0.8,5,17,51,51,11.960214621271753,8.780806562133716,16.460996707082582,0.6421448433951444,13,13,0
head_on,1.2,0.8,5,18,52,52,12.150260855334619,10.18140051946509,13.426627136170664,0.26709110654860924,12,12,0
head_on,1.2,0.8,5,19,53,53,12.096893152381202,9.929868236320047,14.313023012962814,0.3623372316700978,13,13,0
head_on,1.2,0.8,5,20,54,54,11.98214954904708,9.96762199077763,16.11536657823141,0.5130752676962457,13,13,0
head_on,1.2,0.8,5,21,55,55,12.298454761186514,10.004289163564785,14.411525013536462,0.35835687779905134,12,12,0
head_on,1.2,0.8,5,22,56,56,12.122726580197478,10.949902638553121,13.633021576061706,0.22132965878249455,13,13,0
head_on,1.2,0.8,5,23,57,57,12.189075471694112,10.441294710033276,13.156027412316588,0.22271850794488535,12,12,0
head_on,1.2,0.8,5,24,58,58,12.196818354269197,11.1458279082066,13.426030347190242,0.18695059422488755,14,14,0
head_on,1.2,0.8,5,25,59,59,12.189728477792363,10.902202312192651,13.096283952929447,0.17999429968715414,14,14,0
head_on,1.2,0.8,5,26,60,60,12.186969364870752,9.267477571527637,14.335089811181405,0.41582218580620117,13,13,0
head_on,1.2,0.8,5,27,61,61,12.083446839709886,11.45921356832247,12.776757332396798,0.10903708035893185,15,15,0
head_on,1.2,0.8,5,28,62,62,12.103924993635685,11.128837681014003,12.66811227347683,0.12717152438338686,15,15,0
head_on,1.2,0.8,5,29,63,63,12.10530813586006,11.791627235175385,12.40161022756604,0.05038971214484639,14,14,0
head_on,1.2,0.8,5,30,64,64,12.097586866846807,11.912280334474122,12.480768742562631,0.04699188477385024,16,16,0
head_on,0.8,1.0,5,1,35,35,-10.102834185565735,-29.914744776562515,1.6387514143207413,3.1232321159902647,5,5,0
head_on,0.8,1.0,5,2,36,36,-12.513607407033751,-22.474608905985583,0.20414490779788141,1.8123274189532272,3,3,0
head_on,0.8,1.0,5,3,37,37,-8.906647360180033,-19.37969952755169,-3.2927268249867163,1.8061760000162175,4,4,0
head_on,0.8,1.0,5,4,38,38,-11.543285464545328,-22.627215598709725,-1.3827466789995861,1.840417876259021,3,3,0
head_on,0.8,1.0,5,5,39,39,-11.911910475880788,-23.956807584463956,-3.48577269088998,1.7185349852169964,6,6,0
head_on,0.8,1.0,5,6,40,40,-9.975958400849418,-19.050921882839468,-0.30025886182218753,1.8795851253169549,7,7,0
head_on,0.8,1.0,5,7,41,41,-11.38683686706467,-18.132933482526457,-7.203541309132298,0.9598268861659356,7,7,0
head_on,0.8,1.0,5,8,42,42,-11.400531277791393,-17.46405420193222,-7.797147578880377,0.8479347486097683,6,6,0
head_on,0.8,1.0,5,9,43,43,-12.115390015627849,-16.35232553967117,-8.069775975990538,0.6836387068841225,6,6,0
head_on,0.8,1.0,5,10,44,44,-11.44683519360018,-16.4029777398011,-9.12416398258964,0.6358800169745588,8,8,0
head_on,0.8,1.0,5,11,45,45,-13.207167298980615,-17.21816021115536,-7.494030713253177,0.7362766956584803,8,8,0
head_on,0.8,1.0,5,12,46,46,-12.011799824256169,-15.295643806796194,-9.835749321315074,0.45454424527252096,10,10,0
head_on,0.8,1.0,5,13,47,47,-11.967652756069937,-18.449605228135884,-8.93092696897109,0.795367182953814,9,9,0
head_on,0.8,1.0,5,14,48,48,-12.018869137943657,-15.755160055560005,-8.087608349239837,0.6379594967145163,9,9,0
head_on,0.8,1.0,5,15,49,49,-12.290603336962967,-13.38599115948896,-10.444237946576639,0.23934978066253615,10,10,0
head_on,0.8,1.0,5,16,50,50,-12.000431531552472,-15.998811359551034,-10.711397354475347,0.4406019892846024,11,11,0
head_on,0.8,1.0,5,17,51,51,-12.03686534228562,-13.361265175796715,-10.806323639147788,0.2122597091514677,10,10,0
head_on,0.8,1.0,5,18,52,52,-12.200706946718139,-14.08211845482875,-9.502650539428782,0.3753444726931825,10,10,0
head_on,0.8,1.0,5,19,53,53,-12.06570810733014,-13.768357274940575,-11.192436556711794,0.21349105210525207,13,13,0
head_on,0.8,1.0,5,20,54,54,-12.129499054555515,-13.911580409585506,-10.971347923015927,0.24240345568643304,13,13,0
head_on,0.8,1.0,5,21,55,55,-11.953073803376714,-12.993208371157612,-10.25389406732398,0.22917237431093102,13,13,0
head_on,0.8,1.0,5,22,56,56,-11.987474938664008,-12.700784437965032,-11.35773493708925,0.11203773169476706,14,14,0
head_on,0.8,1.0,5,23,57,57,-12.00539510826162,-12.695246013379016,-11.179993139300718,0.12621432784295147,13,13,0
head_on,0.8,1.0,5,24,58,58,-11.977453868156346,-12.425343587412849,-11.422923550322537,0.08369224779528302,15,15,0
head_on,0.8,1.0,5,25,59,59,-11.96435311742617,-12.74919280022779,-11.28370180037182,0.12248810992726993,15,15,0
head_on,0.8,1.0,5,26,60,60,-11.973960880206459,-12.36158105798773,-11.341282759485168,0.08520975713134027,17,17,0
head_on,0.8,1.0,5,27,61,61,-11.952181866704736,-12.216973629281007,-11.481331646046234,0.06154876084039979,16,16,0
head_on,0.8,1.0,5,28,62,62,-11.927984907502694,-12.487737302522264,-11.661077924423864,0.06930419383566053,16,16,0
head_on,0.8,1.0,5,29,63,63,-11.897281775637179,-12.449497210425115,-11.499810679115194,0.07982382440118833,17,17,0
head_on,0.8,1.0,5,30,64,64,-11.92399245941078,-12.491207121056753,-11.09124321732699,0.11740731206391097,18,18,0
head_on,0.8,1.0,5,31,65,65,-11.911296374824301,-12.61476803679006,-11.774825738685546,0.0705164468814507,17,17,0
head_on,0.8,1.0,5,32,66,66,-11.919325446979371,-12.628018612874992,-11.677951234972033,0.07970814977148963,19,19,0
head_on,0.8,1.0,5,33,67,67,-11.951033949269366,-12.146250996746755,-10.95496432733417,0.09968063637585214,20,20,0
head_on,0.8,1.0,5,34,68,68,-11.926838989831088,-12.16734860009,-11.337429708579782,0.06958414481974753,22,22,0
head_on,0.8,1.0,5,35,69,69,-11.924041262556367,-12.222114370980103,-11.924041262556349,0.024997658248613844,21,21,0
head_on,0.8,1.2,5,1,35,35,-10.327025152686069,-26.526517904261596,0.05121034954707149,2.573609327067028,6,6,0
head_on,0.8,1.2,5,2,36,36,-13.06070210409542,-18.691013458834718,-0.6702322925768884,1.37977124220658,5,5,0
head_on,0.8,1.2,5,3,37,37,-10.914397394375957,-21.249939242521226,-3.6904644193189515,1.60883594290331,3,3,0
head_on,0.8,1.2,5,4,38,38,-10.35221114134444,-23.545377018956472,-2.1522916585204417,2.066523283610086,4,4,0
head_on,0.8,1.2,5,5,39,39,-10.238720489828584,-18.35288376760952,-4.610351697261968,1.3422118597728834,5,5,0
head_on,0.8,1.2,5,6,40,40,-11.481902509961568,-16.94848150338535,-4.371620409335308,1.095363863535551,4,4,0
head_on,0.8,1.2,5,7,41,41,-10.567253430485334,-16.319075597540486,-7.827180537132651,0.8036047508721307,5,5,0
head_on,0.8,1.2,5,8,42,42,-9.787447538697155,-16.728149125264995,-7.892664694179559,0.9027363259064337,6,6,0
head_on,0.8,1.2,5,9,43,43,-10.451889099022374,-16.759819859675037,-3.9979143203958367,1.2210142509522892,6,6,0
head_on,0.8,1.2,5,10,44,44,-10.98582644328704,-14.385545701729722,-8.357176840267332,0.5487405879369288,7,7,0
head_on,0.8,1.2,5,11,45,45,-11.537194466872585,-15.486636469947864,-5.687359717417166,0.849363922976936,8,8,0
head_on,0.8,1.2,5,12,46,46,-11.12888432557715,-14.37471516250544,-8.518438766063793,0.5262231347829143,9,9,0
head_on,0.8,1.2,5,13,47,47,-10.678835860968022,-15.63023376194146,-9.02834096745792,0.6182221433530946,9,9,0
head_on,0.8,1.2,5,14,48,48,-10.631306151464543,-13.865502785692255,-7.874647907046937,0.5635107100946419,9,9,0
head_on,0.8,1.2,5,15,49,49,-10.918740641233239,-13.38108456163774,-8.733203607361883,0.42567921585422813,10,10,0
head_on,0.8,1.2,5,16,50,50,-10.823256301064646,-12.516793215217925,-8.19914053526301,0.3989236288833151,10,10,0
head_on,0.8,1.2,5,17,51,51,-10.648624501731753,-14.508970696951629,-9.480679854694635,0.47220097219497764,12,12,0
head_on,0.8,1.2,5,18,52,52,-10.576352074610705,-13.38569609954419,-10.030393406499197,0.31724574497662933,11,11,0
head_on,0.8,1.2,5,19,53,53,-10.792917047686107,-12.771960839965455,-9.410371709656408,0.3114625189331682,13,13,0
head_on,0.8,1.2,5,20,54,54,-10.756504968356072,-14.192843752186416,-9.878987076822302,0.4010463145840396,13,13,0
head_on,0.8,1.2,5,21,55,55,-10.780634949188926,-13.054664774952887,-9.850612921833289,0.29720437323226984,12,12,0
head_on,0.8,1.2,5,22,56,56,-10.831692331852059,-12.387789699517738,-9.507971107992066,0.2658696816061858,13,13,0
head_on,0.8,1.2,5,23,57,57,-11.010944784791233,-12.872794473956027,-9.95333043571428,0.26514201054520137,12,12,0
head_on,0.8,1.2,5,24,58,58,-10.993338618455665,-12.138163422387699,-10.026569074047273,0.192079442071899,14,14,0
head_on,0.8,1.2,5,25,59,59,-11.057954724759977,-13.143449283773407,-9.39109869955113,0.3393349563839642,12,12,0
head_on,0.8,1.2,5,26,60,60,-11.011390734042571,-12.363195112875616,-10.119569050286557,0.20375501303869945,16,16,0
head_on,0.8,1.2,5,27,61,61,-11.081668904286335,-13.007200166154929,-9.683337934623841,0.2999423877612364,14,14,0
head_on,0.8,1.2,5,28,62,62,-11.022773431828245,-12.933408999944135,-10.166520724744624,0.2510156171050495,15,15,0
head_on,0.8,1.2,5,29,63,63,-10.98646080446344,-12.346784849979212,-10.4182803604522,0.17553464430906837,16,16,0
head_on,0.8,1.2,5,30,64,64,-11.000579443873253,-12.146852881476855,-10.567459251624816,0.14357367608773355,16,16,0
head_on,0.8,1.2,5,31,65,65,-11.04275339152424,-11.909456125895533,-10.250519048554045,0.15022857239706078,17,17,0
head_on,0.8,1.2,5,32,66,66,-11.086423695210986,-12.668031631884988,-9.886709384971848,0.25087641636090374,21,21,0
head_on,0.8,1.2,5,33,67,67,-11.14872075086381,-12.02828533790274,-9.981325521951607,0.18360490514506195,18,18,0
head_on,0.8,1.2,5,34,68,68,-11.096960186725958,-12.234978896715804,-10.756236514182946,0.13325652770221796,21,21,0
head_on,0.8,1.2,5,35,69,69,-11.077528224929061,-12.007195104587169,-10.866353564469922,0.1029870127119042,21,21,0
head_on,0.8,1.2,5,36,70,70,-11.13881021386305,-11.65626202031153,-10.338155976021513,0.11833454551991016,17,17,0
head_on,0.8,1.2,5,37,71,71,-11.128096903633184,-11.751209104911498,-10.775843559904112,0.08764890829526659,18,18,0
head_on,0.8,1.2,5,38,72,72,-11.10795644382355,-11.993999276082745,-10.976994500684633,0.09155642449098778,20,20,0
head_on,0.8,1.2,5,39,73,73,-11.13751495130467,-11.98417161413555,-11.051731007963207,0.08372070522456307,21,21,0
head_on,0.8,1.2,5,40,74,74,-11.1468149630431,-11.818310059787095,-10.89045878076924,0.08323913890148128,24,24,0
head_on,1.2,1.2,5,1,35,35,7.183051356349994,-5.771021843760261,35.81427679943243,5.789363959709164,7,7,0
head_on,1.2,1.2,5,2,36,36,14.26454009558704,-4.393655122581514,31.698862487958625,2.530226517552145,3,3,0
head_on,1.2,1.2,5,3,37,37,11.944569998719047,5.725956282644235,32.27810763222637,2.222947444104696,3,3,0
head_on,1.2,1.2,5,4,38,38,13.548929961939567,8.354973224452753,38.03275787730241,2.190415386028108,3,3,0
head_on,1.2,1.2,5,5,39,39,14.024471483960536,1.777935788510352,28.12447433737553,1.8786118663364326,5,5,0
head_on,1.2,1.2,5,6,40,40,14.352991187148499,10.463706029008717,20.370102988548275,0.6901973832750368,5,5,0
head_on,1.2,1.2,5,7,41,41,15.409253308287955,5.290512185997674,21.396206634532135,1.045196293831572,6,6,0
head_on,1.2,1.2,5,8,42,42,13.933415419465602,8.849207769575354,20.03655076740646,0.802914623660893,7,7,0
head_on,1.2,1.2,5,9,43,43,15.314434608806465,8.986986919521293,19.337642777378342,0.6758758075146288,6,6,0
head_on,1.2,1.2,5,10,44,44,13.797322414817653,9.260345421440423,24.471964998891192,1.1025051905081402,6,6,0
head_on,1.2,1.2,5,11,45,45,13.478648215494157,11.465464643850021,18.160887328343865,0.4967428912342434,8,8,0
head_on,1.2,1.2,5,12,46,46,13.983836526680332,9.624572821407904,15.209228327307446,0.3993650451536923,10,10,0
head_on,1.2,1.2,5,13,47,47,13.065426573073077,12.019988001639515,17.106320474939267,0.3892970845500234,8,8,0
head_on,1.2,1.2,5,14,48,48,13.241775141377131,9.882056274468518,15.556551807482197,0.42852982114779653,9,9,0
head_on,1.2,1.2,5,15,49,49,12.934724445176226,11.739106868038293,16.292602632077095,0.3520365496256819,8,8,0
head_on,1.2,1.2,5,16,50,50,13.141616063796455,9.098624023290814,16.441281072045154,0.5587331887576948,9,9,0
head_on,1.2,1.2,5,17,51,51,13.17515921420944,9.743034646248503,15.39678693067252,0.4291221223593587,9,9,0
head_on,1.2,1.2,5,18,52,52,13.23398377650355,12.158018796117688,14.848501403067363,0.20330103560550894,9,9,0
head_on,1.2,1.2,5,19,53,53,13.600763285998953,10.941744344033417,14.649255606248351,0.27259582306175134,11,11,0
head_on,1.2,1.2,5,20,54,54,13.290411885871407,11.450089859280116,15.912343947848667,0.3357498719292684,10,10,0
head_on,1.2,1.2,5,21,55,55,13.511214780278074,12.517765534565571,14.926506137851682,0.178277130699016,14,14,0
head_on,1.2,1.2,5,22,56,56,13.475549290992715,10.56593544881102,15.358301641944772,0.35563420010915997,13,13,0
head_on,1.2,1.2,5,23,57,57,13.383273784531617,12.905593049049655,15.761124896123107,0.2133657200059581,13,13,0
head_on,1.2,1.2,5,24,58,58,13.267061749790045,12.380770267321735,15.374723008386923,0.2256681093017878,13,13,0
head_on,1.2,1.2,5,25,59,59,13.334884147163962,13.11045640944608,15.095951234551572,0.1488947937749998,13,13,0
head_on,1.2,1.2,5,26,60,60,13.389038107688446,12.29020976821197,13.80741958726235,0.11331731277836506,14,14,0
head_on,1.2,1.2,5,27,61,61,13.367720002344779,12.870385696751544,14.116778708734238,0.0932390124691472,13,13,0
head_on,1.2,1.2,5,28,62,62,13.376616681648876,13.206295282471853,14.049421285255924,0.06302983952143443,15,15,0
head_on,1.2,1.2,5,29,63,63,13.368289662237814,13.228223799273223,14.012832163506006,0.058691753698987534,16,16,0
head_on,1.2,1.2,5,30,64,64,13.392706505396559,12.967489170790758,13.955588269558508,0.07377889587661743,17,17,0
head_on,1.2,1.2,5,31,65,65,13.391274404119603,13.2421989895384,13.868537391269307,0.04677212809097723,17,17,0
parallel,0.8,0.8,5,1,35,35,-8.45418461468858,-23.637918699995062,0.21330017618454966,2.821232320233428,4,4,0
parallel,0.8,0.8,5,2,36,36,-10.00308870619148,-21.293362165753226,2.089013951849266,2.3375156218628566,4,4,0
parallel,0.8,0.8,5,3,37,37,-7.75107118617799,-21.83228207668313,-0.8502889399882826,2.7069798009481256,6,6,0
parallel,0.8,0.8,5,4,38,38,-6.346366670605892,-27.110859355293424,-1.4409090237382225,4.044826223238764,3,3,0
parallel,0.8,0.8,5,5,39,39,-10.316703973181529,-17.992954260601554,-2.723862546340057,1.4800358480725815,6,6,0
parallel,0.8,0.8,5,6,40,40,-9.406192862077962,-17.504433401853618,-2.450897057948266,1.6003856783114918,5,5,0
parallel,0.8,0.8,5,7,41,41,-9.539886068752583,-15.235325016494622,-3.7476941228037806,1.2041685624860865,7,7,0
parallel,0.8,0.8,5,8,42,42,-9.605077554913429,-14.377847211201463,-3.9493828253390224,1.0857241210434383,6,6,0
parallel,0.8,0.8,5,9,43,43,-9.486818287383397,-11.457043249777882,-0.13680570099038675,1.1932596583875101,6,6,0
parallel,0.8,0.8,5,10,44,44,-9.228643144918838,-12.020329298997297,0.6347721619513598,1.3712851675185187,5,5,0
parallel,0.8,0.8,5,11,45,45,-8.85611894044851,-13.53342392767627,-5.7404257066575415,0.8799563638904851,8,8,0
parallel,0.8,0.8,5,12,46,46,-8.380758066567708,-12.437720195960722,-4.755480512061954,0.9166521241729372,8,8,0
parallel,0.8,0.8,5,13,47,47,-8.843808885739493,-13.016327706687754,-4.752389094136014,0.9344320664682403,9,9,0
parallel,0.8,0.8,5,14,48,48,-8.901559990046952,-10.935916230446578,-5.918629463532797,0.5636412912482452,8,8,0
parallel,0.8,0.8,5,15,49,49,-8.926118852424992,-11.843440502231713,-6.66424556639476,0.5802292151229762,9,9,0
parallel,0.8,0.8,5,16,50,50,-8.826607562489318,-10.743754840813283,-4.82016473968655,0.6711060913482072,11,11,0
parallel,0.8,0.8,5,17,51,51,-8.478655605297,-11.465582916483132,-6.470683751381294,0.5891145244750003,11,11,0
parallel,0.8,0.8,5,18,52,52,-8.592219469764096,-14.159168688347066,-6.530435900780153,0.8878652150835206,10,10,0
parallel,0.8,0.8,5,19,53,53,-8.832972837705086,-10.626031282259186,-7.051113719624661,0.40472416572757536,12,12,0
parallel,0.8,0.8,5,20,54,54,-8.823478281562377,-10.624379455941563,-7.235121322125585,0.38411814770352,14,14,0
parallel,0.8,0.8,5,21,55,55,-8.988606307149848,-10.1866242321546,-6.811102740912672,0.37553335588376163,14,14,0
parallel,0.8,0.8,5,22,56,56,-8.670366133790985,-10.53255563626116,-6.68955536910209,0.44323390821775793,15,15,0
parallel,0.8,0.8,5,23,57,57,-8.657789188480095,-10.512896319267819,-7.450381153028617,0.3537294682936069,15,15,0
parallel,0.8,0.8,5,24,58,58,-8.624137467267133,-10.990300364154438,-7.149850450966022,0.44531408825112345,14,14,0
parallel,0.8,0.8,5,25,59,59,-8.733559652143374,-10.03653203568314,-7.315934774688231,0.31151069774020773,16,16,0
parallel,0.8,0.8,5,26,60,60,-8.822299080048381,-9.962485418113713,-7.16540099240066,0.31704710986716106,15,15,0
parallel,0.8,0.8,5,27,61,61,-8.824668354003038,-10.214005489487343,-6.56331533476411,0.4136914848553159,16,16,0
parallel,0.8,0.8,5,28,62,62,-8.800899598655423,-10.051307448141523,-7.100206910293718,0.3353180552472916,16,16,0
parallel,0.8,0.8,5,29,63,63,-8.84201631840314,-10.018942980573238,-7.634659318046452,0.26965384100957923,18,18,0
parallel,0.8,0.8,5,30,64,64,-8.77702033806524,-9.900657313628566,-7.821214516101751,0.23691899043556233,18,18,0
parallel,0.8,0.8,5,31,65,65,-8.738719806366497,-10.34594729615158,-7.4767783461547435,0.32832829219521786,15,15,0
parallel,0.8,0.8,5,32,66,66,-8.732353092180155,-9.625991619406557,-7.965517633030993,0.19015195203942484,19,19,0
parallel,0.8,0.8,5,33,67,67,-8.761089127200012,-9.626733098189504,-7.609467401522443,0.23025284498067491,17,17,0
parallel,0.8,0.8,5,34,68,68,-8.664859992259586,-9.991478251750388,-7.425487423965156,0.29613759830827735,18,18,0
parallel,0.8,0.8,5,35,69,69,-8.733945477018146,-9.62962734641535,-8.108211359146136,0.17419572760930965,18,18,0
parallel,0.8,0.8,5,36,70,70,-8.799185876465835,-9.598281073413945,-8.229026940743982,0.15561145677489885,18,18,0
parallel,0.8,0.8,5,37,71,71,-8.785847418556502,-9.598098468967212,-8.29466809567629,0.14835568058443172,21,21,0
parallel,0.8,0.8,5,38,72,72,-8.775406609011103,-9.636537475327922,-8.31031849466504,0.15112906327338063,20,20,0
parallel,0.8,0.8,5,39,73,73,-8.760769220173469,-9.514269607161221,-8.52740687226006,0.11264567186962382,20,20,0
parallel,0.8,0.8,5,40,74,74,-8.81342707374672,-9.722048211986767,-7.661975568474859,0.23374251880388452,19,19,0
parallel,0.8,1.0,5,1,35,35,-9.387927827255965,-15.358659169392197,5.205614305474079,2.1905018714739195,6,6,0
parallel,0.8,1.0,5,2,36,36,-9.00353036310064,-13.28515657592302,-0.7613155463364984,1.3909922579828513,5,5,0
parallel,0.8,1.0,5,3,37,37,-7.572006291064788,-12.662037793164584,0.7905698377432953,1.7766239374077635,5,5,0
parallel,0.8,1.0,5,4,38,38,-7.867202127303825,-13.386285746989499,-2.894442974740577,1.3336180515606748,7,7,0
parallel,0.8,1.0,5,5,39,39,-8.564379246335452,-16.184385679259044,4.405241290750139,2.404100329725488,5,5,0
parallel,0.8,1.0,5,6,40,40,-6.993828962036033,-16.83515663836579,-2.36416223888331,2.069108992804094,7,7,0
parallel,0.8,1.0,5,7,41,41,-7.513151961713071,-12.014776537247172,-4.171267000309834,1.0439705701292568,8,8,0
parallel,0.8,1.0,5,8,42,42,-8.301390281113207,-12.499493586538911,-0.8618247986977603,1.4018939471281613,8,8,0
parallel,0.8,1.0,5,9,43,43,-7.155319439854382,-12.779505381453346,-3.6284990839822706,1.2789095405721407,6,6,0
parallel,0.8,1.0,5,10,44,44,-6.871212876704888,-10.103472759549518,-4.274274726070643,0.8483506679353945,8,8,0
parallel,0.8,1.0,5,11,45,45,-7.536155000934248,-10.521959686192577,-3.531011782842637,0.9276544739967904,6,6,0
parallel,0.8,1.0,5,12,46,46,-6.793514688358008,-11.016522117372286,-3.9148875442583635,1.0453550038368118,9,9,0
parallel,0.8,1.0,5,13,47,47,-7.016086519203189,-9.325661516336904,-3.660159875634928,0.8075016784920437,8,8,0
parallel,0.8,1.0,5,14,48,48,-7.229283568939453,-10.014725175247456,-5.229221918956305,0.6619609274772427,9,9,0
parallel,0.8,1.0,5,15,49,49,-6.903893252075234,-9.418319133309502,-5.487401500839574,0.5693769426820641,10,10,0
parallel,0.8,1.0,5,16,50,50,-6.934942926006425,-8.553262835263755,-4.395546298518332,0.5995314714348625,11,11,0
parallel,0.8,1.0,5,17,51,51,-6.968661578436592,-8.267482793559845,-5.73641269132609,0.3632074931096878,13,13,0
parallel,0.8,1.0,5,18,52,52,-7.078296419782548,-8.762988687576772,-5.160593827680238,0.5089352926543875,11,11,0
parallel,0.8,1.0,5,19,53,53,-7.021577542839061,-8.555807833796068,-5.989499813636606,0.36548880995791394,13,13,0
parallel,0.8,1.0,5,20,54,54,-7.14952358675442,-8.464186084498083,-5.819529430545769,0.3699066968394849,14,14,0
parallel,0.8,1.0,5,21,55,55,-7.122873994232985,-8.163728335658835,-6.202213792527459,0.2753824572383999,13,13,0
parallel,0.8,1.0,5,22,56,56,-7.218812077566055,-8.475115740646654,-6.469647123990345,0.2778114453053454,13,13,0
parallel,0.8,1.0,5,23,57,57,-7.144126325395565,-8.177823516323947,-6.391622211125508,0.2500237571176401,13,13,0
parallel,0.8,1.0,5,24,58,58,-7.205862416889806,-8.09342953350014,-6.666778468093496,0.19798477723675653,14,14,0
parallel,0.8,1.0,5,25,59,59,-7.1888266266865175,-8.048682527688626,-6.346117188320029,0.23683494230453372,16,16,0
parallel,0.8,1.0,5,26,60,60,-7.242888434041843,-8.092388705520378,-7.040494105996475,0.14523136854903893,15,15,0
parallel,0.8,1.0,5,27,61,61,-7.307339527600228,-8.47076171659316,-6.973373642534519,0.2049156287870465,17,17,0
parallel,0.8,1.0,5,28,62,62,-7.308096700871012,-7.9175503990200875,-7.074670136206322,0.11533512723132239,18,18,0
parallel,0.8,1.0,5,29,63,63,-7.305068586144092,-8.115023739601154,-7.11786887597267,0.13650177980804185,17,17,0
parallel,0.8,1.0,5,30,64,64,-7.322848559453841,-7.879403467905555,-6.9009989124190945,0.13360983059295067,18,18,0
parallel,0.8,1.0,5,31,65,65,-7.301003655151365,-8.323383042845688,-7.04732068757281,0.1747790325200737,18,18,0
parallel,0.8,1.0,5,32,66,66,-7.3113497729148005,-7.622144323514478,-7.043708762087887,0.07911474343211289,19,19,0
parallel,0.8,1.0,5,33,67,67,-7.302855771551234,-8.05223062588531,-6.913076119191012,0.15598753998839066,19,19,0
parallel,0.8,1.0,5,34,68,68,-7.303327178460389,-7.966341952715069,-7.162787162830466,0.11002585126605272,22,22,0
parallel,0.8,1.0,5,35,69,69,-7.312867470793326,-7.608021239428721,-7.242005299655953,0.05005094666826518,20,20,0
parallel,0.8,1.0,5,36,70,70,-7.3266347606344215,-7.74169207675126,-7.159729915438715,0.07943103216218637,21,21,0
parallel,0.8,1.0,5,37,71,71,-7.329381585548225,-7.69958998176468,-7.168393585030604,0.0724749271864173,25,25,0
parallel,0.8,1.0,5,38,72,72,-7.316844681890082,-7.845863801822136,-7.260690264824248,0.07997621412495619,23,23,0
parallel,0.8,1.0,5,39,73,73,-7.318803599207801,-7.734585024874558,-7.201884686060693,0.07278516653617056,23,23,0
parallel,0.8,1.0,5,40,74,74,-7.3203127230518525,-7.565591542596182,-7.24416885633374,0.04390832720168817,22,22,0
parallel,0.8,1.2,5,1,35,35,-7.86386226785419,-11.651557364654753,3.0902740748077617,1.8746299130548119,5,5,0
parallel,0.8,1.2,5,2,36,36,-6.510246470273077,-11.114526450295195,-0.5849795840057288,1.6173806804963862,5,5,0
parallel,0.8,1.2,5,3,37,37,-7.441090516477689,-14.781335228300804,0.30352144665303993,2.0272373574208857,7,7,0
parallel,0.8,1.2,5,4,38,38,-7.300320454832292,-12.714313295204828,-0.9901579092819829,1.6059781838977067,7,7,0
parallel,0.8,1.2,5,5,39,39,-7.182133354831107,-10.287116232945438,-1.7822828580984078,1.184165338440312,7,7,0
parallel,0.8,1.2,5,6,40,40,-7.258481367437117,-10.557163851093172,-2.9146364246593826,1.0529099738024503,7,7,0
parallel,0.8,1.2,5,7,41,41,-6.683322307074697,-12.088741658173287,-4.29449246170902,1.1662237489599427,6,6,0
parallel,0.8,1.2,5,8,42,42,-7.048502677218018,-9.1047604110311,-2.368682822340502,0.9556749705810239,7,7,0
parallel,0.8,1.2,5,9,43,43,-6.897627309934677,-9.9011273492082,-3.4505882392508918,0.9351823199648052,8,8,0
parallel,0.8,1.2,5,10,44,44,-7.022221871836991,-9.38615979441175,-0.947703915625868,1.2016789034577184,7,7,0
parallel,0.8,1.2,5,11,45,45,-6.393274038221975,-10.235753699592323,-4.356581409480426,0.91958709339901,8,8,0
parallel,0.8,1.2,5,12,46,46,-6.65783353580066,-9.020333696765263,-3.5624519328154443,0.8197684328695767,8,8,0
parallel,0.8,1.2,5,13,47,47,-6.567837203345235,-8.141811543189961,-4.98415115604858,0.48077628744102724,9,9,0
parallel,0.8,1.2,5,14,48,48,-6.514350658375507,-8.089664941473838,-4.735603745144157,0.5148726822092945,9,9,0
parallel,0.8,1.2,5,15,49,49,-6.421996839588866,-8.334877218885268,-4.439719540691316,0.6065337270460753,9,9,0
parallel,0.8,1.2,5,16,50,50,-6.558721804029504,-7.5389181637868194,-4.744855619796809,0.42600717448839087,11,11,0
parallel,0.8,1.2,5,17,51,51,-6.59865234986199,-7.983067840725047,-3.001080036826218,0.755000800125957,9,9,0
parallel,0.8,1.2,5,18,52,52,-6.52661795120749,-7.54758572643452,-5.03105084207548,0.3855802351497311,10,10,0
parallel,0.8,1.2,5,19,53,53,-6.258862626767593,-7.740538073738403,-4.072235788357476,0.5860972678474382,11,11,0
parallel,0.8,1.2,5,20,54,54,-6.461631410168383,-7.700058766440511,-5.108784974405553,0.40102469911192795,13,13,0
parallel,0.8,1.2,5,21,55,55,-6.410758250638505,-7.446189221122211,-5.459557811535855,0.3098902394874256,11,11,0
parallel,0.8,1.2,5,22,56,56,-6.391409097076721,-7.489131014244475,-5.633848088586119,0.29027760506003575,13,13,0
parallel,0.8,1.2,5,23,57,57,-6.490205149049071,-7.818827170494492,-5.858391668799065,0.3020606370174085,14,14,0
parallel,0.8,1.2,5,24,58,58,-6.515913164361588,-7.758216893693782,-5.502740591839038,0.3461489195698527,15,15,0
parallel,0.8,1.2,5,25,59,59,-6.495036373537983,-7.544810650467076,-5.370767867755155,0.3347237271171238,15,15,0
parallel,0.8,1.2,5,26,60,60,-6.495360411892385,-7.429648558435279,-6.06505350383662,0.21008765766103066,16,16,0
parallel,0.8,1.2,5,27,61,61,-6.479360984650697,-7.881058314091067,-5.491193843484351,0.36884261831810167,15,15,0
parallel,0.8,1.2,5,28,62,62,-6.443877733525757,-7.558128804285604,-5.069603442600587,0.3861844474077916,16,16,0
parallel,0.8,1.2,5,29,63,63,-6.449729263378658,-7.264568996940015,-6.092516114311135,0.18172125290339802,17,17,0
parallel,0.8,1.2,5,30,64,64,-6.507373725905895,-7.42428545081393,-5.312337445273463,0.32454690547936255,17,17,0
parallel,0.8,1.2,5,31,65,65,-6.509560912634964,-7.181877995651504,-5.809859845784218,0.21076969219294328,16,16,0
parallel,0.8,1.2,5,32,66,66,-6.540183291234353,-7.189330424567387,-6.219917874962156,0.14822406443937292,18,18,0
parallel,0.8,1.2,5,33,67,67,-6.503731004391318,-6.980636427652947,-6.13049709947675,0.13071563501045536,16,16,0
parallel,0.8,1.2,5,34,68,68,-6.451138960524901,-6.9086692762716595,-6.144926639565469,0.11838880566355808,18,18,0
parallel,0.8,1.2,5,35,69,69,-6.456254289813161,-6.91739218945243,-6.267219262330164,0.10070435548799953,20,20,0
parallel,0.8,1.2,5,36,70,70,-6.489634828740321,-7.380632535696612,-6.325806785869674,0.16254007777995202,17,17,0
parallel,0.8,1.2,5,37,71,71,-6.539166034191956,-6.839886935917654,-6.164654713926111,0.10325968456235751,20,20,0
parallel,0.8,1.2,5,38,72,72,-6.53823735382878,-6.820378169505267,-6.185055981140319,0.09717025460889768,20,20,0
parallel,0.8,1.2,5,39,73,73,-6.500315273741332,-6.9307333469180445,-6.431226953146556,0.07684341031723402,21,21,0
parallel,0.8,1.2,5,40,74,74,-6.505252229020223,-6.730631010224866,-6.4473111893897865,0.04355247281130424,20,20,0
parallel,1.2,0.8,5,1,35,35,10.857555397331316,-3.026464531743818,17.790632740591338,1.917291370896602,4,4,0
parallel,1.2,0.8,5,2,36,36,10.911043920198741,-7.695537098091645,14.077927615047386,1.9955436777989282,3,3,0
parallel,1.2,0.8,5,3,37,37,10.793344154910407,-3.7136778371998536,14.988137834092658,1.7327174416822577,4,4,0
parallel,1.2,0.8,5,4,38,38,9.971474479347014,-4.963024804625905,15.800770119879493,2.0823194170041264,7,7,0
parallel,1.2,0.8,5,5,39,39,7.051019210502982,-1.5534224213970336,15.929700532512769,2.4795171353195973,6,6,0
parallel,1.2,0.8,5,6,40,40,9.032711932112152,-0.0638242362245044,16.02106146698555,1.7807371500497822,6,6,0
parallel,1.2,0.8,5,7,41,41,8.63903522273381,2.53358318252021,15.65213920405975,1.5185209555596872,8,8,0
parallel,1.2,0.8,5,8,42,42,8.45357541413873,3.1384351961545307,12.956671603957087,1.1614300372102213,8,8,0
parallel,1.2,0.8,5,9,43,43,8.25706061774629,2.9612244041280706,11.880510722367536,1.0802011431368084,9,9,0
parallel,1.2,0.8,5,10,44,44,8.241206976731958,4.317148177728542,10.487996520925524,0.7487796824687961,10,10,0
parallel,1.2,0.8,5,11,45,45,7.912249178540657,3.7468409116662227,13.913757310108858,1.2849590766197068,8,8,0
parallel,1.2,0.8,5,12,46,46,8.4224033198986,-3.4454879746700064,11.021699814370894,1.7177030402784224,8,8,0
parallel,1.2,0.8,5,13,47,47,8.419421500529321,3.6183060274520233,10.971451154282256,0.8733551499194984,11,11,0
parallel,1.2,0.8,5,14,48,48,7.733752557934668,4.289372733306985,11.691246349070378,0.9570869458668192,10,10,0
parallel,1.2,0.8,5,15,49,49,7.477881817470408,4.627053286818661,14.629225782672181,1.337567608047197,8,8,0
parallel,1.2,0.8,5,16,50,50,7.880738668684975,5.039721548772037,11.467592292240742,0.8156431793647201,9,9,0
parallel,1.2,0.8,5,17,51,51,8.010817605733003,5.039430715679348,10.681906241215021,0.7043570086401159,12,12,0
parallel,1.2,0.8,5,18,52,52,7.390920744495688,3.3178286545848366,8.895472111589486,0.7546615164502396,10,10,0
parallel,1.2,0.8,5,19,53,53,7.216060755755826,3.8215656754832947,8.901502095733607,0.7039763926874294,12,12,0
parallel,1.2,0.8,5,20,54,54,7.255772532577986,3.9200289215686546,8.677156473344857,0.6556335015213037,12,12,0
parallel,1.2,0.8,5,21,55,55,7.451213267673876,4.9958463254279,8.944783493215283,0.5299723717370076,12,12,0
parallel,1.2,0.8,5,22,56,56,7.498217142225649,5.522451274602593,9.807209343081283,0.5714369145632493,11,11,0
parallel,1.2,0.8,5,23,57,57,7.544506955186055,5.516828285253574,9.029241303098855,0.46555898731472,10,10,0
parallel,1.2,0.8,5,24,58,58,7.471487999493123,4.758765885256057,8.56368899540006,0.5092590807081715,12,12,0
parallel,1.2,0.8,5,25,59,59,7.561379755105424,4.846257714274537,8.80076574482326,0.5229876237704698,16,16,0
parallel,1.2,0.8,5,26,60,60,7.197178476527517,4.945215173511552,9.867850003695963,0.6839673138909674,14,14,0
parallel,1.2,0.8,5,27,61,61,7.222402940002281,5.733915825147754,8.193456884638005,0.34054331777416363,14,14,0
parallel,1.2,0.8,5,28,62,62,7.166059057128592,6.198663034222228,8.423439782185525,0.3104602865015677,16,16,0
parallel,1.2,0.8,5,29,63,63,7.216332184841985,6.326094896154356,8.740894207288278,0.334629732844927,19,19,0
parallel,1.2,0.8,5,30,64,64,7.173235913794411,6.376334654895544,8.65761286236675,0.3180263739945065,18,18,0
parallel,1.2,0.8,5,31,65,65,7.290256882635665,6.218313419576994,8.435224561210164,0.30409232175529116,18,18,0
parallel,1.2,0.8,5,32,66,66,7.196888800790525,6.2592921121566745,8.367151427971251,0.2928847970505038,20,20,0
parallel,1.2,0.8,5,33,67,67,7.2596929424029835,6.465666149284054,8.15366816390606,0.23251699872353987,18,18,0
parallel,1.2,0.8,5,34,68,68,7.304751868135764,6.681116050630592,8.030546662953922,0.18473325811513377,20,20,0
parallel,1.2,0.8,5,35,69,69,7.26022644790456,6.444775283591955,8.455826183362072,0.2769956163489287,19,19,0
parallel,1.2,0.8,5,36,70,70,7.2966878608647345,6.279860867733645,8.599928317168628,0.3179617236854133,21,21,0
parallel,1.2,0.8,5,37,71,71,7.120183641540512,6.574344925506758,7.977252707563084,0.19703252790721482,20,20,0
parallel,1.2,0.8,5,38,72,72,7.1425291773786075,6.417005634068816,7.6621091741467975,0.1743224996576002,19,19,0
parallel,1.2,0.8,5,39,73,73,7.145679097076865,6.617634379893432,7.676803871551047,0.14822516898231505,19,19,0
parallel,1.2,0.8,5,40,74,74,7.161036002993367,6.816815981049532,7.768608820890617,0.13291272930945025,21,21,0
parallel,1.2,1.0,5,1,35,35,8.969660144757361,-2.933977165757014,22.068409267892417,2.78743966105148,6,6,0
parallel,1.2,1.0,5,2,36,36,8.554827783196902,-2.423254589442134,16.222299969713248,2.1795359335904267,6,6,0
parallel,1.2,1.0,5,3,37,37,8.651920093761435,-2.399147350574494,21.411088306849777,2.7520175174286354,4,4,0
parallel,1.2,1.0,5,4,38,38,7.9405816759802645,0.33858774932075875,17.786390972286345,2.197295353782965,5,5,0
parallel,1.2,1.0,5,5,39,39,7.959941168415202,2.541150545406488,14.654306871524522,1.5217645545148826,6,6,0
parallel,1.2,1.0,5,6,40,40,8.681861141317011,0.8826031479929934,17.197553853094366,1.8791996830562585,5,5,0
parallel,1.2,1.0,5,7,41,41,9.114113304164073,3.212310173837068,14.439142519848966,1.2318074146480669,6,6,0
parallel,1.2,1.0,5,8,42,42,8.519727593640436,-1.013834596090737,12.065021723936656,1.5351261148056101,5,5,0
parallel,1.2,1.0,5,9,43,43,7.90643563314906,1.9062512332050694,13.855570744240397,1.5113408956288468,9,9,0
parallel,1.2,1.0,5,10,44,44,8.425378582844878,5.159404515022794,12.857388704235719,0.9136662659749178,10,10,0
parallel,1.2,1.0,5,11,45,45,8.443521646584749,4.726155435777617,10.946424226167258,0.7366912824704638,8,8,0
parallel,1.2,1.0,5,12,46,46,8.450678239347187,4.818187064891682,12.25183623417467,0.8796511899685385,9,9,0
parallel,1.2,1.0,5,13,47,47,8.488325868737572,5.718738056078676,10.556562407291963,0.5699385751707472,9,9,0
parallel,1.2,1.0,5,14,48,48,8.210030349278558,4.117262676144939,12.136568470498625,0.9767693240084513,10,10,0
parallel,1.2,1.0,5,15,49,49,8.460347407446315,5.847413406191976,10.651536306996828,0.567839908864326,11,11,0
parallel,1.2,1.0,5,16,50,50,7.615379243461875,6.094074254469807,12.051267360899311,0.7822582324503414,12,12,0
parallel,1.2,1.0,5,17,51,51,8.569112208481604,4.77884254918296,11.141787425461809,0.7425442357938647,10,10,0
parallel,1.2,1.0,5,18,52,52,8.4424893170878,5.47091557385362,10.975638916958326,0.6520260951900779,13,13,0
parallel,1.2,1.0,5,19,53,53,8.513047168997039,7.047897257235572,10.25704076399574,0.37696766422806643,15,15,0
parallel,1.2,1.0,5,20,54,54,8.664292213178424,7.166501115893069,9.653923625804437,0.287088944914391,14,14,0
parallel,1.2,1.0,5,21,55,55,8.793122140328183,3.874433660670341,10.019331370291118,0.6988300186845161,9,9,0
parallel,1.2,1.0,5,22,56,56,8.61459618565061,6.362971406520473,9.58715460204288,0.37426980046876135,14,14,0
parallel,1.2,1.0,5,23,57,57,8.58669761965572,7.327176683350436,9.661795011854544,0.2718878003995339,15,15,0
parallel,1.2,1.0,5,24,58,58,8.616841286338143,6.104726659946138,9.6755700944057,0.41440283229088526,16,16,0
parallel,1.2,1.0,5,25,59,59,8.575303210245607,7.472216994319298,10.191274919064528,0.3170800912901308,16,16,0
parallel,1.2,1.0,5,26,60,60,8.423518551722289,7.103309356117271,9.058895295086394,0.23215784793033786,16,16,0
parallel,1.2,1.0,5,27,61,61,8.412760328338763,6.950550857251194,9.377859650320858,0.2885270349249299,18,18,0
parallel,1.2,1.0,5,28,62,62,8.446396807268538,6.277373700264878,9.655597880425084,0.3999603922530704,17,17,0
parallel,1.2,1.0,5,29,63,63,8.399477732461161,7.208495944001019,8.9527705092942,0.20766464545196023,19,19,0
parallel,1.2,1.0,5,30,64,64,8.398650616023431,7.341472760307135,9.119352719226692,0.21168638156320188,19,19,0
parallel,1.2,1.0,5,31,65,65,8.361842658985967,7.851387626719607,9.556883363988895,0.20396171117098155,18,18,0
parallel,1.2,1.0,5,32,66,66,8.352313724108289,7.651872685484336,9.15425308342562,0.1798759538455534,20,20,0
parallel,1.2,1.0,5,33,67,67,8.374788838168406,7.686689189554525,8.864559966540888,0.14064483293216584,19,19,0
parallel,1.2,1.0,5,34,68,68,8.391906737255376,7.752385937875,9.138748803613817,0.1652023680844951,24,24,0
parallel,1.2,1.0,5,35,69,69,8.407369282987567,7.7837326743710555,8.82805723484017,0.1242153788322728,21,21,0
parallel,1.2,1.0,5,36,70,70,8.381178437688725,7.556340797011173,8.798472510739265,0.1482049001775738,22,22,0
parallel,1.2,1.0,5,37,71,71,8.378789463192597,8.002142134644046,9.332775360609427,0.15880972207390506,21,21,0
parallel,1.2,1.0,5,38,72,72,8.371861635626336,7.902609001113998,8.838351388352732,0.1117723187464896,21,21,0
parallel,1.2,1.0,5,39,73,73,8.378468053987884,7.687780174501794,8.798146644212334,0.13252619244421904,20,20,0
parallel,1.2,1.0,5,40,74,74,8.369633584730579,7.863770906021196,8.79193251924045,0.11089632584544405,20,20,0
crossing,0.8,1.0,5,1,35,35,-9.86819194689464,-21.33217345629993,2.30266890169639,2.395052962608193,4,4,0
crossing,0.8,1.0,5,2,36,36,-10.351176199829446,-17.92217782568581,-1.4465905997225668,1.5916632958324783,4,4,0
crossing,0.8,1.0,5,3,37,37,-5.916779397562503,-17.73704373364102,1.0364766263210878,3.172928902452593,2,2,0
crossing,0.8,1.0,5,4,38,38,-9.09875893712696,-14.482073814948645,-3.0632649652218404,1.2549853148799246,4,4,0
crossing,0.8,1.0,5,5,39,39,-8.289938265191218,-17.652605484618068,-5.218979872624319,1.4998453805381808,3,3,0
crossing,0.8,1.0,5,6,40,40,-10.146295180040733,-12.520704673244351,-4.088314875826832,0.8310806701154605,5,5,0
crossing,0.8,1.0,5,7,41,41,-8.555846208652408,-15.292536214363205,-0.8236218750032502,1.691114354618453,4,4,0
crossing,0.8,1.0,5,8,42,42,-8.863817899669481,-18.2842184126833,-6.317454381737818,1.350068804029887,5,5,0
crossing,0.8,1.0,5,9,43,43,-9.484625104006248,-14.452594182389955,-4.88344299432417,1.0089119056507392,5,5,0
crossing,0.8,1.0,5,10,44,44,-8.859943783804372,-13.854343565047825,-6.912311003656824,0.7835300912496491,8,8,0
crossing,0.8,1.0,5,11,45,45,-8.856679491875566,-13.151411074433451,-7.79067814426843,0.6052757057633782,7,7,0
crossing,0.8,1.0,5,12,46,46,-8.851201858741344,-10.630701829069453,-6.936753621634783,0.41733860173876497,7,7,0
crossing,0.8,1.0,5,13,47,47,-9.709258573322298,-13.99796535127689,-4.957784972495294,0.9310886418887742,6,6,0
crossing,0.8,1.0,5,14,48,48,-9.203312907420678,-11.43340621180879,-7.355088393360017,0.44313584243782533,6,6,0
crossing,0.8,1.0,5,15,49,49,-9.787747699120828,-11.555923047506177,-6.145546008963377,0.552770382406647,7,7,0
crossing,0.8,1.0,5,16,50,50,-9.418342352068866,-11.165187477684707,-7.914654298595595,0.34512794901483795,10,10,0
crossing,0.8,1.0,5,17,51,51,-9.750942096414189,-11.326287604596825,-6.922373986131186,0.4516398082278772,10,10,0
crossing,0.8,1.0,5,18,52,52,-9.340777094779522,-10.952503805694647,-7.782118382292482,0.3394134547086094,10,10,0
crossing,0.8,1.0,5,19,53,53,-8.916765260861812,-11.215475755730276,-7.4748753641974375,0.4195019474103894,9,9,0
crossing,0.8,1.0,5,20,54,54,-9.067604111862057,-10.588557882436548,-8.325207693877168,0.2496084037897631,12,12,0
crossing,0.8,1.0,5,21,55,55,-9.124160855530416,-9.844858666759821,-8.226001781353274,0.17742528995697304,12,12,0
crossing,0.8,1.0,5,22,56,56,-9.089686558606218,-9.954694863162839,-8.460443322299762,0.16438977639424796,13,13,0
crossing,0.8,1.0,5,23,57,57,-9.127039574283632,-10.038716684453107,-8.286043276826199,0.19203087631670235,12,12,0
crossing,0.8,1.0,5,24,58,58,-9.132033474673914,-10.241148680815888,-8.348532973922167,0.20725019374299905,14,14,0
crossing,0.8,1.0,5,25,59,59,-9.130324022552578,-10.028759364252029,-7.7215142754233765,0.2527013371189878,13,13,0
crossing,0.8,1.0,5,26,60,60,-9.187372688122004,-10.233354469306038,-8.400810314823795,0.19946335222162778,13,13,0
crossing,0.8,1.0,5,27,61,61,-9.1822621323256,-9.802164520208603,-8.543375767759839,0.13708917631715978,14,14,0
crossing,0.8,1.0,5,28,62,62,-9.105307730612513,-9.618755553168436,-8.976452559045079,0.07054160201130832,14,14,0
crossing,0.8,1.0,5,29,63,63,-9.12143458627158,-9.530395376028075,-8.841579758135733,0.07551614950230079,15,15,0
crossing,0.8,1.0,5,30,64,64,-9.116840089759219,-9.747813404804504,-8.86659040972117,0.09665881888980328,16,16,0
crossing,0.8,1.0,5,31,65,65,-9.119720455118841,-9.868169101124977,-8.967915628547077,0.09871502937051027,16,16,0
crossing,0.8,1.0,5,32,66,66,-9.122510031058482,-9.733655721706283,-8.964346041601324,0.08433092180614418,17,17,0
crossing,0.8,1.0,5,33,67,67,-9.129551524141505,-9.376107053152818,-9.03031942326015,0.03787564251960178,19,19,0
parallel,1.2,1.2,5,1,35,35,7.77154753968397,3.0255654090215547,19.826483226950597,2.1618497129610623,6,6,0
parallel,1.2,1.2,5,2,36,36,8.366999871922207,-1.671364130586235,30.162180198139424,3.804654573445371,5,5,0
parallel,1.2,1.2,5,3,37,37,7.032218224802214,-2.5228500898955692,16.697118912523216,2.733130342091931,4,4,0
parallel,1.2,1.2,5,4,38,38,7.526376710942664,2.372415537624256,17.540277287202596,2.0152939896730993,6,6,0
parallel,1.2,1.2,5,5,39,39,7.884607646559445,3.1311837494019197,15.830577478919297,1.610656395192845,6,6,0
parallel,1.2,1.2,5,6,40,40,8.737253114504291,4.871584825326664,17.273638885817533,1.4194454364499087,8,8,0
parallel,1.2,1.2,5,7,41,41,8.918624442735759,5.6197821238185295,14.246837107210531,0.9673077994015948,9,9,0
parallel,1.2,1.2,5,8,42,42,9.034717707591874,4.235468943011942,13.992611766048013,1.0799610058471603,9,9,0
parallel,1.2,1.2,5,9,43,43,9.867912815033447,4.941499037943341,14.241273652003468,0.9424256971435965,8,8,0
parallel,1.2,1.2,5,10,44,44,9.477667619133978,4.971691446273923,15.967591673673441,1.1601905309699254,7,7,0
parallel,1.2,1.2,5,11,45,45,9.797041073880967,6.881363577517932,12.618008328629065,0.5855487088244531,10,10,0
parallel,1.2,1.2,5,12,46,46,9.363948475398772,5.469034161112464,16.051583579641722,1.1301375105098057,9,9,0
parallel,1.2,1.2,5,13,47,47,9.365017899624393,7.530950794036948,12.649896307857588,0.5466028542268935,9,9,0
parallel,1.2,1.2,5,14,48,48,9.577641470276536,7.233337413926824,12.32855654835873,0.5319910074149802,11,11,0
parallel,1.2,1.2,5,15,49,49,8.882893608090914,7.084580371171478,19.256828706175,1.3703021641412574,9,9,0
parallel,1.2,1.2,5,16,50,50,9.08259743258818,7.197056287989215,12.144633606518717,0.5447315435095353,12,12,0
parallel,1.2,1.2,5,17,51,51,9.708795477560697,5.78838314751406,11.28622581651607,0.5662744345278273,12,12,0
parallel,1.2,1.2,5,18,52,52,9.267275320972008,7.702941122854937,12.837510827225541,0.5540538644353192,12,12,0
parallel,1.2,1.2,5,19,53,53,9.502502087736847,7.559501382849719,11.462074062566225,0.4106889578854024,14,14,0
parallel,1.2,1.2,5,20,54,54,9.39551443331803,7.598666594113153,12.063020296308265,0.4751579845765319,15,15,0
parallel,1.2,1.2,5,21,55,55,9.339808750226897,6.638623581239088,11.148248452411643,0.48283910214574793,15,15,0
parallel,1.2,1.2,5,22,56,56,9.444647907200483,7.940990467359925,11.56611059514824,0.38382797997419976,16,16,0
parallel,1.2,1.2,5,23,57,57,9.349379798896098,7.5450298608678965,12.220252564777564,0.500056988214521,15,15,0
parallel,1.2,1.2,5,24,58,58,9.512794006419739,5.747671239246998,12.348947866722252,0.6939366733916831,14,14,0
parallel,1.2,1.2,5,25,59,59,9.392918995140539,8.227119130285248,11.798430737354716,0.38021318068612103,17,17,0
parallel,1.2,1.2,5,26,60,60,9.325041885172482,7.778905539684261,11.595416216909966,0.40927544607539446,16,16,0
parallel,1.2,1.2,5,27,61,61,9.496075918050252,8.20488847079445,11.090807646569955,0.30390649787139096,18,18,0
parallel,1.2,1.2,5,28,62,62,9.597078146396452,8.416787877072048,11.067003959662394,0.2761482236742502,18,18,0
parallel,1.2,1.2,5,29,63,63,9.55842407774761,8.053508867700224,10.837326751943953,0.2912423493245679,19,19,0
parallel,1.2,1.2,5,30,64,64,9.579045135045599,8.699756342540475,10.875017248806298,0.22708535930240903,21,21,0
parallel,1.2,1.2,5,31,65,65,9.535097926874744,8.582568248215654,11.229581543493476,0.2776073529163444,20,20,0
parallel,1.2,1.2,5,32,66,66,9.468610916977532,8.094359972478216,11.939110975503453,0.4060522749045979,18,18,0
parallel,1.2,1.2,5,33,67,67,9.51582148580589,8.601134702310096,10.693858932732878,0.2199205011931295,22,22,0
parallel,1.2,1.2,5,34,68,68,9.593966321280806,7.928991262022921,10.76645159609639,0.295754669033971,22,22,0
parallel,1.2,1.2,5,35,69,69,9.52427266621843,8.988282553784993,10.62899177715488,0.17226609116193264,23,23,0
parallel,1.2,1.2,5,36,70,70,9.50504961281591,8.693904877898401,10.415398743873968,0.18111361182738403,22,22,0
parallel,1.2,1.2,5,37,71,71,9.524342573299165,8.904269530537603,10.415949868643462,0.15871755204855303,21,21,0
parallel,1.2,1.2,5,38,72,72,9.568185640162156,7.826613564733641,10.480499049422653,0.27736559307016484,21,21,0
parallel,1.2,1.2,5,39,73,73,9.479747853153214,8.665581623483154,10.522503559365363,0.19588305138986875,24,24,0
parallel,1.2,1.2,5,40,74,74,9.499028608215955,9.101307619595516,11.78746309601395,0.28278212301572686,26,26,0
crossing,0.8,0.8,5,1,35,35,-8.381893101006732,-22.193127027558987,6.281869757319251,3.3972035245186034,3,3,0
crossing,0.8,0.8,5,2,36,36,-10.13772238546229,-18.418115655552317,1.1162213927955298,1.926896033014329,4,4,0
crossing,0.8,0.8,5,3,37,37,-8.077767296542916,-17.16607972504207,-3.353162881106836,1.7099919243584574,4,4,0
crossing,0.8,0.8,5,4,38,38,-9.820626006229604,-15.3510381988788,-3.92737866496539,1.1632312977468993,5,5,0
crossing,0.8,0.8,5,5,39,39,-8.329891152869353,-13.91468605099299,-2.923937882612811,1.3194347881237627,5,5,0
crossing,0.8,0.8,5,6,40,40,-9.704731847424764,-19.40869215207493,-5.7587785504493265,1.406521459451528,4,4,0
crossing,0.8,0.8,5,7,41,41,-9.466959095821137,-14.431319238905127,-6.864047234994519,0.7993350269413247,5,5,0
crossing,0.8,0.8,5,8,42,42,-8.817669965514915,-15.488285627242767,-5.358114914026778,1.1488489309346055,5,5,0
crossing,0.8,0.8,5,9,43,43,-9.664531109609566,-14.354293130990976,-4.851160288131861,0.9832999382049721,8,8,0
crossing,0.8,0.8,5,10,44,44,-9.140198825675167,-14.84494705502825,-6.048624974423265,0.9623775421488403,8,8,0
crossing,0.8,0.8,5,11,45,45,-8.810217701570158,-17.62312325270472,-6.991672846307901,1.2067182408559642,6,6,0
crossing,0.8,0.8,5,12,46,46,-9.313784587540567,-11.711386898105186,-7.028870289758734,0.5027512247395594,10,10,0
crossing,0.8,0.8,5,13,47,47,-9.616115842699939,-11.663081557933884,-4.563553812596805,0.7382947399418733,8,8,0
crossing,0.8,0.8,5,14,48,48,-9.398370531009093,-12.029898842009695,-7.315271450263696,0.5016430642088969,9,9,0
crossing,0.8,0.8,5,15,49,49,-9.358566582401586,-10.906800269877237,-7.22238677761115,0.393694211589463,11,11,0
crossing,0.8,0.8,5,16,50,50,-9.372469418698504,-11.281961544060831,-6.717853306249822,0.486969659106639,10,10,0
crossing,0.8,0.8,5,17,51,51,-9.170254361786945,-11.204813450524279,-6.9351823410180655,0.46559571207730593,11,11,0
crossing,0.8,0.8,5,18,52,52,-9.311580297925174,-11.104925120552538,-7.603205477672783,0.3760607255526772,11,11,0
crossing,0.8,0.8,5,19,53,53,-9.33589360414912,-10.717978043584056,-7.3861620255196,0.3568823895533372,14,14,0
crossing,0.8,0.8,5,20,54,54,-9.42048187577793,-11.047659435881213,-7.5446430048437545,0.3718510875801865,13,13,0
crossing,0.8,0.8,5,21,55,55,-9.317163412844685,-10.687378316875872,-8.080504783173902,0.27979261693619345,14,14,0
crossing,0.8,0.8,5,22,56,56,-9.273122748463626,-12.036572238891504,-8.015310807769174,0.43364695369621564,15,15,0
crossing,0.8,0.8,5,23,57,57,-9.31898449523549,-10.59350850160009,-7.816472631004157,0.2979976919175846,14,14,0
crossing,0.8,0.8,5,24,58,58,-9.541017173999656,-10.353858660285645,-8.32803695335792,0.21232764494422227,14,14,0
crossing,0.8,0.8,5,25,59,59,-9.4063310824153,-12.506651059636038,-7.6261323241868535,0.5188546621087035,13,13,0
crossing,0.8,0.8,5,26,60,60,-9.461824182043918,-10.579545377089373,-8.576306763608324,0.21171801282068575,16,16,0
crossing,0.8,0.8,5,27,61,61,-9.317682931573147,-11.264621790092729,-8.324480503918958,0.31554425148027376,16,16,0
crossing,0.8,0.8,5,28,62,62,-9.271075290488245,-10.724298010003205,-8.43894923241064,0.2465030976436188,17,17,0
crossing,0.8,0.8,5,29,63,63,-9.290594387273593,-10.267998411234782,-8.486929462907188,0.1917066738773281,15,15,0
crossing,0.8,0.8,5,30,64,64,-9.2986856756673,-10.31862862883311,-8.701160813621275,0.17394585338489368,15,15,0
crossing,0.8,0.8,5,31,65,65,-9.322960964575394,-9.893266452057421,-8.580651536844787,0.14079378002334222,16,16,0
crossing,0.8,0.8,5,32,66,66,-9.297277913191534,-10.235247371664816,-9.172648506900128,0.11429139525419682,18,18,0
crossing,0.8,0.8,5,33,67,67,-9.332849675141432,-9.998476089694924,-8.551975857510563,0.15499019940685377,18,18,0
crossing,0.8,0.8,5,34,68,68,-9.319472714708251,-9.955255553431742,-8.957572439481595,0.10705360104500078,20,20,0
crossing,0.8,0.8,5,35,69,69,-9.330453099599744,-9.954629295954952,-8.972071883264888,0.1053065057185929,21,21,0
crossing,0.8,0.8,5,36,70,70,-9.353387095133414,-10.049895965086417,-8.635634915206696,0.15120309204518695,17,17,0
crossing,0.8,0.8,5,37,71,71,-9.370083624199307,-9.725615530799587,-9.054978344393891,0.07157216662119201,20,20,0
crossing,0.8,0.8,5,38,72,72,-9.372247615500108,-9.754047359477253,-9.149080831494095,0.06454871369196932,22,22,0
crossing,0.8,0.8,5,39,73,73,-9.378194388507444,-9.717300526891592,-8.926143907467422,0.08436129457859144,21,21,0
crossing,0.8,0.8,5,40,74,74,-9.404965614933895,-9.582599134591298,-9.108499960764942,0.05040945318008896,19,19,0
crossing,0.8,1.2,5,1,35,35,-8.927130238448793,-17.47325191888131,1.1131756091494545,2.0820159481912524,5,5,0
crossing,0.8,1.2,5,2,36,36,-6.503430464931798,-26.982867258465436,3.694305617060351,4.717075555884721,4,4,0
crossing,0.8,1.2,5,3,37,37,-7.771990947336937,-16.238187893100555,0.17566992194497333,2.111924463919984,2,2,0
crossing,0.8,1.2,5,4,38,38,-6.263897097264752,-17.791549975892906,0.7817580559753798,2.9651361993125125,4,4,0
crossing,0.8,1.2,5,5,39,39,-7.785482480273422,-14.286685836139764,2.4403863877919294,2.148495262344261,6,6,0
crossing,0.8,1.2,5,6,40,40,-9.245165225881786,-12.43328353464797,-3.7514281252275627,0.9390697945684738,6,6,0
crossing,0.8,1.2,5,7,41,41,-7.5118819157636905,-11.848930791185886,-4.25272943097195,1.0112248096277048,8,8,0
crossing,0.8,1.2,5,8,42,42,-6.884088224882225,-15.343747190710081,-4.33649866770406,1.5989406532038362,5,5,0
crossing,0.8,1.2,5,9,43,43,-7.332859971194566,-10.160511018718518,-5.647594417761243,0.6154374444193967,8,8,0
crossing,0.8,1.2,5,10,44,44,-7.328533722174722,-11.604938643492254,-5.097830848041323,0.8879140141992776,7,7,0
crossing,0.8,1.2,5,11,45,45,-7.780219678519284,-10.76902202984412,-3.36415590647555,0.9517554040039456,6,6,0
crossing,0.8,1.2,5,12,46,46,-7.305380256869823,-9.82927364512554,-4.971070445192585,0.6650171557277124,8,8,0
crossing,0.8,1.2,5,13,47,47,-7.822868472983932,-9.151400146383171,-4.071012690449322,0.649427696947588,8,8,0
crossing,0.8,1.2,5,14,48,48,-7.518505661674283,-9.592616821723762,-4.546529519532758,0.671155616456276,10,10,0
crossing,0.8,1.2,5,15,49,49,-6.983652343711407,-11.015895408875682,-5.454812360910971,0.7963000983249572,9,9,0
crossing,0.8,1.2,5,16,50,50,-7.244511898351539,-9.27961660906635,-6.0003913902529655,0.4526495731975483,13,13,0
crossing,0.8,1.2,5,17,51,51,-7.425206625312869,-10.138784718721258,-4.550423643681875,0.7526202780658526,10,10,0
crossing,0.8,1.2,5,18,52,52,-7.3956198581314645,-8.847035044895915,-6.41813945359485,0.32842353148134035,13,13,0
crossing,0.8,1.2,5,19,53,53,-7.448587993348857,-9.02045813812742,-6.499550928331047,0.33844095176795824,14,14,0
crossing,0.8,1.2,5,20,54,54,-7.281902779647037,-10.049066436870993,-6.633796637599651,0.46900788195319526,13,13,0
crossing,0.8,1.2,5,21,55,55,-7.416364271552647,-9.189076772009518,-6.18940704172532,0.40446634232762735,14,14,0
crossing,0.8,1.2,5,22,56,56,-7.476536154910771,-9.143825077549154,-7.02433156880945,0.28348602411928003,14,14,0
crossing,0.8,1.2,5,23,57,57,-7.66284413049455,-9.802015664530623,-7.258021175493389,0.33199089603210397,11,11,0
crossing,0.8,1.2,5,24,58,58,-7.576469639573135,-9.373045979947097,-7.237136387333859,0.2819135684853846,15,15,0
crossing,0.8,1.2,5,25,59,59,-7.62287322281464,-9.11323749171807,-7.385697149578026,0.2266258786738912,13,13,0
crossing,0.8,1.2,5,26,60,60,-7.593361656348859,-8.710768075026854,-7.214320027011468,0.19707319573856943,14,14,0
crossing,0.8,1.2,5,27,61,61,-7.615838185155006,-8.472061958366956,-7.341032377595082,0.14851019064145912,16,16,0
crossing,0.8,1.2,5,28,62,62,-7.658480092539153,-8.384585611577997,-7.221394519903335,0.151882759714664,15,15,0
crossing,0.8,1.2,5,29,63,63,-7.612723405325105,-8.410373479157702,-7.402570920152247,0.1323839715889975,19,19,0
crossing,0.8,1.2,5,30,64,64,-7.614889924384531,-8.190469386286058,-7.294426979462437,0.1176697779903946,16,16,0
crossing,0.8,1.2,5,31,65,65,-7.625020799546904,-8.202680399408806,-7.1894467568795895,0.13288273818078303,17,17,0
crossing,0.8,1.2,5,32,66,66,-7.71593602534498,-8.375207714021771,-6.446966294379517,0.24990375935057632,17,17,0
crossing,0.8,1.2,5,33,67,67,-7.6784497329720764,-8.128398748130973,-7.440331684943145,0.08961015401757398,19,19,0
crossing,0.8,1.2,5,34,68,68,-7.6712890555027355,-8.508297657198275,-7.417762291748464,0.14215803335784263,19,19,0
crossing,0.8,1.2,5,35,69,69,-7.693154195845317,-7.952814880792999,-7.5456949626229575,0.05291976578214252,22,22,0
crossing,0.8,1.2,5,36,70,70,-7.685006751729439,-8.151068505603877,-7.6670934794775,0.06297652581989775,21,21,0
crossing,0.8,1.2,5,37,71,71,-7.692969478862742,-8.164104290624051,-7.625530494305374,0.07000857052643539,21,21,0
crossing,0.8,1.2,5,38,72,72,-7.694393807901318,-7.896346840937358,-7.633603164575054,0.03414741731733236,24,24,0
crossing,1.2,0.8,5,1,35,35,11.154166685391491,-4.740205511475294,27.139667972937286,2.858113419280828,5,5,0
crossing,1.2,0.8,5,2,36,36,7.6925532350546995,-2.949005271045537,22.568485773280933,3.317167949913449,3,3,0
crossing,1.2,0.8,5,3,37,37,9.44214386249475,0.6949329348486333,17.66975762577686,1.7977723002457235,5,5,0
crossing,1.2,0.8,5,4,38,38,6.805500770855621,3.032748707533524,19.837156347428436,2.4692389591460113,3,3,0
crossing,1.2,0.8,5,5,39,39,9.423335069510465,1.5034249630652372,13.852495145930655,1.3104776697181524,6,6,0
crossing,1.2,0.8,5,6,40,40,7.232580857825742,2.0837127209761186,11.700101658619117,1.3295930079009,4,4,0
crossing,1.2,0.8,5,7,41,41,7.663115577210837,1.5452467631183946,13.644665897971253,1.5789164358730337,6,6,0
crossing,1.2,0.8,5,8,42,42,7.620977655177169,0.8015511881933217,11.352391659637057,1.384447107554005,6,6,0
crossing,1.2,0.8,5,9,43,43,7.076503540893524,1.6130446137010959,8.580416710081904,0.9845783381747681,8,8,0
crossing,1.2,0.8,5,10,44,44,6.781467367008339,1.1875139105195494,10.060504681624241,1.3084175283761683,5,5,0
crossing,1.2,0.8,5,11,45,45,6.821076496062108,5.077901474473006,9.446197678100773,0.640411554708357,8,8,0
crossing,1.2,0.8,5,12,46,46,6.738289593631201,4.242494884313461,8.203194928270184,0.5877901192760014,6,6,0
crossing,1.2,0.8,5,13,47,47,6.409581979397791,4.939106047973656,8.057417144756045,0.48650771716556906,7,7,0
crossing,1.2,0.8,5,14,48,48,6.70487170063565,3.7962118504343296,8.248424891853352,0.6640265824917924,7,7,0
crossing,1.2,0.8,5,15,49,49,6.568847792476349,5.030672485067976,8.965992507208437,0.599088325147036,8,8,0
crossing,1.2,0.8,5,16,50,50,6.619186768993442,4.3373240808914515,8.60283361658193,0.6444159508644778,8,8,0
crossing,1.2,0.8,5,17,51,51,6.586273029012217,5.009121230060977,8.237343155143922,0.49014395711547065,9,9,0
crossing,1.2,0.8,5,18,52,52,6.5618421254415065,5.111642255928497,7.602603022358727,0.37961302920902384,11,11,0
crossing,1.2,0.8,5,19,53,53,6.563130231874952,5.193236376936101,9.395695746943087,0.6403132684457534,12,12,0
crossing,1.2,0.8,5,20,54,54,6.522233311069009,5.342568860923504,7.9667415624690605,0.40234266031115784,11,11,0
crossing,1.2,0.8,5,21,55,55,6.470697211271695,4.202198530239634,7.694696221171699,0.5397405529729122,10,10,0
crossing,1.2,0.8,5,22,56,56,6.4797673443138475,5.179845142729848,7.1149771716924315,0.29864220829791194,13,13,0
crossing,1.2,0.8,5,23,57,57,6.50199273894536,4.9884646676885005,7.376981388896123,0.3673514900902591,10,10,0
crossing,1.2,0.8,5,24,58,58,6.427552156170206,5.169943653517813,6.962907979000176,0.2789497902029757,12,12,0
crossing,1.2,0.8,5,25,59,59,6.411409759270054,5.509480878490981,7.604995349984651,0.32684145143957327,13,13,0
crossing,1.2,0.8,5,26,60,60,6.423027281275846,5.804103749174697,7.623456307249916,0.2832546832517625,14,14,0
crossing,1.2,0.8,5,27,61,61,6.4389667560161685,5.068173029158194,6.869917617076876,0.2798188989305224,14,14,0
crossing,1.2,0.8,5,28,62,62,6.462542887894127,5.642191684552327,6.974691422352863,0.20618814620118392,15,15,0
crossing,1.2,0.8,5,29,63,63,6.454973639282083,6.020495029011286,6.889849384590794,0.13467976852593258,17,17,0
crossing,1.2,0.8,5,30,64,64,6.512803044788281,5.928789256315259,7.2902278221180286,0.20904034045559372,14,14,0
crossing,1.2,0.8,5,31,65,65,6.540324317972106,6.101155976284203,7.27315404003153,0.17919571060517636,16,16,0
crossing,1.2,0.8,5,32,66,66,6.538523178903401,5.963315582579787,6.978681427760491,0.15528978293703852,13,13,0
crossing,1.2,0.8,5,33,67,67,6.534583973791516,6.293587668759553,6.86545249590549,0.08751357843736272,14,14,0
crossing,1.2,0.8,5,34,68,68,6.547060566313659,6.228124194287417,6.711388195234244,0.07381388885163938,15,15,0
crossing,1.2,0.8,5,35,69,69,6.521534692572176,6.312531479139154,7.198944756542258,0.13592096326846212,16,16,0
crossing,1.2,0.8,5,36,70,70,6.543034223803833,6.309113218446752,6.850911324696664,0.08280532971672802,15,15,0
crossing,1.2,0.8,5,37,71,71,6.541465966451014,6.3249927815588345,6.541465966451015,0.033092457562631794,16,16,0
crossing,1.2,1.0,5,1,35,35,7.628699576120887,-4.925325367378612,22.817725402200992,3.636668411536354,5,5,0
crossing,1.2,1.0,5,2,36,36,9.742327990532658,-3.9580242155887557,26.633733825736375,3.140087058355396,4,4,0
crossing,1.2,1.0,5,3,37,37,7.552746941660271,-3.2665028007452124,16.438019819071087,2.608921333128207,3,3,0
crossing,1.2,1.0,5,4,38,38,6.435037735011384,-1.999767484879145,18.86835379540857,3.242890273471069,5,5,0
crossing,1.2,1.0,5,5,39,39,7.839753964442691,0.2147040797236519,18.589238175419272,2.3437641256388355,4,4,0
crossing,1.2,1.0,5,6,40,40,6.909178640378454,0.8726495837446587,14.448381052876943,1.9648835521191077,6,6,0
crossing,1.2,1.0,5,7,41,41,7.847739115348699,2.0606693363631567,14.106752759637125,1.5349750095175945,5,5,0
crossing,1.2,1.0,5,8,42,42,7.171013784166577,3.105795354674722,11.180914030963262,1.1260776954742722,6,6,0
crossing,1.2,1.0,5,9,43,43,7.345561593472489,2.0347505315238514,13.999564132991106,1.6288494009906045,6,6,0
crossing,1.2,1.0,5,10,44,44,6.967460600884503,4.531774563849557,10.238218102689316,0.8190133917822714,9,9,0
crossing,1.2,1.0,5,11,45,45,8.077636502287225,2.1322091483505474,11.3683651483813,1.1434230789433875,9,9,0
crossing,1.2,1.0,5,12,46,46,6.943165936721421,4.666979453288587,12.52906997455124,1.1323495063946507,9,9,0
crossing,1.2,1.0,5,13,47,47,7.8975945631815,2.3374656702311922,14.52863067493352,1.5436554646065785,7,7,0
crossing,1.2,1.0,5,14,48,48,7.450153023391353,4.5363339914854715,10.328354394446599,0.7774364344968268,9,9,0
crossing,1.2,1.0,5,15,49,49,7.823797808614561,6.104542667671465,9.836954676895036,0.4770588530692752,8,8,0
crossing,1.2,1.0,5,16,50,50,7.934557536897279,5.526449901736359,9.293341629710596,0.47474502648162015,9,9,0
crossing,1.2,1.0,5,17,51,51,7.6153622918071395,5.9628670352569655,9.701850319337167,0.49097904220561167,10,10,0
crossing,1.2,1.0,5,18,52,52,7.701890122621073,6.689223151683204,8.568453371656512,0.24399597891611785,10,10,0
crossing,1.2,1.0,5,19,53,53,7.821249900414292,6.478344574953824,9.040355940253516,0.32757057988442256,12,12,0
crossing,1.2,1.0,5,20,54,54,7.802900531634327,6.748878486455964,8.675394441744645,0.24689741301689644,11,11,0
crossing,1.2,1.0,5,21,55,55,7.772775933139174,7.076369532846585,8.59855236982311,0.19583516237573628,14,14,0
crossing,1.2,1.0,5,22,56,56,7.7776927674797625,6.674892983547704,9.969844390222356,0.42364123978406104,12,12,0
crossing,1.2,1.0,5,23,57,57,7.82348009505266,6.852786618716893,8.51935488231051,0.21302134642708517,14,14,0
crossing,1.2,1.0,5,24,58,58,7.785481300214685,6.937197518574378,8.896015727436408,0.25159885860980946,15,15,0
crossing,1.2,1.0,5,25,59,59,7.79723661928262,7.0244317793466635,8.402676551976434,0.17676067046899174,15,15,0
crossing,1.2,1.0,5,26,60,60,7.811120204308386,6.81701049206285,8.19664584913766,0.17662452004180443,15,15,0
crossing,1.2,1.0,5,27,61,61,7.816679181722781,7.1426761240723735,8.339273486318666,0.15308257310140294,14,14,0
crossing,1.2,1.0,5,28,62,62,7.767316700159921,7.204070695014267,8.205617407772483,0.12894372038899798,16,16,0
crossing,1.2,1.0,5,29,63,63,7.781552866940339,7.0442845266842,8.238510261219488,0.15346881977875085,16,16,0
crossing,1.2,1.0,5,30,64,64,7.785100142449055,7.158618491155902,8.049680731745458,0.11445738966554163,17,17,0
crossing,1.2,1.0,5,31,65,65,7.759691792104854,7.569472700974072,8.319577676931079,0.09666685173246263,18,18,0
crossing,1.2,1.0,5,32,66,66,7.765918945197614,7.2596517588085305,8.238583343901123,0.12605482905509288,18,18,0
crossing,1.2,1.0,5,33,67,67,7.768081100470997,7.768081100470994,8.115341845971558,0.04470354274230086,18,18,0
crossing,1.2,1.2,5,1,35,35,6.457780448924065,-4.691630206836295,19.17381037127392,3.6956103984746727,5,5,0
crossing,1.2,1.2,5,2,36,36,6.223904392998662,-5.049994970116437,23.331431808799117,4.560067923093762,2,2,0
crossing,1.2,1.2,5,3,37,37,8.840935664574051,-5.679671008431631,19.68219806412691,2.8686860797081093,4,4,0
crossing,1.2,1.2,5,4,38,38,8.201949971395196,1.981383127527753,25.386961694235637,2.8536602452265956,3,3,0
crossing,1.2,1.2,5,5,39,39,10.64526324546905,2.9235469761418384,18.419209963377533,1.4556392481727611,5,5,0
crossing,1.2,1.2,5,6,40,40,8.837660189132883,4.199705466325056,19.69730697023526,1.7535864892120012,5,5,0
crossing,1.2,1.2,5,7,41,41,11.087142879392582,5.365007141252249,16.87704640806957,1.0383233437186496,6,6,0
crossing,1.2,1.2,5,8,42,42,10.320822482418055,5.8883615379816066,14.862256436626406,0.8694941623046224,8,8,0
crossing,1.2,1.2,5,9,43,43,10.541659188599326,6.3690977405217915,15.194464324222295,0.8371895188230928,7,7,0
crossing,1.2,1.2,5,10,44,44,10.331084373781163,6.846400260343352,12.627001999789858,0.5595348494216985,8,8,0
crossing,1.2,1.2,5,11,45,45,10.308581363345635,7.788847681637784,12.7662561562076,0.48284126584750603,8,8,0
crossing,1.2,1.2,5,12,46,46,9.555731343647132,8.394465957737653,15.758428475732567,0.7706330633594721,8,8,0
crossing,1.2,1.2,5,13,47,47,9.894698467875829,8.044099586898572,11.888157373179386,0.38849670849101153,8,8,0
crossing,1.2,1.2,5,14,48,48,10.118769181249807,8.790414806677557,15.232617682624584,0.6366587438207901,8,8,0
crossing,1.2,1.2,5,15,49,49,10.036336974167654,8.835373139833482,12.677467142739404,0.3828183542257517,11,11,0
crossing,1.2,1.2,5,16,50,50,10.17264495270694,7.587283587751571,11.774590046982441,0.4116241625160257,9,9,0
crossing,1.2,1.2,5,17,51,51,10.112474332357376,8.740437758225424,13.177387702245637,0.4387600698103222,12,12,0
crossing,1.2,1.2,5,18,52,52,10.219488720893969,8.607714112259913,11.676372305699518,0.3002751191618487,13,13,0
crossing,1.2,1.2,5,19,53,53,10.230206950333613,7.058368588809893,11.845191788378415,0.4679106906446717,13,13,0
crossing,1.2,1.2,5,20,54,54,10.15791280635666,8.522846183842912,11.643201493794937,0.30718469132747,12,12,0
crossing,1.2,1.2,5,21,55,55,10.257295871307726,9.348457089932776,11.475962799492603,0.20741389702046165,14,14,0
crossing,1.2,1.2,5,22,56,56,10.24680715549731,9.013028407151447,11.521222669842354,0.2447781269451612,14,14,0
crossing,1.2,1.2,5,23,57,57,10.253687173996848,9.22545407235721,11.83711275173572,0.25470434537944814,16,16,0
crossing,1.2,1.2,5,24,58,58,10.0877014420534,9.09638469150126,11.297392594570342,0.21818725660273466,15,15,0
crossing,1.2,1.2,5,25,59,59,10.08889304668175,9.089572091158653,11.853495087540232,0.27395701228992975,16,16,0
crossing,1.2,1.2,5,26,60,60,10.266029949201533,8.947874696058982,11.144857101246824,0.21400506486528598,14,14,0
crossing,1.2,1.2,5,27,61,61,10.184153071670824,9.155983436541787,10.932147972980205,0.1744047368434751,15,15,0
crossing,1.2,1.2,5,28,62,62,10.14677129825082,9.618155680247662,11.59973643965806,0.1952917535208463,15,15,0
crossing,1.2,1.2,5,29,63,63,10.138741606101124,9.690414201494356,10.983914921030202,0.12758000645341078,15,15,0
crossing,1.2,1.2,5,30,64,64,10.101656912744893,9.809657935995196,11.242176528825198,0.1418102599606848,17,17,0
crossing,1.2,1.2,5,31,65,65,10.109075325110965,9.572777786542066,10.528734189237705,0.09456417841907275,18,18,0
crossing,1.2,1.2,5,32,66,66,10.138207336838473,9.119511492654217,10.263940669634284,0.11288279465558343,16,16,0
crossing,1.2,1.2,5,33,67,67,10.125926574279681,9.748933200278788,10.39362738062613,0.0636676728414064,19,19,0
crossing,1.2,1.2,5,34,68,68,10.121967248361472,9.861547217759794,10.327466084261166,0.04603046572560235,18,18,0
head_on,0.8,0.8,7,1,35,35,-8.640026833396163,-41.60960125253208,2.7834754170708944,5.1380716201032035,5,5,0
head_on,0.8,0.8,7,2,36,36,-11.251634271387664,-26.705731767090786,1.7668581723814232,2.5305292771447934,2,2,0
head_on,0.8,0.8,7,3,37,37,-9.415307120722524,-25.287523058442662,-0.23502213127632032,2.660826737348514,3,3,0
head_on,0.8,0.8,7,4,38,38,-11.136364274556897,-22.837984305036024,-2.8507870112103246,1.7947686337353548,5,5,0
head_on,0.8,0.8,7,5,39,39,-11.411446665349896,-20.316322083413297,0.16108436396485004,1.7944619159949666,3,3,0
head_on,0.8,0.8,7,6,40,40,-11.825165435516292,-24.269269319322582,-3.814751703059541,1.7297447319281405,4,4,0
head_on,0.8,0.8,7,7,41,41,-12.730216916031738,-17.651721062744024,-5.825475856363298,0.9289900780470913,5,5,0
head_on,0.8,0.8,7,8,42,42,-11.786870172644813,-23.455053876367494,-7.282039513057348,1.372121193024148,4,4,0
head_on,0.8,0.8,7,9,43,43,-12.43442522478727,-18.06495117624952,-6.42308824540325,0.936260640953385,6,6,0
head_on,0.8,0.8,7,10,44,44,-12.229735039414049,-15.956726917030798,-9.675746789194173,0.5135826825024624,7,7,0
head_on,0.8,0.8,7,11,45,45,-12.30804020584388,-18.5236977259268,-9.034065293422671,0.7710108411896831,8,8,0
head_on,0.8,0.8,7,12,46,46,-12.916759959039988,-15.122398893336833,-9.30957875121902,0.45002153485477014,8,8,0
head_on,0.8,0.8,7,13,47,47,-12.640762107960953,-15.835495286794831,-10.571175218213307,0.41645590856156833,9,9,0
head_on,0.8,0.8,7,14,48,48,-12.391237375826329,-16.144617435787353,-10.564800471618994,0.4503034519420834,8,8,0
head_on,0.8,0.8,7,15,49,49,-12.266472229013816,-14.528007524964512,-9.874362524431998,0.3793792472399093,9,9,0
head_on,0.8,0.8,7,16,50,50,-12.339749559837854,-14.639921495008066,-10.19143095462967,0.3605008771698969,8,8,0
head_on,0.8,0.8,7,17,51,51,-12.417339206219118,-14.579723772995226,-10.590743565529708,0.32124275106116706,11,11,0
head_on,0.8,0.8,7,18,52,52,-12.080939654551479,-14.579355269102514,-10.208171270784627,0.3618248350964198,11,11,0
head_on,0.8,0.8,7,19,53,53,-12.183463085590056,-14.572355544729149,-10.922243389664558,0.29959561820987884,11,11,0
head_on,0.8,0.8,7,20,54,54,-12.13470850906265,-13.856129012747818,-11.137279518113411,0.22405560814286304,13,13,0
head_on,0.8,0.8,7,21,55,55,-12.326889442439882,-13.75124718216835,-11.01843201617545,0.2216954389632289,13,13,0
head_on,0.8,0.8,7,22,56,56,-12.37854666101535,-13.076233232883038,-10.6356974445699,0.1971585077914917,12,12,0
head_on,0.8,0.8,7,23,57,57,-12.158934731948662,-13.052184417246258,-11.347508093609395,0.14019947974205968,14,14,0
head_on,0.8,0.8,7,24,58,58,-12.104176695479126,-13.364593720901823,-11.078228930251415,0.18889056630380804,15,15,0
head_on,0.8,0.8,7,25,59,59,-12.097325569912911,-12.85545090600165,-11.404778374536694,0.1199167967400087,13,13,0
head_on,0.8,0.8,7,26,60,60,-12.115295554341877,-12.67782403854991,-11.606732548059277,0.08840820149094708,15,15,0
head_on,0.8,0.8,7,27,61,61,-12.110159528965823,-12.983719129134725,-11.135397803472818,0.1526256793926602,16,16,0
head_on,0.8,0.8,7,28,62,62,-12.1171252047752,-12.827374438524625,-11.638316070733326,0.09813040202990612,17,17,0
head_on,0.8,0.8,7,29,63,63,-12.097421400644265,-12.797555921326207,-11.34363975241264,0.12018397315944841,19,19,0
head_on,0.8,0.8,7,30,64,64,-12.172396058033403,-12.84395069767992,-10.937452779577955,0.15662470305866663,16,16,0
head_on,0.8,0.8,7,31,65,65,-12.17041442630452,-12.410503324260478,-11.534368667717235,0.07198889255978087,18,18,0
head_on,0.8,0.8,7,32,66,66,-12.152723083266844,-13.457777102583972,-11.748117753643589,0.14068117385924991,20,20,0
head_on,0.8,0.8,7,33,67,67,-12.149403791451052,-12.857384143155109,-11.77057500325818,0.08945370147806458,16,16,0
head_on,0.8,0.8,7,34,68,68,-12.146716934889383,-12.465876444227574,-11.767007230387348,0.05753564667608599,19,19,0
head_on,0.8,0.8,7,35,69,69,-12.133744072315125,-12.515882241688125,-11.770324652019271,0.06144497405132769,19,19,0
head_on,0.8,0.8,7,36,70,70,-12.126287242473195,-12.63215891867198,-12.043050402495284,0.048581111794325685,22,22,0
head_on,0.8,1.0,7,1,35,35,-10.069137824422745,-37.63682091774979,1.4797184336446758,3.884795305564008,5,5,0
head_on,0.8,1.0,7,2,36,36,-9.64532306392897,-31.765817192586667,2.7772460519143065,3.581327760153846,4,4,0
head_on,0.8,1.0,7,3,37,37,-9.98313837737298,-39.33234836906013,-0.5767565083504924,3.8821050450978527,3,3,0
head_on,0.8,1.0,7,4,38,38,-12.535282526269622,-33.367688947556154,-4.478656318009007,2.3046175919055445,3,3,0
head_on,0.8,1.0,7,5,39,39,-14.373748521381936,-24.317746689815266,-6.073214300683386,1.2692953659229453,6,6,0
head_on,0.8,1.0,7,6,40,40,-13.739966352432631,-20.071130382809052,-8.528166498693535,0.840101321068509,7,7,0
head_on,0.8,1.0,7,7,41,41,-13.348928582560319,-21.258154253711425,-5.789957706425732,1.1587594054173072,6,6,0
head_on,0.8,1.0,7,8,42,42,-13.20415200707773,-19.33984719718111,-2.3560053563446006,1.2862501000997855,6,6,0
head_on,0.8,1.0,7,9,43,43,-12.640144175016438,-21.20345453519322,-8.413778740972568,1.0118298982300984,6,6,0
head_on,0.8,1.0,7,10,44,44,-12.514705260438635,-16.401096562086277,-7.517150035955217,0.7098806037577973,7,7,0
head_on,0.8,1.0,7,11,45,45,-13.380660389443925,-17.88252633954847,-7.891130126391472,0.7467042673797524,10,10,0
head_on,0.8,1.0,7,12,46,46,-12.10969234887402,-23.033894817893284,-8.111967794457604,1.2322300677459528,7,7,0
head_on,0.8,1.0,7,13,47,47,-12.340746998257124,-21.8246517519015,-8.852238863384521,1.0511853853214124,9,9,0
head_on,0.8,1.0,7,14,48,48,-12.438258273738425,-15.59970264454494,-9.843147463048252,0.46281039152007464,10,10,0
head_on,0.8,1.0,7,15,49,49,-12.10264754788109,-18.27511043100247,-9.659834714608781,0.7118505006701642,10,10,0
head_on,0.8,1.0,7,16,50,50,-11.766840517213016,-16.10760729812392,-9.97557011508084,0.5211286049192971,10,10,0
head_on,0.8,1.0,7,17,51,51,-12.024781696795515,-14.93305118354887,-10.594629418472524,0.3607900645907353,10,10,0
head_on,0.8,1.0,7,18,52,52,-12.586984791584577,-14.74613744248007,-8.901484745982758,0.4643409675369543,11,11,0
head_on,0.8,1.0,7,19,53,53,-12.256183433257254,-14.368859146660037,-8.823466722968776,0.452456709210454,12,12,0
head_on,0.8,1.0,7,20,54,54,-12.674065331020913,-15.508316258249462,-9.181029341829754,0.49923104790481904,9,9,0
head_on,0.8,1.0,7,21,55,55,-12.72635213925309,-14.128842335053154,-8.399779303801745,0.4501732286332639,12,12,0
head_on,0.8,1.0,7,22,56,56,-12.410636868815297,-14.725874678404685,-10.423900308123738,0.34663606837862526,12,12,0
head_on,0.8,1.0,7,23,57,57,-12.293332137786743,-15.20671540299877,-9.555226236242408,0.459719879314498,10,10,0
head_on,0.8,1.0,7,24,58,58,-12.340949296109674,-14.660718802118755,-10.229051818373758,0.35910260040870784,14,14,0
head_on,0.8,1.0,7,25,59,59,-12.269030897082793,-13.676438738848471,-10.264130731138502,0.27812367874314453,14,14,0
head_on,0.8,1.0,7,26,60,60,-12.20212550383487,-13.512706079870682,-10.875317574004452,0.2161417291632802,14,14,0
head_on,0.8,1.0,7,27,61,61,-12.234392194502064,-13.681645659906481,-11.092247466335655,0.21164910789229557,13,13,0
head_on,0.8,1.0,7,28,62,62,-12.113874844374944,-14.674805921223575,-10.91467055233205,0.3103990603500033,15,15,0
head_on,0.8,1.0,7,29,63,63,-12.347763766719106,-13.116077750952162,-10.117887661287803,0.24281239472246563,14,14,0
head_on,0.8,1.0,7,30,64,64,-12.213273418297746,-13.398722951035827,-10.691900663619034,0.22162954964731013,14,14,0
head_on,0.8,1.0,7,31,65,65,-12.215522860721382,-13.886012136893127,-10.559856197434891,0.2722892812188484,17,17,0
head_on,0.8,1.0,7,32,66,66,-12.225820198156612,-13.361508731803456,-10.452243791770902,0.23796071698087032,16,16,0
head_on,0.8,1.0,7,33,67,67,-12.21185310751997,-13.534079992393377,-11.148429520546603,0.19535532001917932,17,17,0
head_on,0.8,1.0,7,34,68,68,-12.20820575867727,-13.49492951002186,-11.242077482990679,0.1845358827958739,19,19,0
head_on,0.8,1.0,7,35,69,69,-12.188009464969113,-13.297716304647407,-11.37524659496954,0.15773451072576272,19,19,0
head_on,0.8,1.0,7,36,70,70,-12.229979588193567,-13.658549790145505,-11.153058152138291,0.20486474404470276,19,19,0
head_on,0.8,1.0,7,37,71,71,-12.247870169236737,-12.86919501544703,-11.34934215541596,0.12409119618597204,17,17,0
head_on,0.8,1.0,7,38,72,72,-12.182619742397794,-12.805038505904122,-11.730392832483133,0.08821137785997053,17,17,0
head_on,0.8,1.0,7,39,73,73,-12.194901878145128,-12.992174397271345,-11.870414600782194,0.09198596329007719,18,18,0
head_on,0.8,1.0,7,40,74,74,-12.19158428290729,-13.779502650727174,-11.898477891299791,0.15428878772257654,19,19,0
head_on,0.8,1.2,7,1,35,35,-9.4348731268696,-28.54398121619525,0.26720781750070577,3.0536911992641946,5,5,0
head_on,0.8,1.2,7,2,36,36,-12.234854957554953,-22.47461184920487,1.0601821353317789,1.92358585910363,4,4,0
head_on,0.8,1.2,7,3,37,37,-8.221379375428597,-16.85957833249718,4.063571097987783,2.5449682437740804,5,5,0
head_on,0.8,1.2,7,4,38,38,-9.407723197635814,-19.299488436622553,-1.7717549623016122,1.8631217252146306,5,5,0
head_on,0.8,1.2,7,5,39,39,-10.199000411492104,-16.18057882486521,-0.43167708340857325,1.5441613007203114,4,4,0
head_on,0.8,1.2,7,6,40,40,-9.913590511879619,-23.86715087412483,-3.6013033837147552,2.044249000009147,6,6,0
head_on,0.8,1.2,7,7,41,41,-10.628066374209187,-15.46613472851449,-6.959219079846296,0.8004198834617436,6,6,0
head_on,0.8,1.2,7,8,42,42,-10.827694090598385,-16.941293159066362,-6.962428732521375,0.9216056847421991,8,8,0
head_on,0.8,1.2,7,9,43,43,-10.353314201343842,-15.231928248740067,-7.0851852235112025,0.7868729632653698,8,8,0
head_on,0.8,1.2,7,10,44,44,-10.928176969241902,-14.261086589540293,-4.976652320456563,0.8495867421634369,8,8,0
head_on,0.8,1.2,7,11,45,45,-11.012773814827849,-14.9056496715682,-4.960698004801494,0.9030378571270207,7,7,0
head_on,0.8,1.2,7,12,46,46,-10.867452149713086,-14.337048920562317,-7.016379662638145,0.6736325273921216,9,9,0
head_on,0.8,1.2,7,13,47,47,-10.812173766137647,-13.740122399162322,-8.034011766115817,0.5277486985010653,8,8,0
head_on,0.8,1.2,7,14,48,48,-10.310151757644178,-15.500929478290074,-7.575665535803631,0.7686854790096057,10,10,0
head_on,0.8,1.2,7,15,49,49,-10.42003454092957,-13.336562992181783,-8.023700916917223,0.509869910161603,10,10,0
head_on,0.8,1.2,7,16,50,50,-10.429054757322415,-13.875775667512006,-8.636121560861387,0.5024093006100835,11,11,0
head_on,0.8,1.2,7,17,51,51,-10.610513410062172,-13.356357973588198,-8.05252003399277,0.49986628682507356,12,12,0
head_on,0.8,1.2,7,18,52,52,-10.533433066763541,-12.437792820883626,-9.208771248984828,0.3065497783516969,12,12,0
head_on,0.8,1.2,7,19,53,53,-10.479361882788783,-14.812186492594035,-7.165629370702206,0.7296777425398842,14,14,0
head_on,0.8,1.2,7,20,54,54,-10.574023550771662,-14.288911703335431,-8.716002955851074,0.5270376712067812,13,13,0
head_on,0.8,1.2,7,21,55,55,-10.7541098072566,-12.588253954712426,-9.759243735867921,0.26306317022498327,14,14,0
head_on,0.8,1.2,7,22,56,56,-10.657358169783134,-12.611966569715788,-9.048040874035623,0.33440986395530775,13,13,0
head_on,0.8,1.2,7,23,57,57,-10.745431652494311,-12.804062484444554,-9.465418060488773,0.3107036117232936,17,17,0
head_on,0.8,1.2,7,24,58,58,-10.782693568267453,-12.550773220816211,-9.548510374193974,0.27843347560739745,17,17,0
head_on,0.8,1.2,7,25,59,59,-10.688637858035793,-12.909806038083078,-9.465419467825619,0.3222474758715812,17,17,0
head_on,0.8,1.2,7,26,60,60,-10.563412220759387,-12.006737606181826,-9.327533028751581,0.2536305997947357,16,16,0
head_on,0.8,1.2,7,27,61,61,-10.423272919432701,-11.916599921648375,-9.250893593041317,0.25574561361021547,17,17,0
head_on,0.8,1.2,7,28,62,62,-10.548510346007795,-11.603488230891642,-9.234694772593139,0.22456189363221324,17,17,0
head_on,0.8,1.2,7,29,63,63,-10.530575234319034,-11.565500273028725,-9.129195472888286,0.23135533870937527,20,20,0
head_on,0.8,1.2,7,30,64,64,-10.564628114870771,-11.44345994341778,-9.981762855927292,0.13835764700822775,20,20,0
head_on,0.8,1.2,7,31,65,65,-10.624490979808426,-11.829640132234887,-9.03752017868832,0.2628003505158901,18,18,0
head_on,0.8,1.2,7,32,66,66,-10.622855931110376,-11.734285360314066,-8.493511244538139,0.30507559707036136,17,17,0
head_on,0.8,1.2,7,33,67,67,-10.595593084164918,-11.356120319721494,-9.853598589609916,0.14180628853679672,20,20,0
head_on,0.8,1.2,7,34,68,68,-10.566239848898627,-11.601217119530826,-9.765468983652248,0.17373712523381035,20,20,0
head_on,0.8,1.2,7,35,69,69,-10.59204869121144,-11.476905813018176,-9.96474933459345,0.14276336169785653,19,19,0
head_on,0.8,1.2,7,36,70,70,-10.676639355253766,-11.529333404391684,-9.57244449826318,0.1832869727088382,18,18,0
head_on,0.8,1.2,7,37,71,71,-10.65467128618588,-11.611409315635612,-9.818138142916002,0.16830844655382687,19,19,0
head_on,0.8,1.2,7,38,72,72,-10.649926391033773,-11.960896816966967,-9.830496423413829,0.20003897823620012,18,18,0
head_on,0.8,1.2,7,39,73,73,-10.63437227707182,-11.441772137783644,-9.930318325023809,0.14212910488554154,20,20,0
head_on,0.8,1.2,7,40,74,74,-10.669975655600306,-11.359098469661511,-9.514807527772325,0.17284865508771624,22,22,0
head_on,1.2,1.0,7,1,35,35,8.765899703595188,-1.886704333525666,39.37691204599335,4.707288216244982,3,3,0
head_on,1.2,1.0,7,2,36,36,11.223823360835901,-5.094295149739689,34.68755420679867,3.5444115679289863,4,4,0
head_on,1.2,1.0,7,3,37,37,9.916095098397605,-7.517823849730654,29.98302089368048,3.7818157622823825,6,6,0
head_on,1.2,1.0,7,4,38,38,13.40377700414439,0.8606551006506649,24.161682081060952,1.7383926167382306,5,5,0
head_on,1.2,1.0,7,5,39,39,13.335191714961098,2.438110944715813,29.32015997385759,2.015872707625351,5,5,0
head_on,1.2,1.0,7,6,40,40,13.391843047046434,1.3300906186574628,25.06333286374003,1.7722162783498965,5,5,0
head_on,1.2,1.0,7,7,41,41,15.79791880167636,7.977790039231674,19.373967100715365,0.7213720493533877,4,4,0
head_on,1.2,1.0,7,8,42,42,14.600284401701757,8.653326172740442,22.836092952458884,0.9714034596521524,6,6,0
head_on,1.2,1.0,7,9,43,43,13.411822618035576,6.452281931236683,22.579233017048324,1.2024429151131846,6,6,0
head_on,1.2,1.0,7,10,44,44,13.315838786670003,7.869088245449998,19.82346486907009,0.8977561845812657,5,5,0
head_on,1.2,1.0,7,11,45,45,13.385453029594126,9.601675939382787,18.890014514283884,0.6939129033858885,7,7,0
head_on,1.2,1.0,7,12,46,46,12.557691332214478,9.192514819484117,19.20356856573545,0.7972049544305799,7,7,0
head_on,1.2,1.0,7,13,47,47,12.999125642260598,8.075486139792048,17.377175123428785,0.7155626647223587,8,8,0
head_on,1.2,1.0,7,14,48,48,12.948868359675984,9.55020077138649,17.991052627968834,0.6518601952019194,8,8,0
head_on,1.2,1.0,7,15,49,49,13.3445454313554,9.422099732360973,16.06700762116264,0.49794936238054743,9,9,0
head_on,1.2,1.0,7,16,50,50,12.739143614148428,-2.1083970417686606,16.42374971166433,1.4547403903077676,7,7,0
head_on,1.2,1.0,7,17,51,51,13.183394349266846,8.541498453414793,16.360480427063234,0.5930932327821378,10,10,0
head_on,1.2,1.0,7,18,52,52,13.335545567130119,11.15149876042348,16.206965469732403,0.3790971043411826,9,9,0
head_on,1.2,1.0,7,19,53,53,13.61295950377985,11.996986339757921,15.220088176197091,0.23676716554869834,10,10,0
head_on,1.2,1.0,7,20,54,54,13.549674036894846,12.06242122836038,14.947825844748834,0.21295011293494537,11,11,0
head_on,1.2,1.0,7,21,55,55,13.515280362278087,11.155664874671304,15.822745357796379,0.34531880641937407,10,10,0
head_on,1.2,1.0,7,22,56,56,13.46064073446312,12.055812236344666,14.618489552093878,0.19038301120302692,12,12,0
head_on,1.2,1.0,7,23,57,57,13.701191123080436,11.087353725409487,16.011447607887646,0.35939166443589293,11,11,0
head_on,1.2,1.0,7,24,58,58,13.462902684693766,12.157341613800455,15.415077562156132,0.2419787191999434,12,12,0
head_on,1.2,1.0,7,25,59,59,13.094476143809311,11.55729852465535,18.268244175500353,0.5125020334637628,11,11,0
head_on,1.2,1.0,7,26,60,60,13.364286280290063,11.988585434211547,14.426920721826578,0.18245159049092957,13,13,0
head_on,1.2,1.0,7,27,61,61,13.36226125124547,11.081424254617136,14.831410787658893,0.2806401149126034,14,14,0
head_on,1.2,1.0,7,28,62,62,13.187873372577247,12.5013950226415,14.751874451027389,0.17064763702277555,12,12,0
head_on,1.2,1.0,7,29,63,63,13.219429904003782,12.372764947357197,14.764667046865492,0.18093837002636984,13,13,0
head_on,1.2,1.0,7,30,64,64,13.269591478749966,11.27588175767489,14.781834421683879,0.2642095402577729,16,16,0
head_on,1.2,1.0,7,31,65,65,13.270806731775288,12.424837383198211,14.51711377286103,0.15766007537832083,15,15,0
head_on,1.2,1.0,7,32,66,66,13.241765516768602,12.771149808889973,14.666735640539315,0.14315204639810925,14,14,0
head_on,1.2,1.0,7,33,67,67,13.21149393079302,12.679120294572813,15.05161002265333,0.17957770260566647,18,18,0
head_on,1.2,1.0,7,34,68,68,13.187142806639187,12.848910949302796,14.534362237630662,0.12781019459949347,16,16,0
head_on,1.2,1.0,7,35,69,69,13.272880765571326,12.088101701801264,14.187019633464095,0.15813582361918274,16,16,0
head_on,1.2,1.0,7,36,70,70,13.26494810460239,12.90643027860208,14.118165109681659,0.09134862960068094,19,19,0
head_on,1.2,1.0,7,37,71,71,13.27047317035586,12.988666818240413,14.255208208136544,0.09544055992859281,18,18,0
head_on,1.2,1.0,7,38,72,72,13.274437544820078,13.001503705841737,13.920060486456306,0.06919741627569044,19,19,0
head_on,1.2,1.0,7,39,73,73,13.336878369797319,11.54985133086753,13.742304352021524,0.16439026887423833,17,17,0
head_on,1.2,1.0,7,40,74,74,13.311708540165544,13.056796468823308,13.731571249550282,0.050690321132780936,18,18,0
head_on,1.2,0.8,7,1,35,35,13.335684004758939,-9.89016989207472,40.2586342222095,3.760497331549566,7,7,0
head_on,1.2,0.8,7,2,36,36,13.025700255941821,-0.2926196267437504,30.39241463201001,2.355730107082453,3,3,0
head_on,1.2,0.8,7,3,37,37,10.712097785184504,-5.106817337852097,31.00602732013083,3.3712205939651922,4,4,0
head_on,1.2,0.8,7,4,38,38,13.746884917624534,-1.8800416843295853,24.5458066440225,1.922315381754027,6,6,0
head_on,1.2,0.8,7,5,39,39,13.423046233485106,2.666493175683918,21.102426414267683,1.3734537539320635,5,5,0
head_on,1.2,0.8,7,6,40,40,12.621357145384343,3.3644295729207174,22.362125156106796,1.5052022824766969,3,3,0
head_on,1.2,0.8,7,7,41,41,12.844185826050932,3.784988983852618,26.348315447634395,1.756695735281112,5,5,0
head_on,1.2,0.8,7,8,42,42,12.73485577064164,6.356855430024774,21.657640200040717,1.2014886580254547,6,6,0
head_on,1.2,0.8,7,9,43,43,13.361888592233601,8.057577903512506,22.551337741032075,1.0847089269958328,8,8,0
head_on,1.2,0.8,7,10,44,44,13.162699149024585,5.906396128462624,18.6704829938803,0.9697165240127479,6,6,0
head_on,1.2,0.8,7,11,45,45,11.822937956897047,6.695087444680161,18.42625419695857,0.9922378680364213,8,8,0
head_on,1.2,0.8,7,12,46,46,13.506783951620807,5.378944354828959,18.45167827151707,0.9678642942326319,9,9,0
head_on,1.2,0.8,7,13,47,47,13.011687788852717,6.278638054328525,15.061509122764022,0.6749986020998673,7,7,0
head_on,1.2,0.8,7,14,48,48,12.478920976991418,8.105358097304276,15.70731277375769,0.6091836538166936,9,9,0
head_on,1.2,0.8,7,15,49,49,12.328166785374648,7.842581015879667,15.100367416823184,0.5887157861583843,9,9,0
head_on,1.2,0.8,7,16,50,50,13.065344535162625,7.302282264659415,17.294489128450405,0.7647870928240024,8,8,0
head_on,1.2,0.8,7,17,51,51,12.52123959201873,9.39663577308585,16.10297503519686,0.5355970719053851,10,10,0
head_on,1.2,0.8,7,18,52,52,12.489991876774091,9.554946477397003,15.3065025607222,0.46049318046559895,11,11,0
head_on,1.2,0.8,7,19,53,53,12.285640077775934,8.892048424099602,14.27061946552439,0.43779331051333137,10,10,0
head_on,1.2,0.8,7,20,54,54,12.0301304172243,9.394975597472666,14.481424898356106,0.4228091570479443,13,13,0
head_on,1.2,0.8,7,21,55,55,12.031132004185736,10.148259813322,15.047602620871142,0.407222097292642,13,13,0
head_on,1.2,0.8,7,22,56,56,12.14796063426698,10.506013622304224,14.048561631242864,0.29161668493934834,12,12,0
head_on,1.2,0.8,7,23,57,57,12.119747332216612,10.7960700887351,13.84932236260014,0.2519237563434107,10,10,0
head_on,1.2,0.8,7,24,58,58,12.437957924151316,9.94420713846049,14.481894564566929,0.3648257578758501,12,12,0
head_on,1.2,0.8,7,25,59,59,12.262363560905959,10.678884909475086,13.509548277780151,0.23084157913321018,13,13,0
head_on,1.2,0.8,7,26,60,60,12.263829611786694,10.597706577802755,14.249156072568406,0.2977413752761424,14,14,0
head_on,1.2,0.8,7,27,61,61,12.036726336396711,9.78656912308709,14.15676635638825,0.3630719110134236,14,14,0
head_on,1.2,0.8,7,28,62,62,12.119661338778569,10.963053499720102,14.076635334707976,0.25690336948818276,12,12,0
head_on,1.2,0.8,7,29,63,63,12.202489761612068,11.499670290976146,13.068878647905558,0.12859739180982557,17,17,0
head_on,1.2,0.8,7,30,64,64,12.183143944230387,11.04274533131154,13.576740988377113,0.20799193284304957,16,16,0
head_on,1.2,0.8,7,31,65,65,12.12616547752165,11.5310682645836,13.469062107195448,0.15981918160397193,17,17,0
head_on,1.2,0.8,7,32,66,66,12.07706843537824,10.920699812963978,12.851429579967897,0.1598674195923318,16,16,0
head_on,1.2,0.8,7,33,67,67,12.09844769792091,11.479289102355642,13.03242179455672,0.1283745428322991,17,17,0
head_on,1.2,0.8,7,34,68,68,12.088017735952722,11.368532150180885,12.881854159950315,0.12519190845232137,20,20,0
head_on,1.2,0.8,7,35,69,69,12.127023653404574,11.327010833178782,12.682960291967852,0.11181222182315087,20,20,0
head_on,1.2,0.8,7,36,70,70,12.134670864789065,11.706200730748765,12.744559648203511,0.08556959879873885,18,18,0
head_on,1.2,0.8,7,37,71,71,12.13763054670832,11.551928186930365,12.64544165887051,0.09009282888715889,20,20,0
head_on,1.2,0.8,7,38,72,72,12.225135245613924,9.977158054201817,12.635847230035818,0.21747728122581486,19,19,0
head_on,1.2,0.8,7,39,73,73,12.201737943389478,11.599995123703088,12.784659684149293,0.09708982162561679,20,20,0
head_on,1.2,0.8,7,40,74,74,12.2162083074181,11.498153645251454,12.608826781389839,0.09091799257089826,21,21,0
head_on,1.2,1.2,7,1,35,35,7.499132957905985,-9.874380252239915,38.26983892288523,6.419971408077109,4,4,0
head_on,1.2,1.2,7,2,36,36,10.421118256570551,-1.2482093564249697,28.931169567340753,2.8959827708257238,4,4,0
head_on,1.2,1.2,7,3,37,37,10.769163569253884,0.28432976140031085,29.194685339928643,2.6845497695910026,4,4,0
head_on,1.2,1.2,7,4,38,38,11.133887200994259,0.29498029183027086,28.245147661197915,2.510369187759661,3,3,0
head_on,1.2,1.2,7,5,39,39,12.682901578043479,3.6530358731835513,41.9461419508714,3.019270144300459,4,4,0
head_on,1.2,1.2,7,6,40,40,15.306269816222173,-0.45213935263134,24.660378389293314,1.6406686961253907,4,4,0
head_on,1.2,1.2,7,7,41,41,13.93420270152448,0.35840211788259246,23.672775771896767,1.6731760082307008,4,4,0
head_on,1.2,1.2,7,8,42,42,13.646439591957705,6.945177388396386,20.532101001897935,0.9956387174797424,6,6,0
head_on,1.2,1.2,7,9,43,43,11.358709490713128,5.8417178528224785,22.519363527926306,1.468269409367275,4,4,0
head_on,1.2,1.2,7,10,44,44,12.297793489494147,7.145970105797561,21.3365842852305,1.153915472036167,5,5,0
head_on,1.2,1.2,7,11,45,45,13.541539312030327,9.331589876835043,17.392534694710072,0.5952753695227005,7,7,0
head_on,1.2,1.2,7,12,46,46,13.481922536821049,9.608763393101363,19.65468462522146,0.7451401092598816,9,9,0
head_on,1.2,1.2,7,13,47,47,12.951412257921822,9.425398315846193,19.272822210506163,0.7603359153853453,8,8,0
head_on,1.2,1.2,7,14,48,48,13.330589969547765,9.593245635003896,17.90639694678665,0.6236146585239823,10,10,0
head_on,1.2,1.2,7,15,49,49,12.862361709950605,8.47699189017886,15.828264397776222,0.57153364781448,8,8,0
head_on,1.2,1.2,7,16,50,50,12.3588715420691,8.424473346059099,22.11355424917006,1.107631943297888,6,6,0
head_on,1.2,1.2,7,17,51,51,13.233073153805725,9.711489189084473,17.3579589352617,0.5778302331819396,11,11,0
head_on,1.2,1.2,7,18,52,52,13.133078313370216,9.647821163688208,16.677485216262273,0.5352640016939113,9,9,0
head_on,1.2,1.2,7,19,53,53,13.654345197705325,7.178641775950378,17.50925906028013,0.7565809370386988,10,10,0
head_on,1.2,1.2,7,20,54,54,12.95221025923261,9.925208671182272,16.73588455334617,0.5258311705763968,10,10,0
head_on,1.2,1.2,7,21,55,55,12.740754255095954,10.933789002096038,15.402331988557501,0.35072829261063315,11,11,0
head_on,1.2,1.2,7,22,56,56,12.687342108213933,10.390517631968509,16.55587118163923,0.48594524346271073,11,11,0
head_on,1.2,1.2,7,23,57,57,12.518065400585936,11.07677139769844,15.798769469443652,0.3772146829912063,12,12,0
head_on,1.2,1.2,7,24,58,58,12.586531158689423,10.818567747769912,16.346870232271097,0.4392236760709551,12,12,0
head_on,1.2,1.2,7,25,59,59,12.847865164284542,10.440705565742,14.975735810911692,0.35297928388729577,14,14,0
head_on,1.2,1.2,7,26,60,60,12.724558990108719,10.630266861119823,14.883534070966386,0.33425655169289464,14,14,0
head_on,1.2,1.2,7,27,61,61,12.629138620117395,10.93091468478151,14.531431442622647,0.28509598842360867,13,13,0
head_on,1.2,1.2,7,28,62,62,12.692458328712961,11.730635996785061,14.56538784864514,0.22334143460981742,14,14,0
head_on,1.2,1.2,7,29,63,63,12.885679555256694,11.701628264375408,15.47752660535027,0.29303059452805424,15,15,0
head_on,1.2,1.2,7,30,64,64,12.962097291450124,11.41625005075675,14.38812632510826,0.229274337904544,13,13,0
head_on,1.2,1.2,7,31,65,65,12.927305202292303,11.818096015544976,15.436486986306836,0.27990295843871915,15,15,0
head_on,1.2,1.2,7,32,66,66,12.872870427707358,11.816100122611136,14.66205858571636,0.22108188527864228,18,18,0
head_on,1.2,1.2,7,33,67,67,13.06740995278828,11.339870448476558,14.631093332560713,0.2518649752303734,20,20,0
head_on,1.2,1.2,7,34,68,68,13.09621181768535,12.196407151292693,14.361747456329299,0.16534096540134555,17,17,0
head_on,1.2,1.2,7,35,69,69,12.964964732909426,11.90460833659263,14.007162807365232,0.16217201620576824,18,18,0
head_on,1.2,1.2,7,36,70,70,12.977931164883284,12.236596544826527,13.813881402069692,0.1215359241164036,18,18,0
head_on,1.2,1.2,7,37,71,71,13.017168749870075,12.225429111777665,14.56302026916234,0.17957754119212807,18,18,0
head_on,1.2,1.2,7,38,72,72,13.008012817111908,12.291035235848533,14.273841693164652,0.1524296205111174,20,20,0
head_on,1.2,1.2,7,39,73,73,12.999500419113026,12.150165055673261,13.81788314088698,0.12829093668566613,20,20,0
head_on,1.2,1.2,7,40,74,74,12.999434013864294,12.038871600919059,13.689333286070042,0.12696411885246045,22,22,0
parallel,0.8,0.8,7,1,35,35,-11.051021778377311,-21.414082082690523,3.870419371783445,2.2879786106246045,4,4,0
parallel,0.8,0.8,7,2,36,36,-7.8227103201313195,-16.61988318491646,-0.08370661828363468,2.113867942173172,8,8,0
parallel,0.8,0.8,7,3,37,37,-10.280468616073774,-17.32919164082686,2.217814491080805,1.9013730659461792,4,4,0
parallel,0.8,0.8,7,4,38,38,-7.18743226574633,-17.346591492441043,-1.9945116167882448,2.1359616769979626,5,5,0
parallel,0.8,0.8,7,5,39,39,-8.266747878491731,-20.630296610532177,-0.1904431415184804,2.472538629391822,4,4,0
parallel,0.8,0.8,7,6,40,40,-7.357331153403727,-18.41256058630276,-1.8082470597480282,2.256839223401419,6,6,0
parallel,0.8,0.8,7,7,41,41,-8.236256546755463,-17.768395499430472,-5.068697337780267,1.541926006014594,4,4,0
parallel,0.8,0.8,7,8,42,42,-8.6386682916939,-17.280802348815545,-3.3459852493263265,1.613074681069486,6,6,0
parallel,0.8,0.8,7,9,43,43,-8.231924638761813,-12.935996753834116,-2.2801144065207253,1.2944581996217317,6,6,0
parallel,0.8,0.8,7,10,44,44,-8.577710325105745,-11.498843400926733,-5.725217552182707,0.6730963893529301,7,7,0
parallel,0.8,0.8,7,11,45,45,-8.380555328445872,-14.022915691829363,-5.530623609040912,1.0133328580223453,8,8,0
parallel,0.8,0.8,7,12,46,46,-8.331690917911832,-13.178117870802625,-4.32856127223055,1.062156132022002,8,8,0
parallel,0.8,0.8,7,13,47,47,-8.041944714533155,-11.92514167882109,-4.93870324241819,0.8687498713808892,7,7,0
parallel,0.8,0.8,7,14,48,48,-8.393743145937778,-11.066142877583223,-3.8455437685425538,0.860235890412627,7,7,0
parallel,0.8,0.8,7,15,49,49,-8.221955708643378,-12.144759360504313,-2.270347829743776,1.2009808713004868,12,12,0
parallel,0.8,0.8,7,16,50,50,-8.684730959733582,-12.270587681264095,-6.252630167294883,0.692935399135706,11,11,0
parallel,0.8,0.8,7,17,51,51,-8.476354029753347,-10.778465676793349,-6.896187624283395,0.4580127303416708,12,12,0
parallel,0.8,0.8,7,18,52,52,-8.486355417548033,-11.04325587394888,-7.3813786976657685,0.4315017455798639,10,10,0
parallel,0.8,0.8,7,19,53,53,-8.652872663677986,-11.06718851439969,-6.832756216887588,0.48936722659596116,11,11,0
parallel,0.8,0.8,7,20,54,54,-8.45354832794842,-12.947138561799687,-7.244523741627124,0.6745823882403381,11,11,0
parallel,0.8,0.8,7,21,55,55,-8.551132214700917,-10.154617841119558,-7.095987372739125,0.35768719177585667,13,13,0
parallel,0.8,0.8,7,22,56,56,-8.610603174371628,-10.037073057354098,-7.498592525126774,0.29480867725768506,12,12,0
parallel,0.8,0.8,7,23,57,57,-8.49529592923479,-10.067246675106512,-7.3306215800357135,0.32213416905858144,12,12,0
parallel,0.8,0.8,7,24,58,58,-8.595881924164724,-9.882626430061707,-6.7508485755874545,0.36433467584869983,14,14,0
parallel,0.8,0.8,7,25,59,59,-8.677778047391595,-10.01058256265337,-7.165801360599384,0.32782368787469546,14,14,0
parallel,0.8,0.8,7,26,60,60,-8.474825983428598,-10.811562293287508,-7.095969503576359,0.438427030475493,15,15,0
parallel,0.8,0.8,7,27,61,61,-8.620430938934819,-10.24562081408558,-7.540927595668949,0.3137538294287218,18,18,0
parallel,0.8,0.8,7,28,62,62,-8.509089695662674,-9.668533711508454,-7.409146438177997,0.26552631998721693,17,17,0
parallel,0.8,0.8,7,29,63,63,-8.499645736423133,-9.796607194922572,-7.558572581938377,0.2633091639800527,20,20,0
parallel,0.8,0.8,7,30,64,64,-8.559929873942684,-10.383301804638382,-7.497516054755261,0.3371272653375062,17,17,0
parallel,0.8,0.8,7,31,65,65,-8.535290893352304,-9.516397678425573,-7.249025504333525,0.26564673687430934,19,19,0
parallel,0.8,0.8,7,32,66,66,-8.59081913946785,-9.863438792965342,-7.651043656631558,0.25753017266649486,20,20,0
parallel,0.8,0.8,7,33,67,67,-8.627259937090749,-9.734080785839145,-7.925276427487999,0.20966151148114176,20,20,0
parallel,0.8,0.8,7,34,68,68,-8.571359499105883,-9.740922584241819,-7.71104276239475,0.23682122095786726,20,20,0
parallel,0.8,0.8,7,35,69,69,-8.652828591879704,-9.876590085986416,-7.417705611962829,0.28417117569289907,20,20,0
parallel,0.8,0.8,7,36,70,70,-8.519519754635166,-11.205707838646214,-7.412152313382743,0.44527809483621816,18,18,0
parallel,0.8,0.8,7,37,71,71,-8.65690328884918,-9.155768659409205,-7.51963751334001,0.18899727667937208,20,20,0
parallel,0.8,0.8,7,38,72,72,-8.627150196896748,-9.302764063862796,-7.936233360100967,0.15839885391741296,22,22,0
parallel,0.8,0.8,7,39,73,73,-8.640347545751734,-9.209727796066538,-7.88534302228956,0.15327910905946698,22,22,0
parallel,0.8,0.8,7,40,74,74,-8.633678301164707,-9.285726194295204,-7.930394612264724,0.15698194150315312,23,23,0
parallel,0.8,1.2,7,1,35,35,-6.392081467938414,-12.42257126874973,-0.3331249725280093,1.8913160535985518,4,4,0
parallel,0.8,1.2,7,2,36,36,-6.539758585129851,-11.755426607883388,3.2799531098623103,2.2990725914459977,7,7,0
parallel,0.8,1.2,7,3,37,37,-5.578748002031032,-13.0619257186937,1.2591796231303953,2.5670823160698903,6,6,0
parallel,0.8,1.2,7,4,38,38,-6.819415423645494,-11.558591671231095,-1.1559555899288174,1.5254439618434745,6,6,0
parallel,0.8,1.2,7,5,39,39,-6.397954285089485,-12.9276909799019,-0.03799005787708243,2.0146597408587983,5,5,0
parallel,0.8,1.2,7,6,40,40,-6.954344899172488,-11.661453913046852,-0.059895481423969166,1.668246053341901,6,6,0
parallel,0.8,1.2,7,7,41,41,-7.493904733712245,-12.187928422908747,-0.3613776081940863,1.5781560127808243,8,8,0
parallel,0.8,1.2,7,8,42,42,-6.502624138147144,-12.569683369803139,-3.4152307922010214,1.4078089680592527,8,8,0
parallel,0.8,1.2,7,9,43,43,-5.759094854979552,-9.344982440005579,-2.9863899013687916,1.1040958169214532,5,5,0
parallel,0.8,1.2,7,10,44,44,-6.402778134321029,-8.793887366621,-2.829918206366773,0.9314658473460701,8,8,0
parallel,0.8,1.2,7,11,45,45,-5.886160818058897,-10.711122127463616,-3.958130990918228,1.1472658232216544,7,7,0
parallel,0.8,1.2,7,12,46,46,-6.391127607068977,-7.979728671658545,-3.279606846746536,0.7354135473235409,6,6,0
parallel,0.8,1.2,7,13,47,47,-5.923766742605601,-9.08444702242902,-4.753135951622082,0.73117515577627,9,9,0
parallel,0.8,1.2,7,14,48,48,-5.868865947849427,-7.984813713569467,-1.5779887459761541,1.0916631977155677,7,7,0
parallel,0.8,1.2,7,15,49,49,-5.9225394701469405,-8.23101576150628,-3.371183598335425,0.8205656015746705,10,10,0
parallel,0.8,1.2,7,16,50,50,-5.831650444982751,-8.55538989677455,-4.640684048637235,0.6712860938887933,10,10,0
parallel,0.8,1.2,7,17,51,51,-6.121141428879256,-7.547284285629129,-4.677738766430888,0.46879255324176305,10,10,0
parallel,0.8,1.2,7,18,52,52,-5.77992465454693,-7.563749479249231,-4.111251685246264,0.597325743906881,9,9,0
parallel,0.8,1.2,7,19,53,53,-5.976291885095525,-7.167615968975508,-4.3790015928217505,0.4666128143955581,10,10,0
parallel,0.8,1.2,7,20,54,54,-6.0912023801753294,-6.943139232995996,-3.9798134208765683,0.48649275252518065,12,12,0
parallel,0.8,1.2,7,21,55,55,-6.0496470159993185,-7.065404337063821,-3.4704816119723234,0.5942367737463218,13,13,0
parallel,0.8,1.2,7,22,56,56,-6.136401474026583,-7.158866441407191,-4.6677419787398495,0.4059585203496662,13,13,0
parallel,0.8,1.2,7,23,57,57,-6.142641178163111,-7.711600288902202,-4.9203657167780435,0.45440299883491597,14,14,0
parallel,0.8,1.2,7,24,58,58,-6.248010950745941,-7.239451930784199,-4.436150378870152,0.4486710369128538,12,12,0
parallel,0.8,1.2,7,25,59,59,-6.2502890419042885,-7.027797738230208,-5.225500318078682,0.28835425179031665,12,12,0
parallel,0.8,1.2,7,26,60,60,-6.190247058518789,-7.4209228224665456,-4.774023948835676,0.42759179861622887,11,11,0
parallel,0.8,1.2,7,27,61,61,-6.1254994702552725,-7.3453152939242985,-4.797421024407085,0.41594881884971135,13,13,0
parallel,0.8,1.2,7,28,62,62,-6.1821836432642225,-6.505145297486844,-4.879344245491526,0.26298168184743326,11,11,0
parallel,0.8,1.2,7,29,63,63,-6.130787629107364,-6.8046152517864025,-5.0913192270277685,0.27945773502646803,14,14,0
parallel,0.8,1.2,7,30,64,64,-6.0830227153556535,-6.733444799964635,-5.356561028640638,0.22634861577094986,15,15,0
parallel,0.8,1.2,7,31,65,65,-6.121411463412143,-6.660049313813088,-5.1284014535592295,0.25021155160187536,15,15,0
parallel,0.8,1.2,7,32,66,66,-6.115596545672144,-6.632830104645739,-5.084070070367672,0.25324758144388815,17,17,0
parallel,0.8,1.2,7,33,67,67,-6.080638972440262,-6.613296903610647,-5.524120648029624,0.1791220068347387,17,17,0
parallel,0.8,1.2,7,34,68,68,-6.115815033812006,-6.62302781056983,-5.444173535633353,0.19275505691703268,17,17,0
parallel,0.8,1.2,7,35,69,69,-6.101256116530598,-6.725982487719499,-5.511723778603645,0.19901782287518968,16,16,0
parallel,0.8,1.2,7,36,70,70,-6.112796297874084,-6.615858309580469,-5.662046818364638,0.1560352160839301,18,18,0
parallel,0.8,1.2,7,37,71,71,-6.1121927965996825,-6.664531324069429,-5.254379211965006,0.2307113271834153,14,14,0
parallel,0.8,1.2,7,38,72,72,-6.114409770287107,-6.435149456059224,-5.197532442395157,0.20240989075973462,15,15,0
parallel,0.8,1.2,7,39,73,73,-6.100136598194252,-6.7482555935135435,-5.557932805312405,0.19513051372546225,20,20,0
parallel,0.8,1.2,7,40,74,74,-6.094271581281896,-6.591331008202812,-5.685718796088193,0.1486005669481714,21,21,0
parallel,0.8,1.0,7,1,35,35,-7.939813118593298,-15.06266661395147,3.4366745781053534,2.329946677049039,6,6,0
parallel,0.8,1.0,7,2,36,36,-7.482814149080669,-14.252722077052974,4.152213497926477,2.459627515570551,6,6,0
parallel,0.8,1.0,7,3,37,37,-8.148612574488496,-13.513165618737014,2.0684047095147977,1.9121746414885723,5,5,0
parallel,0.8,1.0,7,4,38,38,-7.164163421342954,-15.388821664617046,-1.495812740541136,1.939236740843581,7,7,0
parallel,0.8,1.0,7,5,39,39,-8.508290021677544,-11.743803556560636,-0.8551210604844678,1.2797733114801948,8,8,0
parallel,0.8,1.0,7,6,40,40,-8.419886190299188,-11.406225017404603,-0.5353729878062805,1.291092514067823,8,8,0
parallel,0.8,1.0,7,7,41,41,-7.003839208951349,-13.654500862044552,2.7061584288514138,2.335955866888836,6,6,0
parallel,0.8,1.0,7,8,42,42,-6.391636752625686,-11.798718538996875,-1.9102783358667768,1.547090453641303,8,8,0
parallel,0.8,1.0,7,9,43,43,-7.254186449185974,-10.432466444521484,-3.05064390844741,1.0175948175280802,9,9,0
parallel,0.8,1.0,7,10,44,44,-6.218396434207795,-9.59081207997943,-2.5402149487746057,1.133828826418824,8,8,0
parallel,0.8,1.0,7,11,45,45,-6.3778549509409865,-9.639568940077309,-3.8410741033476996,0.90916066315903,9,9,0
parallel,0.8,1.0,7,12,46,46,-6.1687923796775195,-9.263267066491755,-4.14856570466661,0.829125223710726,9,9,0
parallel,0.8,1.0,7,13,47,47,-6.28053605662563,-9.28191381591411,-4.267855014567791,0.7983488600557838,9,9,0
parallel,0.8,1.0,7,14,48,48,-6.1629391240524765,-9.749378032589993,-2.39026106418143,1.1940921077230326,11,11,0
parallel,0.8,1.0,7,15,49,49,-6.274818784413998,-9.677451242340572,-4.5716358513704725,0.813699258320004,11,11,0
parallel,0.8,1.0,7,16,50,50,-6.172100167250706,-10.26948165516201,-4.023177441755855,1.0120224954463926,12,12,0
parallel,0.8,1.0,7,17,51,51,-6.372202528888026,-8.725651778967473,-4.5446884297984145,0.6561253083552968,12,12,0
parallel,0.8,1.0,7,18,52,52,-6.317308860117672,-8.921923145749233,-2.99377484553386,0.9383977309770081,11,11,0
parallel,0.8,1.0,7,19,53,53,-6.349141173920687,-8.989982434777126,-4.249898310846724,0.7465709131497119,12,12,0
parallel,0.8,1.0,7,20,54,54,-6.505457519455515,-8.58467286253212,-5.186887913081674,0.5222976153927494,12,12,0
parallel,0.8,1.0,7,21,55,55,-6.530614570723131,-8.369975087863699,-5.111577657578885,0.49894192881819593,12,12,0
parallel,0.8,1.0,7,22,56,56,-6.678807442162262,-8.37727131804163,-5.1135004172890515,0.48867569981863923,13,13,0
parallel,0.8,1.0,7,23,57,57,-6.638113358086025,-7.984959766104085,-5.421147010410988,0.386226118384987,13,13,0
parallel,0.8,1.0,7,24,58,58,-6.7471869150366155,-7.803991616749337,-5.252378565792562,0.37817435371033103,13,13,0
parallel,0.8,1.0,7,25,59,59,-6.790826430291757,-8.280389021487263,-4.404018685102831,0.570824534565212,12,12,0
parallel,0.8,1.0,7,26,60,60,-6.77819187092579,-7.778919090706782,-5.555792358157666,0.32798226649277096,13,13,0
parallel,0.8,1.0,7,27,61,61,-6.724752620689226,-7.800399367879162,-5.42981136377148,0.3525167597711153,14,14,0
parallel,0.8,1.0,7,28,62,62,-6.7037630706973825,-7.650192014159627,-5.790606836080791,0.27739422746117226,14,14,0
parallel,0.8,1.0,7,29,63,63,-6.740119953158336,-7.754073479689082,-5.472170191764753,0.3385552933453444,16,16,0
parallel,0.8,1.0,7,30,64,64,-6.808159497432605,-7.893044579379794,-4.977119018808027,0.428298655704435,13,13,0
parallel,0.8,1.0,7,31,65,65,-6.820612680743332,-7.885482372159818,-4.464565838082613,0.5015556071283002,14,14,0
parallel,0.8,1.0,7,32,66,66,-6.781205887161105,-7.55402797807721,-5.899799641960476,0.24394309266567085,16,16,0
parallel,0.8,1.0,7,33,67,67,-6.836612720022229,-7.393059483822433,-5.6017478097481685,0.26201742696761093,16,16,0
parallel,0.8,1.0,7,34,68,68,-6.859815695780388,-7.89641213710129,-5.406783575732887,0.36292936600320386,16,16,0
parallel,0.8,1.0,7,35,69,69,-6.8661682363661765,-7.237183073222426,-6.0051928570459125,0.17942907510645667,16,16,0
parallel,0.8,1.0,7,36,70,70,-6.853204698071153,-7.318126047465279,-6.170398032269526,0.1674731845553633,18,18,0
parallel,0.8,1.0,7,37,71,71,-6.845879208696426,-7.382886155324387,-6.312318033494998,0.15638139224972444,22,22,0
parallel,0.8,1.0,7,38,72,72,-6.846976990573468,-7.2556252178892775,-6.314174927837884,0.1374986788107407,22,22,0
parallel,0.8,1.0,7,39,73,73,-6.7775091200243445,-7.7181971863578935,-6.366728705979824,0.19940489292520716,21,21,0
parallel,0.8,1.0,7,40,74,74,-6.777940332607061,-7.673304950253339,-6.245875842079152,0.2105992437418141,20,20,0
parallel,1.2,0.8,7,1,35,35,7.861266178548459,-4.9472173413311875,19.299127604200333,3.0842798596101573,6,6,0
parallel,1.2,0.8,7,2,36,36,8.40446247769594,-2.8211994306334507,26.99744832266571,3.5479541770140495,4,4,0
parallel,1.2,0.8,7,3,37,37,8.843279235637613,-2.1026482987602098,14.683744609348231,1.8982090761604358,5,5,0
parallel,1.2,0.8,7,4,38,38,7.875001825999854,-0.5317429838602017,16.034148638557877,2.103604797617273,5,5,0
parallel,1.2,0.8,7,5,39,39,9.187102262019563,-0.9509343701376541,15.757410793805937,1.8186741245950455,4,4,0
parallel,1.2,0.8,7,6,40,40,9.061176308767209,1.6778910045993003,12.891043897875214,1.2374941741754373,8,8,0
parallel,1.2,0.8,7,7,41,41,8.874231486942195,2.714592655940267,14.83709053586212,1.366033543046432,5,5,0
parallel,1.2,0.8,7,8,42,42,8.262191459241212,-4.357380861134503,13.216929552224991,2.1270761516549865,8,8,0
parallel,1.2,0.8,7,9,43,43,8.797831139695145,2.7169100468924783,12.446983949287706,1.1059627933177616,8,8,0
parallel,1.2,0.8,7,10,44,44,7.93779877175532,0.5566836114595237,11.595216740917312,1.390628995123391,9,9,0
parallel,1.2,0.8,7,11,45,45,7.609487186336574,4.191382772473807,14.011785571626543,1.2905472548512904,8,8,0
parallel,1.2,0.8,7,12,46,46,8.332568486096601,5.519935203314317,11.824686499451932,0.7566396011814938,11,11,0
parallel,1.2,0.8,7,13,47,47,8.572575705641125,3.56532239975581,13.885412776922808,1.2038494300348883,10,10,0
parallel,1.2,0.8,7,14,48,48,8.793044207841081,5.008910395684017,11.687102597296125,0.7594857985198025,10,10,0
parallel,1.2,0.8,7,15,49,49,8.718409408863938,6.2716631544279995,11.636612821175962,0.6153587673106359,12,12,0
parallel,1.2,0.8,7,16,50,50,8.416160542380346,5.081416202979669,11.105959798047845,0.7158304032736823,12,12,0
parallel,1.2,0.8,7,17,51,51,8.782741060724794,3.4033874020523585,12.131045467860371,0.9937282683690739,7,7,0
parallel,1.2,0.8,7,18,52,52,8.59910498415464,5.627577754056799,10.832307308192275,0.6052641017554855,12,12,0
parallel,1.2,0.8,7,19,53,53,8.652234757970941,5.298697934365008,11.136163266103333,0.6746771782123124,10,10,0
parallel,1.2,0.8,7,20,54,54,8.731297264710367,5.958351353648271,10.526835951433261,0.5232309082236402,15,15,0
parallel,1.2,0.8,7,21,55,55,7.576068592531131,2.7768650029633695,9.03318284846845,0.8258000530344819,10,10,0
parallel,1.2,0.8,7,22,56,56,7.705417663480517,3.5250801059444106,9.068126618352073,0.7193700269718907,13,13,0
parallel,1.2,0.8,7,23,57,57,7.79406423211803,4.2876967947834865,9.01360157683518,0.6063466557764604,12,12,0
parallel,1.2,0.8,7,24,58,58,7.8374072442514695,5.459405214372692,9.083446186448521,0.4624030446719439,13,13,0
parallel,1.2,0.8,7,25,59,59,7.747552550223647,5.68041470859826,8.971347509721666,0.4247706330211864,14,14,0
parallel,1.2,0.8,7,26,60,60,7.793580769170985,6.117162947249591,9.520193359783118,0.43664529993643886,15,15,0
parallel,1.2,0.8,7,27,61,61,7.7153777396646195,6.310687642053182,9.984085673296729,0.4761138281485135,13,13,0
parallel,1.2,0.8,7,28,62,62,7.761367535879648,6.440880361568753,8.811836701942608,0.30548177617066546,13,13,0
parallel,1.2,0.8,7,29,63,63,7.827170060129472,5.575957530400017,9.358023742656568,0.4831971431822948,17,17,0
parallel,1.2,0.8,7,30,64,64,7.9181448080545955,6.215426885977218,8.911354060305328,0.34047459849253137,18,18,0
parallel,1.2,0.8,7,31,65,65,7.908228352532333,6.215844249760401,8.861040335113968,0.3344865584851928,19,19,0
parallel,1.2,0.8,7,32,66,66,7.843804359750764,6.435860513364348,9.046334073907643,0.33280707177482965,18,18,0
parallel,1.2,0.8,7,33,67,67,7.870083089043816,6.283032088126808,8.709909758728287,0.30836747759118455,16,16,0
parallel,1.2,0.8,7,34,68,68,7.880968274596352,6.734691303748491,8.4735506333137,0.22064031588228536,20,20,0
parallel,1.2,0.8,7,35,69,69,7.859971821223102,6.634195344897302,9.031536187367411,0.3050062897168321,17,17,0
parallel,1.2,0.8,7,36,70,70,7.873073384643741,5.711354111328199,9.556270654599013,0.48836284833445603,18,18,0
parallel,1.2,0.8,7,37,71,71,7.872963367842486,6.310862555675427,8.532447603877518,0.2821790149915173,18,18,0
parallel,1.2,0.8,7,38,72,72,7.852040289968242,6.744931750552877,8.662460016336123,0.24420764476120657,20,20,0
parallel,1.2,0.8,7,39,73,73,7.885485523762021,7.1522429787368935,8.421478390485643,0.16095843533337945,21,21,0
parallel,1.2,0.8,7,40,74,74,7.913037668869055,7.538495828161941,8.538410070829498,0.12636288167834112,22,22,0
parallel,1.2,1.0,7,1,35,35,8.451450394608885,-0.37264619256585774,20.838031447550595,2.509708588439042,6,6,0
parallel,1.2,1.0,7,2,36,36,10.085603233110902,-5.428190249323965,21.70787195939053,2.6905740372204177,3,3,0
parallel,1.2,1.0,7,3,37,37,9.642329664100055,-0.5524068419733108,19.586281723712887,2.0885708399564242,6,6,0
parallel,1.2,1.0,7,4,38,38,10.171931398011665,-0.6136600909171541,18.450129773270845,1.8741563542115953,4,4,0
parallel,1.2,1.0,7,5,39,39,9.89746659813336,2.063561135285698,18.697162106564456,1.6805917763254505,8,8,0
parallel,1.2,1.0,7,6,40,40,10.653171570912605,1.4341946332908697,16.010552469717393,1.3682646279935804,5,5,0
parallel,1.2,1.0,7,7,41,41,10.073357674539952,3.2070349950068007,16.838991716170707,1.3532684097595566,8,8,0
parallel,1.2,1.0,7,8,42,42,9.715399836830986,1.7349263676096398,17.249181637582797,1.5968725457040651,6,6,0
parallel,1.2,1.0,7,9,43,43,9.179190842822889,2.825065195270713,19.2510479738935,1.789480473811707,8,8,0
parallel,1.2,1.0,7,10,44,44,10.429827098322573,4.152499380171341,13.60727084851314,0.9065127714209577,9,9,0
parallel,1.2,1.0,7,11,45,45,10.357021281803817,2.45137756899763,12.345498759851594,0.9553056734793893,9,9,0
parallel,1.2,1.0,7,12,46,46,9.968426949759433,3.9257030485851705,13.467400433035218,0.9571918851931113,9,9,0
parallel,1.2,1.0,7,13,47,47,10.39029006021445,5.4766558066282975,13.444138542416148,0.7668200492588949,10,10,0
parallel,1.2,1.0,7,14,48,48,10.159443153347281,2.730249232682666,14.741480710111624,1.1822726202736376,10,10,0
parallel,1.2,1.0,7,15,49,49,10.340409321413867,5.078644166893633,12.460971300961772,0.7139298749789469,11,11,0
parallel,1.2,1.0,7,16,50,50,8.872990039791453,5.030830001057251,14.453084545920817,1.0619029777570925,9,9,0
parallel,1.2,1.0,7,17,51,51,8.926795026950062,7.039190745477677,12.066847031292312,0.5632095584849997,10,10,0
parallel,1.2,1.0,7,18,52,52,9.160385747392692,5.245350424952625,14.25208912612209,0.9832270113442592,13,13,0
parallel,1.2,1.0,7,19,53,53,9.37491256152263,5.701197363801004,11.454912900094554,0.6137353813739526,12,12,0
parallel,1.2,1.0,7,20,54,54,9.006139810319954,6.729065316319216,13.461974602846018,0.7475910243822439,14,14,0
parallel,1.2,1.0,7,21,55,55,8.879073557530411,6.418218161594476,11.670008579946586,0.5914795484375761,13,13,0
parallel,1.2,1.0,7,22,56,56,9.178047265249594,7.413290726051109,11.508992900264529,0.4462498455113413,14,14,0
parallel,1.2,1.0,7,23,57,57,9.057950825237508,7.43016898712657,11.430009275265409,0.44158335205291416,12,12,0
parallel,1.2,1.0,7,24,58,58,9.291362768154912,6.472343970579737,11.555740628547099,0.5471099110875453,15,15,0
parallel,1.2,1.0,7,25,59,59,9.09597581867451,7.402604539750554,10.88603823244906,0.38296426487269636,15,15,0
parallel,1.2,1.0,7,26,60,60,9.11538147627786,6.928051663435737,10.528836969144457,0.3950229965777637,16,16,0
parallel,1.2,1.0,7,27,61,61,9.115386994000612,7.476670838648003,10.292709644932277,0.30893244665724884,17,17,0
parallel,1.2,1.0,7,28,62,62,9.064923955778255,8.031752165494412,10.702818563071132,0.29465954823306617,16,16,0
parallel,1.2,1.0,7,29,63,63,9.046665556594768,7.751546776638893,10.151178773601412,0.2652504375176392,19,19,0
parallel,1.2,1.0,7,30,64,64,9.135576276673486,7.994139967312517,10.143757686680608,0.23530181942182044,21,21,0
parallel,1.2,1.0,7,31,65,65,9.070033519587913,8.269143790444197,10.209128670962237,0.21388949404965163,20,20,0
parallel,1.2,1.0,7,32,66,66,9.102646607846589,7.557205759885301,10.54308487432148,0.328023183044623,16,16,0
parallel,1.2,1.0,7,33,67,67,9.24762406247564,6.798118167356967,10.512399801946561,0.40164712681835163,16,16,0
parallel,1.2,1.0,7,34,68,68,9.125501162659647,8.37614770095816,10.146096048514671,0.19395628974317677,20,20,0
parallel,1.2,1.0,7,35,69,69,9.127417384683579,8.131450852456316,10.141161618715303,0.22018394487266651,19,19,0
parallel,1.2,1.0,7,36,70,70,9.05419070358105,8.492781346001602,10.387671551957148,0.20928322232113938,20,20,0
parallel,1.2,1.0,7,37,71,71,9.066364877693232,8.125884787822866,10.279331038304672,0.23752036009273333,17,17,0
parallel,1.2,1.0,7,38,72,72,9.12119857848286,7.805816663951337,11.117364124591434,0.3630605596562849,17,17,0
parallel,1.2,1.0,7,39,73,73,9.104869088004378,8.317377778134018,10.212014793267457,0.20809052791649846,19,19,0
parallel,1.2,1.0,7,40,74,74,9.15646649348531,8.053298731241622,9.895157531438908,0.20115388414381702,22,22,0
parallel,1.2,1.2,7,1,35,35,6.798281199478348,-1.2039442527142898,24.787146040214125,3.8231855273834197,5,5,0
parallel,1.2,1.2,7,2,36,36,8.778714865838005,-0.38332318414186695,21.07001186126042,2.443789936598468,4,4,0
parallel,1.2,1.2,7,3,37,37,9.157777759828846,-1.4826557010566415,23.91811476349143,2.773682778803621,5,5,0
parallel,1.2,1.2,7,4,38,38,7.708680632305832,-0.5348072503175284,19.40068520863623,2.586109531559439,7,7,0
parallel,1.2,1.2,7,5,39,39,6.131610806478124,1.151091152261246,27.27594411730357,4.260683495671495,4,4,0
parallel,1.2,1.2,7,6,40,40,9.725009919247366,1.9089400872506257,17.281380359453127,1.5807120403834198,5,5,0
parallel,1.2,1.2,7,7,41,41,10.120501146153916,-1.199172227251866,20.912777895479884,2.1848671131404327,5,5,0
parallel,1.2,1.2,7,8,42,42,10.185424002025503,4.397241812793162,14.040544439894525,0.9467747857314205,8,8,0
parallel,1.2,1.2,7,9,43,43,10.703690107370903,5.335843558650318,14.289434126593882,0.8364956830895016,6,6,0
parallel,1.2,1.2,7,10,44,44,9.8577198747293,4.358463689308507,15.381569357202043,1.1182206238332815,8,8,0
parallel,1.2,1.2,7,11,45,45,9.760483545826954,6.278297296592983,14.786968220998073,0.8717468642260997,8,8,0
parallel,1.2,1.2,7,12,46,46,10.183864505188645,6.272611418643966,16.46590716393844,1.0009260963852205,9,9,0
parallel,1.2,1.2,7,13,47,47,10.391962314071224,6.366064816981339,12.824849909817209,0.6215173706019276,10,10,0
parallel,1.2,1.2,7,14,48,48,9.644055296901614,3.0112542919393595,13.378871258826901,1.0750267027417801,8,8,0
parallel,1.2,1.2,7,15,49,49,9.74996707234773,5.748047256977648,12.304114221526724,0.6724193954606267,7,7,0
parallel,1.2,1.2,7,16,50,50,9.909731395138785,7.596131296227626,12.071379438616017,0.4516013566809411,10,10,0
parallel,1.2,1.2,7,17,51,51,10.21449823446834,5.629415569238694,12.84246558472487,0.7061580363434867,11,11,0
parallel,1.2,1.2,7,18,52,52,10.051906809946054,4.294943510238068,12.328586890958059,0.7992158634788522,11,11,0
parallel,1.2,1.2,7,19,53,53,10.256134884989072,6.568172209094976,13.10425113360623,0.6372848054170476,13,13,0
parallel,1.2,1.2,7,20,54,54,10.040987128990114,8.029527672715705,13.657614826535665,0.5605113403213786,12,12,0
parallel,1.2,1.2,7,21,55,55,9.973184166153228,7.534792707481255,11.809583380779259,0.428628470313994,14,14,0
parallel,1.2,1.2,7,22,56,56,10.135874038942191,7.1753629532637095,12.233495774387153,0.4990327229492016,13,13,0
parallel,1.2,1.2,7,23,57,57,9.897911319600745,7.966873180427122,11.734384826604732,0.38063703790888087,15,15,0
parallel,1.2,1.2,7,24,58,58,9.846559037593916,7.6284557232224,11.812068247589936,0.42488066220845355,13,13,0
parallel,1.2,1.2,7,25,59,59,9.862720441402537,7.59975518608658,11.231966192465533,0.3682767881295063,17,17,0
parallel,1.2,1.2,7,26,60,60,9.653744410168189,7.249788911895229,12.052420158619347,0.49748895792865155,16,16,0
parallel,1.2,1.2,7,27,61,61,9.842742153414097,7.241221955799446,11.512963110247297,0.4339990917029291,15,15,0
parallel,1.2,1.2,7,28,62,62,9.80456128832868,7.338574859054,11.071150381286156,0.3806978621955684,17,17,0
parallel,1.2,1.2,7,29,63,63,9.81884592700607,8.357088598836501,12.256232060839176,0.3971081215643017,17,17,0
parallel,1.2,1.2,7,30,64,64,9.857223655955089,8.17751549073923,11.392484974101146,0.3261536509237712,16,16,0
parallel,1.2,1.2,7,31,65,65,9.85400179996103,8.407787979939263,11.902990747744044,0.35469881564448297,17,17,0
parallel,1.2,1.2,7,32,66,66,9.672614469727755,8.417931830906754,11.307199836963573,0.2987060029218904,16,16,0
parallel,1.2,1.2,7,33,67,67,9.71292477395616,8.016614032830871,11.924574529922374,0.40234641861637277,18,18,0
parallel,1.2,1.2,7,34,68,68,9.736715227294628,7.952826695046887,11.226048147968093,0.33617307033335925,21,21,0
parallel,1.2,1.2,7,35,69,69,9.769161394363646,8.796737663003194,10.834098604084398,0.2085502387397005,19,19,0
parallel,1.2,1.2,7,36,70,70,9.768187779956897,8.48387896709918,10.547717649843895,0.21128163475516454,20,20,0
parallel,1.2,1.2,7,37,71,71,9.752689196273586,8.692693680932763,10.539827541271428,0.18939738806035555,21,21,0
parallel,1.2,1.2,7,38,72,72,9.733591684039526,8.739291089800675,11.0422672285798,0.23660085747744958,20,20,0
parallel,1.2,1.2,7,39,73,73,9.786673952842968,8.788388811729163,10.866801822590581,0.21237174354394955,21,21,0
parallel,1.2,1.2,7,40,74,74,9.698754106765866,8.793117866295294,12.620458054655039,0.39462183969483117,23,23,0
crossing,0.8,0.8,7,1,35,35,-8.322097706858795,-29.69967242556769,5.669876392880378,4.2500761303604575,3,3,0
crossing,0.8,0.8,7,2,36,36,-9.412934466813372,-19.343887355397072,2.3435925984338706,2.3040083865762813,2,2,0
crossing,0.8,0.8,7,3,37,37,-8.41578489128091,-20.280966924497914,2.37460363401366,2.692032989339313,3,3,0
crossing,0.8,0.8,7,4,38,38,-8.071678701567837,-19.99111151583797,1.4498814025412614,2.656323883929442,4,4,0
crossing,0.8,0.8,7,5,39,39,-8.343126948109095,-21.414542011367995,-1.1319049135386732,2.431059388641596,4,4,0
crossing,0.8,0.8,7,6,40,40,-10.388776990698599,-16.901659842534105,0.32942403283724847,1.6586248690099796,6,6,0
crossing,0.8,0.8,7,7,41,41,-9.21994696485241,-19.364068568657736,-0.007997462130967192,2.099369028945018,4,4,0
crossing,0.8,0.8,7,8,42,42,-7.146979753691614,-16.9975859419243,-0.5780582248536152,2.2974078957743713,6,6,0
crossing,0.8,0.8,7,9,43,43,-9.260050991084654,-14.943678615066606,-4.360404596137652,1.1428958684048571,6,6,0
crossing,0.8,0.8,7,10,44,44,-8.350467980948522,-16.39806886747314,-3.965755746821032,1.4888163332900932,5,5,0
crossing,0.8,0.8,7,11,45,45,-8.552437747278642,-12.6541505266171,-3.530608646873424,1.066776765799524,8,8,0
crossing,0.8,0.8,7,12,46,46,-8.792599041004289,-15.193195728296288,-4.379438892011645,1.229870347306261,8,8,0
crossing,0.8,0.8,7,13,47,47,-8.547126950145199,-17.78735392906256,-4.2872620972349464,1.5794888634008502,6,6,0
crossing,0.8,0.8,7,14,48,48,-9.372538983608898,-12.11735828439525,-5.316988653373268,0.7255632270951087,7,7,0
crossing,0.8,0.8,7,15,49,49,-8.929062722528696,-12.107060299629127,-5.709308790072165,0.7165087432318012,10,10,0
crossing,0.8,0.8,7,16,50,50,-8.758844770405679,-13.713624513181253,-5.318389558905013,0.9584865555149464,9,9,0
crossing,0.8,0.8,7,17,51,51,-9.14678065091288,-11.604793576510048,-6.596760635262525,0.5475186442508276,10,10,0
crossing,0.8,0.8,7,18,52,52,-8.411697376705728,-13.747920357017733,-4.926783877357397,1.0486749682755416,9,9,0
crossing,0.8,0.8,7,19,53,53,-8.88974935964793,-10.358324412389948,-6.73903418012689,0.4071307396687275,12,12,0
crossing,0.8,0.8,7,20,54,54,-8.645585582834867,-10.353076849397208,-7.4932660423590045,0.3307827769024847,11,11,0
crossing,0.8,0.8,7,21,55,55,-8.768452807848847,-10.478210702347797,-7.346901809711773,0.3571107652918102,13,13,0
crossing,0.8,0.8,7,22,56,56,-8.727183332057905,-10.329176749411863,-7.715046130818177,0.29953886828423754,12,12,0
crossing,0.8,0.8,7,23,57,57,-8.741427399170993,-10.380047957468694,-7.988594669052079,0.27357697767339606,12,12,0
crossing,0.8,0.8,7,24,58,58,-8.79923860209956,-10.188507902928501,-7.670334446250319,0.2861808357006399,14,14,0
crossing,0.8,0.8,7,25,59,59,-8.816376353643523,-10.209380159442954,-7.912500753982031,0.26052420102412,15,15,0
crossing,0.8,0.8,7,26,60,60,-8.711472490935304,-10.637162960596825,-7.786389905561569,0.32724353523490085,16,16,0
crossing,0.8,0.8,7,27,61,61,-8.912916510022413,-10.317794847574657,-7.287366839840744,0.3400040833240445,16,16,0
crossing,0.8,0.8,7,28,62,62,-8.853156751664876,-9.756002161451937,-7.82956589034624,0.21759879838831744,18,18,0
crossing,0.8,0.8,7,29,63,63,-8.910151676880899,-9.855617656981753,-7.632296449789838,0.24952675193630539,15,15,0
crossing,0.8,0.8,7,30,64,64,-8.77737267861836,-10.24306941400398,-7.576821521892233,0.3037637787223863,16,16,0
crossing,0.8,0.8,7,31,65,65,-8.837958866850038,-9.825900692164447,-8.252685916393824,0.17800657362997402,19,19,0
crossing,0.8,0.8,7,32,66,66,-8.918864651715172,-10.011005304686792,-6.836872744229866,0.355889755524714,18,18,0
crossing,0.8,0.8,7,33,67,67,-8.851535848644804,-9.665585185488567,-8.096223936849363,0.17729818592775376,20,20,0
crossing,0.8,0.8,7,34,68,68,-8.947505839522037,-9.770134247736367,-7.815666402730139,0.21843716897877238,21,21,0
crossing,0.8,0.8,7,35,69,69,-8.870158507299232,-9.613759991042185,-8.11117224457292,0.1693980716616044,21,21,0
crossing,0.8,0.8,7,36,70,70,-8.888365133755848,-9.542251313980538,-7.532307549280435,0.22613199778065213,20,20,0
crossing,0.8,0.8,7,37,71,71,-8.880672570518149,-9.711908054054922,-8.081821991893923,0.18355434785114366,20,20,0
crossing,0.8,0.8,7,38,72,72,-8.87062644032397,-9.395113054186533,-7.938750784912944,0.1641780633048955,23,23,0
crossing,0.8,0.8,7,39,73,73,-8.88642002656112,-9.492945399402897,-7.633834250454745,0.20920811118440835,22,22,0
crossing,0.8,0.8,7,40,74,74,-8.828293750788905,-9.788164079762673,-8.185266560104274,0.18156368205522863,21,21,0
crossing,0.8,1.0,7,1,35,35,-8.613451638769202,-27.880977643488634,3.519465434425969,3.6455122051862463,5,5,0
crossing,0.8,1.0,7,2,36,36,-7.730191044040309,-24.87871703267259,3.183968436033878,3.6302706244681704,3,3,0
crossing,0.8,1.0,7,3,37,37,-5.755853080894996,-22.075461914468583,1.9383237869990229,4.172063700023008,4,4,0
crossing,0.8,1.0,7,4,38,38,-9.287034979781687,-17.209585314069358,-3.0618009386756406,1.5233908783798178,3,3,0
crossing,0.8,1.0,7,5,39,39,-9.019725858881692,-16.86552020331487,-0.5237698489377725,1.8117790507219722,3,3,0
crossing,0.8,1.0,7,6,40,40,-9.454489502299772,-17.77169607718294,-2.8365819244273287,1.5796848840038056,6,6,0
crossing,0.8,1.0,7,7,41,41,-8.5669340957127,-16.769681859144562,-6.1120894204963365,1.2440381027305663,6,6,0
crossing,0.8,1.0,7,8,42,42,-8.261065241276093,-17.527146090086497,-6.505817446159497,1.334129234188753,5,5,0
crossing,0.8,1.0,7,9,43,43,-9.413937796170545,-16.84283529964457,-5.302058436384014,1.2259244869830326,7,7,0
crossing,0.8,1.0,7,10,44,44,-8.298985410109024,-12.86838333111543,-5.941045832114203,0.834721011867669,7,7,0
crossing,0.8,1.0,7,11,45,45,-8.914340968936141,-12.88740448513043,-6.08458622062418,0.7631319340613145,6,6,0
crossing,0.8,1.0,7,12,46,46,-8.574600572249459,-12.443134219964026,-5.9641880828823295,0.7555974278323744,8,8,0
crossing,0.8,1.0,7,13,47,47,-8.752082906075259,-14.15136337363186,-6.470969696597161,0.8775503796591498,8,8,0
crossing,0.8,1.0,7,14,48,48,-8.280536778806432,-14.760619374262781,-6.505759904852072,0.9968990767046114,8,8,0
crossing,0.8,1.0,7,15,49,49,-8.720023962731037,-13.701547672701453,-6.10119889914157,0.8715972348291023,9,9,0
crossing,0.8,1.0,7,16,50,50,-9.053022949055983,-12.314475849771094,-6.486244485307251,0.6437884226363958,9,9,0
crossing,0.8,1.0,7,17,51,51,-9.049501209973073,-10.816422417264286,-5.519353518283363,0.5853437417239359,7,7,0
crossing,0.8,1.0,7,18,52,52,-9.139844595684135,-11.412139685029901,-5.933814083485347,0.5993893598728623,8,8,0
crossing,0.8,1.0,7,19,53,53,-8.865904136833311,-11.29071805352151,-5.667273915916988,0.6342775706588095,10,10,0
crossing,0.8,1.0,7,20,54,54,-9.19808285276111,-11.375395673417083,-5.815157095135406,0.6044997275288282,8,8,0
crossing,0.8,1.0,7,21,55,55,-8.984444543226795,-10.820924354451998,-7.9274762110141355,0.3220508657509806,11,11,0
crossing,0.8,1.0,7,22,56,56,-9.002765559543864,-10.786914344698591,-6.346761025012979,0.4931988165546074,11,11,0
crossing,0.8,1.0,7,23,57,57,-8.899575628844826,-11.097673005918963,-7.556882565600348,0.39786059335710305,11,11,0
crossing,0.8,1.0,7,24,58,58,-9.092853515434262,-9.911720591427459,-7.94483559370946,0.2163110836855996,13,13,0
crossing,0.8,1.0,7,25,59,59,-9.03181466214897,-9.964531988168615,-7.693673978831718,0.25142876534587605,11,11,0
crossing,0.8,1.0,7,26,60,60,-9.012211654293871,-11.283383019314673,-7.310098219734914,0.4408778834756601,11,11,0
crossing,0.8,1.0,7,27,61,61,-8.942544900868665,-9.920897163771542,-7.609418445434187,0.25848108608465825,11,11,0
crossing,0.8,1.0,7,28,62,62,-8.97498540162366,-9.908542277789941,-7.745571388264458,0.24099993400927214,13,13,0
crossing,0.8,1.0,7,29,63,63,-9.010532947146569,-10.217227199785578,-7.67771628403223,0.2818380367342814,13,13,0
crossing,0.8,1.0,7,30,64,64,-8.992010150340572,-9.811269900505717,-8.28855270897311,0.16934113352562594,15,15,0
crossing,0.8,1.0,7,31,65,65,-9.00634245325039,-9.789458265970138,-7.626057128827236,0.2402086250187089,16,16,0
crossing,0.8,1.0,7,32,66,66,-8.969258578937065,-9.719643806200994,-7.7977096047074745,0.2142801642497952,16,16,0
crossing,0.8,1.0,7,33,67,67,-8.968611814906364,-9.861018571672512,-8.165110070035311,0.18909375683073942,15,15,0
crossing,0.8,1.0,7,34,68,68,-9.074028270740126,-9.829986632423264,-8.213735377420802,0.1781183843358945,16,16,0
crossing,0.8,1.0,7,35,69,69,-9.05503436526828,-9.466190727823419,-8.02334577539106,0.15934174230929157,17,17,0
crossing,0.8,1.0,7,36,70,70,-8.953434563298526,-11.411643147973969,-8.023784151057184,0.37838652563610936,17,17,0
crossing,0.8,1.0,7,37,71,71,-8.936917471965021,-9.947622556834645,-8.431455577659126,0.16965211818635598,15,15,0
crossing,0.8,1.0,7,38,72,72,-8.964868941020299,-9.654030840690575,-8.198757176667238,0.16233072380617666,14,14,0
crossing,0.8,1.0,7,39,73,73,-8.9551355356425,-9.586182699149022,-8.344230649488741,0.13868601370880035,16,16,0
crossing,0.8,1.0,7,40,74,74,-8.927067912931197,-9.410586360333449,-8.725161065715358,0.07678056236418071,14,14,0
crossing,0.8,1.2,7,1,35,35,-8.554666723560475,-17.350375763852778,3.453656692850456,2.431892805292658,5,5,0
crossing,0.8,1.2,7,2,36,36,-8.160929893484994,-20.462415655448865,2.819673095797275,2.8528720446223437,3,3,0
crossing,0.8,1.2,7,3,37,37,-5.391823840775126,-30.76987823384802,3.7788915377868983,6.40762213156211,3,3,0
crossing,0.8,1.2,7,4,38,38,-9.712912354490886,-14.207706985852205,0.49010075223183325,1.513223552489725,4,4,0
crossing,0.8,1.2,7,5,39,39,-7.616955048486545,-17.60412700789739,-2.0874391044161924,2.0371247834217288,6,6,0
crossing,0.8,1.2,7,6,40,40,-7.823406805932574,-23.218532169361115,2.5845594741257694,3.298191220724981,5,5,0
crossing,0.8,1.2,7,7,41,41,-7.948982252200285,-12.331360892098676,-0.3503077721379739,1.5072436621234544,7,7,0
crossing,0.8,1.2,7,8,42,42,-7.231310215363585,-15.568195330669763,-2.055010889516315,1.868704845830489,7,7,0
crossing,0.8,1.2,7,9,43,43,-7.420125287059783,-13.233226082310285,-0.23851952476913763,1.7512785909697606,7,7,0
crossing,0.8,1.2,7,10,44,44,-8.562532781516158,-11.959649294476964,-2.4750809960465476,1.1076825678150568,8,8,0
crossing,0.8,1.2,7,11,45,45,-7.478153627453043,-12.917689911244205,-2.459186902820228,1.3985408069218819,8,8,0
crossing,0.8,1.2,7,12,46,46,-7.514019990828053,-10.198782359263637,-1.741482593210827,1.1255359682801171,9,9,0
crossing,0.8,1.2,7,13,47,47,-7.407342156622061,-11.266290314361045,-3.424935042071214,1.058592286746167,8,8,0
crossing,0.8,1.2,7,14,48,48,-7.828298585506072,-10.50734525783436,-3.5797540224962394,0.8849421313801709,9,9,0
crossing,0.8,1.2,7,15,49,49,-7.5405861968221295,-10.310079599366683,-2.57143420455171,1.0262657561127426,10,10,0
crossing,0.8,1.2,7,16,50,50,-6.849619235387509,-11.190703750844733,-4.079403565901579,1.0382037220702298,9,9,0
crossing,0.8,1.2,7,17,51,51,-7.770122304306163,-9.920235816595284,-3.69357087969982,0.801359964880434,10,10,0
crossing,0.8,1.2,7,18,52,52,-7.430214337002426,-9.865814956459786,-3.2676632168898045,0.8880163398128669,12,12,0
crossing,0.8,1.2,7,19,53,53,-7.621510767311332,-9.411290375967571,-3.0532943598508306,0.8342172845029875,9,9,0
crossing,0.8,1.2,7,20,54,54,-7.143779709745587,-8.919988793230761,-4.984933308594207,0.5508366221411234,11,11,0
crossing,0.8,1.2,7,21,55,55,-7.361640038366648,-9.743362500438927,-3.640819574642326,0.8289651346699903,10,10,0
crossing,0.8,1.2,7,22,56,56,-7.105334458060827,-10.041682167576182,-4.757092917674722,0.7437495421353775,12,12,0
crossing,0.8,1.2,7,23,57,57,-6.899721512491873,-8.177805771158038,-5.016357390171682,0.4581994179420991,15,15,0
crossing,0.8,1.2,7,24,58,58,-7.143635536710755,-8.648439937220582,-5.02545414611018,0.5071627426248266,14,14,0
crossing,0.8,1.2,7,25,59,59,-7.168705199957251,-8.385654577787465,-5.707914908375203,0.3735318435787023,13,13,0
crossing,0.8,1.2,7,26,60,60,-7.3428322950565335,-8.689267856106738,-5.369887650567697,0.4520571997502614,16,16,0
crossing,0.8,1.2,7,27,61,61,-7.280840626869992,-8.265885676875252,-5.913304508003518,0.32311944312989316,16,16,0
crossing,0.8,1.2,7,28,62,62,-7.21042928627314,-8.159494128010383,-5.948042391346691,0.30670181328506263,15,15,0
crossing,0.8,1.2,7,29,63,63,-7.30201305622635,-8.470848333569204,-5.513245428214471,0.4050393888070107,16,16,0
crossing,0.8,1.2,7,30,64,64,-7.403430574716044,-8.337619218384479,-6.025629881162167,0.3122862183807251,16,16,0
crossing,0.8,1.2,7,31,65,65,-7.237995004606813,-8.781356056599641,-6.186318541167604,0.3585298848341781,15,15,0
crossing,0.8,1.2,7,32,66,66,-7.269573834806996,-8.176432045652977,-6.335263747482804,0.2532704584902335,20,20,0
crossing,0.8,1.2,7,33,67,67,-7.243562448800716,-8.272268328528847,-6.163562401454999,0.2911144815798444,20,20,0
crossing,0.8,1.2,7,34,68,68,-7.255009996421524,-8.082435681018232,-6.478957804513679,0.22101663227141738,18,18,0
crossing,0.8,1.2,7,35,69,69,-7.190766336111102,-8.040519925588702,-6.296039021667285,0.24260013778515635,18,18,0
crossing,0.8,1.2,7,36,70,70,-7.18146843983434,-8.26549605780629,-6.157097463849271,0.2935887850264861,17,17,0
crossing,0.8,1.2,7,37,71,71,-7.1722188432486575,-8.030159993293411,-5.875473488783388,0.3004211878640972,22,22,0
crossing,0.8,1.2,7,38,72,72,-7.188236161946219,-7.876919386708558,-6.412214974020739,0.20376409173112767,20,20,0
crossing,0.8,1.2,7,39,73,73,-7.223704931326883,-7.887643808770368,-5.51871035684762,0.3279388450169726,21,21,0
crossing,0.8,1.2,7,40,74,74,-7.210525659270169,-8.1874787961359,-6.434361270527161,0.24313310963048237,21,21,0
crossing,1.2,0.8,7,1,35,35,7.268727427365889,-8.657385349284262,27.930294520494034,5.033574340954107,5,5,0
crossing,1.2,0.8,7,2,36,36,7.653590132766794,-3.455568674711493,16.205207751283332,2.568830586030794,3,3,0
crossing,1.2,0.8,7,3,37,37,7.209681791586152,-5.429657274836506,22.27813514639985,3.8431366629206747,5,5,0
crossing,1.2,0.8,7,4,38,38,10.235127064515114,-1.626914851455102,18.25999806848429,1.9430059631488834,6,6,0
crossing,1.2,0.8,7,5,39,39,4.616026309699557,-8.182434108011355,20.732906919001874,6.264119631695781,3,3,0
crossing,1.2,0.8,7,6,40,40,6.941567837291827,-1.3452942684219176,16.034858055732112,2.503779078666282,5,5,0
crossing,1.2,0.8,7,7,41,41,5.546236259956103,-3.2574294208440464,11.341878194646792,2.632290968363181,8,8,0
crossing,1.2,0.8,7,8,42,42,6.685629455457164,-1.6218627881234773,12.761933185027825,2.1514497728273723,7,7,0
crossing,1.2,0.8,7,9,43,43,5.9975407885425,-1.1845274999816586,11.35318308247927,2.0904752505247735,5,5,0
crossing,1.2,0.8,7,10,44,44,5.184718527169039,0.4865916559357199,11.881323808867222,2.1977532807655145,6,6,0
crossing,1.2,0.8,7,11,45,45,5.912008200200623,1.8163377873762598,9.458868629082895,1.2927131666439986,8,8,0
crossing,1.2,0.8,7,12,46,46,5.9019468307348415,2.8916181760674564,12.083336816738676,1.5574045148635765,8,8,0
crossing,1.2,0.8,7,13,47,47,6.519536326953302,3.954497691673123,9.85198732816889,0.9045872805576913,7,7,0
crossing,1.2,0.8,7,14,48,48,6.504450680235749,3.717518220938413,9.759593521784794,0.9289140002561125,7,7,0
crossing,1.2,0.8,7,15,49,49,6.3169797930475475,3.449359913088385,8.878709304354249,0.859485002190666,11,11,0
crossing,1.2,0.8,7,16,50,50,6.381246050362315,4.385159282393591,8.86148158976177,0.701480913294986,9,9,0
crossing,1.2,0.8,7,17,51,51,6.243468229748496,4.403007329407267,8.68266700992754,0.6854619136410132,12,12,0
crossing,1.2,0.8,7,18,52,52,6.324446919288741,4.983347097695262,8.220411581049227,0.5118336076916606,11,11,0
crossing,1.2,0.8,7,19,53,53,6.397075547532688,4.195653915450526,9.20196695783242,0.7825940158410037,12,12,0
crossing,1.2,0.8,7,20,54,54,6.62623446680461,4.35601145993316,8.100788912379718,0.5651441208738897,9,9,0
crossing,1.2,0.8,7,21,55,55,6.852949883522806,2.90540311818062,9.36792477147426,0.9430277126106075,12,12,0
crossing,1.2,0.8,7,22,56,56,6.61941438140669,5.244643893421574,7.980302397697263,0.4132780253129182,14,14,0
crossing,1.2,0.8,7,23,57,57,6.73488413023054,5.077335168106385,8.401744602371434,0.49361048682974906,13,13,0
crossing,1.2,0.8,7,24,58,58,6.632963530717747,5.388585537184167,8.775259489661735,0.5105823267071542,12,12,0
crossing,1.2,0.8,7,25,59,59,6.685162909501058,5.593048717726516,7.78041657742038,0.3271973905953948,13,13,0
crossing,1.2,0.8,7,26,60,60,6.567325436638924,5.362150834782468,7.813457929066679,0.373258051231699,14,14,0
crossing,1.2,0.8,7,27,61,61,6.58722123491292,3.724574586143932,8.18640217067709,0.677345943823024,13,13,0
crossing,1.2,0.8,7,28,62,62,6.5943825649756445,5.108178659045888,7.326289318971509,0.3363636607476402,15,15,0
crossing,1.2,0.8,7,29,63,63,6.4844260513929335,4.386774667496684,7.950636999334485,0.5496033578904397,16,16,0
crossing,1.2,0.8,7,30,64,64,6.626568173157866,5.446680005600911,8.1488436050768,0.40777722779967784,15,15,0
crossing,1.2,0.8,7,31,65,65,6.587393627463468,5.668832499296097,7.432174087808557,0.26768426000245704,16,16,0
crossing,1.2,0.8,7,32,66,66,6.539238390401814,5.044839725864692,7.687102512109248,0.40406277130419727,17,17,0
crossing,1.2,0.8,7,33,67,67,6.519384025317773,5.531097426777305,7.301624531714275,0.27157889427301674,17,17,0
crossing,1.2,0.8,7,34,68,68,6.512854365065153,5.697235878942225,7.404232948002631,0.26209661284869373,16,16,0
crossing,1.2,0.8,7,35,69,69,6.455224071428676,5.579869353801241,7.361959618964981,0.27606946644213487,18,18,0
crossing,1.2,0.8,7,36,70,70,6.44281854314314,5.645171131809343,7.651628166388369,0.3114253522962285,17,17,0
crossing,1.2,0.8,7,37,71,71,6.454621898936276,5.945795989046214,7.34480991757639,0.21674606978307026,19,19,0
crossing,1.2,0.8,7,38,72,72,6.460193137048167,5.6215952901928725,7.1121338943990455,0.23072663194203502,20,20,0
crossing,1.2,0.8,7,39,73,73,6.447829713264033,5.9654574619349825,6.948019085849176,0.15238641025102373,18,18,0
crossing,1.2,0.8,7,40,74,74,6.491679056198439,5.748321537736002,7.319101866940876,0.24196826670059243,16,16,0
crossing,1.2,1.0,7,1,35,35,8.281295403014887,-10.226936665650104,25.297801160829135,4.289756142927362,6,6,0
crossing,1.2,1.0,7,2,36,36,6.998823183752169,-3.559171098059911,19.802032364200947,3.3378759326988146,3,3,0
crossing,1.2,1.0,7,3,37,37,7.19513276379792,-0.024458318251265848,19.891040439816077,2.7679126170223762,2,2,0
crossing,1.2,1.0,7,4,38,38,4.350759175093911,-4.096650142615327,25.752441811311407,6.860662875757182,4,4,0
crossing,1.2,1.0,7,5,39,39,10.852881404735527,-0.4417895265190326,17.130156441874412,1.6191042095720434,4,4,0
crossing,1.2,1.0,7,6,40,40,7.1168450435136155,-3.4798186213360616,20.494338042881004,3.368649523438398,4,4,0
crossing,1.2,1.0,7,7,41,41,11.517626905168779,1.5853085758597327,21.096597686997104,1.6940372588715535,6,6,0
crossing,1.2,1.0,7,8,42,42,8.403100401682241,2.8836465604145314,14.266514877262999,1.3546033931201986,6,6,0
crossing,1.2,1.0,7,9,43,43,8.651409170873798,3.8921390450338476,17.26177457813234,1.5453708487293927,6,6,0
crossing,1.2,1.0,7,10,44,44,8.379361252000546,3.9051023261549793,17.546918864023507,1.6280258276979747,7,7,0
crossing,1.2,1.0,7,11,45,45,8.907648864945266,3.7203902151148434,13.239151184341809,1.068605320387812,9,9,0
crossing,1.2,1.0,7,12,46,46,8.948137303178191,0.7460893390133008,13.870509145745853,1.4667208785532417,7,7,0
crossing,1.2,1.0,7,13,47,47,7.703585509608072,4.277026206941272,12.986991510573024,1.1306378429587758,7,7,0
crossing,1.2,1.0,7,14,48,48,8.231145511965037,5.926871513295877,12.632631326336568,0.8146812376592055,8,8,0
crossing,1.2,1.0,7,15,49,49,7.642349772114856,6.5453560178546,11.202551593614592,0.6093931466933125,9,9,0
crossing,1.2,1.0,7,16,50,50,8.358484227747068,4.499686878525667,13.233804179194262,1.0449403339991437,9,9,0
crossing,1.2,1.0,7,17,51,51,8.038326015658283,5.002608122105484,10.06595778653312,0.6299010085637815,10,10,0
crossing,1.2,1.0,7,18,52,52,8.118908447083825,5.8891969330848735,10.894586008193087,0.6165101020329975,11,11,0
crossing,1.2,1.0,7,19,53,53,8.07419068691932,6.001114191753785,9.92194695980391,0.4856007146824155,13,13,0
crossing,1.2,1.0,7,20,54,54,8.054408526709953,5.517543965771448,10.776456347255706,0.6529234721636857,12,12,0
crossing,1.2,1.0,7,21,55,55,8.083176661284192,5.599412058013593,12.46891633681803,0.8498520528082908,14,14,0
crossing,1.2,1.0,7,22,56,56,8.162942758828354,5.319429342548527,10.830480085500229,0.6751303917930102,13,13,0
crossing,1.2,1.0,7,23,57,57,8.220724094582428,6.391099068715479,10.266909986791578,0.4714683127037815,13,13,0
crossing,1.2,1.0,7,24,58,58,8.189528294032913,6.660025151179598,10.087355584678164,0.4185015681545177,12,12,0
crossing,1.2,1.0,7,25,59,59,8.062670609025112,7.270219027208221,9.639322518544086,0.29383607568985404,15,15,0
crossing,1.2,1.0,7,26,60,60,8.141886865702089,6.203093826690757,9.673890904650307,0.4262890328997782,14,14,0
crossing,1.2,1.0,7,27,61,61,8.205392048476265,6.8963196717405,10.06764472965035,0.3864928134053952,15,15,0
crossing,1.2,1.0,7,28,62,62,8.140193339716859,7.403355313171398,10.146702883377479,0.33701258136228784,16,16,0
crossing,1.2,1.0,7,29,63,63,8.17416673521836,7.52609590165596,9.507704492115035,0.24242331416134727,16,16,0
crossing,1.2,1.0,7,30,64,64,8.13737819287513,7.452257141386962,9.446748478316959,0.24510245064882447,17,17,0
crossing,1.2,1.0,7,31,65,65,8.26840160617529,6.726227200802953,9.523337067144238,0.3382890671701593,18,18,0
crossing,1.2,1.0,7,32,66,66,8.153394965050005,7.045719964223031,9.664368510292446,0.3211727822942961,18,18,0
crossing,1.2,1.0,7,33,67,67,8.178472248342361,7.043926198152934,9.620895427495608,0.31509176177310894,17,17,0
crossing,1.2,1.0,7,34,68,68,8.145955908294098,7.611748917655922,9.347253278943615,0.21305103794149272,20,20,0
crossing,1.2,1.0,7,35,69,69,8.19374272578872,7.346391780721151,9.246175268339917,0.23185783971950305,18,18,0
crossing,1.2,1.0,7,36,70,70,8.15536075593253,7.7283616837062015,9.416918999267514,0.20704875800043418,21,21,0
crossing,1.2,1.0,7,37,71,71,8.162541918814181,7.031831780289277,9.203151897540431,0.266010286850275,20,20,0
crossing,1.2,1.0,7,38,72,72,8.219091165191905,7.471641715937062,9.17008548063675,0.20664617663479,19,19,0
crossing,1.2,1.0,7,39,73,73,8.221655298231584,7.719979604271257,9.134327921879835,0.17202719723761634,21,21,0
crossing,1.2,1.0,7,40,74,74,8.230715658176287,7.649237458138918,9.244753305870818,0.19384898154596492,20,20,0
crossing,1.2,1.2,7,1,35,35,7.864892835944975,-6.222986836738521,27.8707691433361,4.334929501423806,4,4,0
crossing,1.2,1.2,7,2,36,36,6.408794397929557,-3.384871042723468,20.776430934461263,3.770022952365323,5,5,0
crossing,1.2,1.2,7,3,37,37,10.173502303176676,3.551145891896855,26.13210277566504,2.21958537098058,3,3,0
crossing,1.2,1.2,7,4,38,38,7.700454624130574,3.2367016544164273,21.86245653766991,2.4187863954014843,4,4,0
crossing,1.2,1.2,7,5,39,39,8.44253843249981,2.3841525301057187,24.43274481618009,2.611606978441181,4,4,0
crossing,1.2,1.2,7,6,40,40,8.060787500399027,3.586337665766735,17.791803754975458,1.7622925909541123,6,6,0
crossing,1.2,1.2,7,7,41,41,9.284613667655098,-2.3840342597084723,21.94405744311906,2.6202589115344184,6,6,0
crossing,1.2,1.2,7,8,42,42,7.504510209907811,1.3918594573050045,27.193240453870178,3.4381165825453825,6,6,0
crossing,1.2,1.2,7,9,43,43,10.200722353780453,5.048539337678911,19.033058726995087,1.3709342244898397,8,8,0
crossing,1.2,1.2,7,10,44,44,10.097997342212551,5.805038211230084,17.449944259320205,1.1531896527057939,8,8,0
crossing,1.2,1.2,7,11,45,45,9.937985813191025,3.551191794500696,18.329294996115028,1.4870320283612053,7,7,0
crossing,1.2,1.2,7,12,46,46,10.023963643682887,4.974133062423581,16.25732341118417,1.1256216352970583,8,8,0
crossing,1.2,1.2,7,13,47,47,9.115091712611918,6.381343891279256,19.67554430188594,1.4584823531959008,9,9,0
crossing,1.2,1.2,7,14,48,48,10.41150874539689,6.188876692950603,14.129791474854537,0.7627054806456125,11,11,0
crossing,1.2,1.2,7,15,49,49,9.99073847763362,6.170799026153069,14.437592323620834,0.8274456704051185,10,10,0
crossing,1.2,1.2,7,16,50,50,9.774094977614926,7.0448019554531305,14.271555063648949,0.7393782365269475,10,10,0
crossing,1.2,1.2,7,17,51,51,10.128292220042269,6.7330838077601936,13.594120076605623,0.6774129458141559,14,14,0
crossing,1.2,1.2,7,18,52,52,10.27713268675215,7.666287189503016,12.927210904990575,0.5119057888849884,12,12,0
crossing,1.2,1.2,7,19,53,53,10.178740265023132,8.085092304316337,12.53920258010099,0.4375895405338287,10,10,0
crossing,1.2,1.2,7,20,54,54,10.424842801920121,8.189687841180415,15.296851727730196,0.6817526193527573,13,13,0
crossing,1.2,1.2,7,21,55,55,10.2431379822285,7.835082889593153,14.260268257143233,0.6272672865187954,12,12,0
crossing,1.2,1.2,7,22,56,56,10.061958954185265,7.1181598083631785,13.427592384795012,0.6270580714113756,14,14,0
crossing,1.2,1.2,7,23,57,57,10.226794382639248,8.19082203031344,13.454216340555924,0.5146670709618931,16,16,0
crossing,1.2,1.2,7,24,58,58,10.40010369099494,8.196196852373905,11.841997150697644,0.3505542258660845,17,17,0
crossing,1.2,1.2,7,25,59,59,10.110099844239237,8.134496567709608,12.588410097286781,0.44054100337248653,15,15,0
crossing,1.2,1.2,7,26,60,60,10.327113217808357,7.681594789776571,16.206003258003154,0.8254396256184021,17,17,0
crossing,1.2,1.2,7,27,61,61,10.309917820414537,8.157199261889566,11.974141449886572,0.37022042798819665,17,17,0
crossing,1.2,1.2,7,28,62,62,10.307742982293457,7.989232891856509,13.019990664461101,0.48805619050129406,18,18,0
crossing,1.2,1.2,7,29,63,63,10.324387903457227,8.050173417947528,11.827113710147177,0.3658270424859668,17,17,0
crossing,1.2,1.2,7,30,64,64,10.207177150150013,7.966451200651468,12.2393118421763,0.41861335202378,18,18,0
crossing,1.2,1.2,7,31,65,65,10.341451144681955,8.42585975481273,11.674417283223534,0.3141297563525559,18,18,0
crossing,1.2,1.2,7,32,66,66,10.255794811748554,8.429406256705793,12.903141591150321,0.43621537058440646,19,19,0
crossing,1.2,1.2,7,33,67,67,10.15261691429334,8.374777604619657,12.417604431625234,0.39820539483902834,20,20,0
crossing,1.2,1.2,7,34,68,68,10.068782278447154,8.51697814475222,12.412718871320394,0.38691279827425057,19,19,0
crossing,1.2,1.2,7,35,69,69,10.18649445638719,7.840249282397413,11.712242510130135,0.3801104731672321,20,20,0
crossing,1.2,1.2,7,36,70,70,10.15199130461053,8.670657712980457,11.308615177494753,0.2598463085085846,22,22,0
crossing,1.2,1.2,7,37,71,71,10.140892970852132,8.387014224489485,11.45264510456825,0.3023038394045057,25,25,0
crossing,1.2,1.2,7,38,72,72,10.074578950201685,8.916355666241685,11.93695088916439,0.29982347032599654,25,25,0
crossing,1.2,1.2,7,39,73,73,10.13693100470676,8.894478077579699,11.32385045645879,0.2396556095480071,25,25,0
crossing,1.2,1.2,7,40,74,74,10.116533996517006,8.846230377785478,12.122214027157952,0.32382470621858767,25,25,0
