cell,geometry,fleet,seed,sample_kind,n_plans,j_ref,j_tied_top,j_tiers,threat_weight,options_total,cross_total,cross_low,cross_high,attacker_id,launcher_id,launch_side,launch_angle,setting_index,launch_at_mf,salvo,torpedo_heading,launch_hex,e_hits_direct,direct_aspect,direct_distance,direct_contact,tau0_hex,tau0_heading,tau0_cost,tau0_plan,tau0_j,c_route_changed,c_plan_changed,c_hex,c_heading,c_cost,c_plan,c_j,c_denial,c_heading_change,c_speed_loss,c_deviation,c_contact,c_p_hit,d_route_changed,d_hex,d_heading,d_cost,d_j,d_denial,d_heading_change,d_speed_loss,d_deviation,d_contact,c1_route_changed,c1_hex,c1_denial,c1_denial_norm,v_direct_vp,v_direct_norm,v_denial_norm,v_denial_d_norm,ca_vp
chase:1v1,chase,1v1,21467821,low,580,5.333333333333333,32,4,0.3425925925925926,96,9,9,0,IBS-U-IJN-FUBUKI,TT1,port,B,0,2,2,6,V18,0.08333333333333333,broadside,9,t3.i3@U10,R11,1,4,1S1S2P,5.333333333333333,True,True,R11,3,4,1S1S2S,5.333333333333333,0.0,2,0,0,,0.0,True,R11,3,4,5.333333333333333,0.0,2,0,0,,True,R11,0.0,0.0,0.8333333333333333,0.028549382716049385,0.0,0.0,10
chase:1v1,chase,1v1,22280038,low,580,5.333333333333333,32,4,0.3425925925925926,96,9,9,0,IBS-U-IJN-FUBUKI,TT1,port,B,1,3,2,6,W18,0.08333333333333333,broadside,9,t3.i5@V9,R11,1,4,1S1S2P,5.333333333333333,True,True,R11,3,4,1S1S2S,5.333333333333333,0.0,2,0,0,,0.0,True,R11,3,4,5.333333333333333,0.0,2,0,0,,True,R11,0.0,0.0,0.8333333333333333,0.028549382716049385,0.0,0.0,10
chase:1v1,chase,1v1,23092255,low,580,5.333333333333333,32,4,0.3425925925925926,96,9,9,0,IBS-U-IJN-FUBUKI,TT1,port,B,0,1,2,6,U19,0.08333333333333333,broadside,9,t3.i2@T10,R11,1,4,1S1S2P,5.333333333333333,True,True,R11,3,4,1S1S2S,5.333333333333333,0.0,2,0,0,,0.0,True,R11,3,4,5.333333333333333,0.0,2,0,0,,True,R11,0.0,0.0,0.8333333333333333,0.028549382716049385,0.0,0.0,10
chase:1v1,chase,1v1,23904472,low,580,5.333333333333333,32,4,0.3425925925925926,96,9,9,0,IBS-U-IJN-FUBUKI,TT1,port,A,2,2,2,6,V18,0.08333333333333333,broadside,9,t3.i5@V9,R11,1,4,1S1S2P,5.333333333333333,True,True,R11,3,4,1S1S2S,5.333333333333333,0.0,2,0,0,,0.0,True,R11,3,4,5.333333333333333,0.0,2,0,0,,True,R11,0.0,0.0,0.8333333333333333,0.028549382716049385,0.0,0.0,10
chase:1v1,chase,1v1,24716689,low,580,5.333333333333333,32,4,0.3425925925925926,96,9,9,0,IBS-U-IJN-FUBUKI,TT1,port,A,1,1,2,6,U19,0.08333333333333333,broadside,9,t3.i3@U10,R11,1,4,1S1S2P,5.333333333333333,True,True,R11,3,4,1S1S2S,5.333333333333333,0.0,2,0,0,,0.0,True,R11,3,4,5.333333333333333,0.0,2,0,0,,True,R11,0.0,0.0,0.8333333333333333,0.028549382716049385,0.0,0.0,10
chase:1v1,chase,1v1,25528906,low,580,5.333333333333333,32,4,0.3425925925925926,96,9,9,0,IBS-U-IJN-FUBUKI,TT1,port,B,1,3,2,6,W18,0.08333333333333333,broadside,9,t3.i5@V9,R11,1,4,1S1S2P,5.333333333333333,True,True,R11,3,4,1S1S2S,5.333333333333333,0.0,2,0,0,,0.0,True,R11,3,4,5.333333333333333,0.0,2,0,0,,True,R11,0.0,0.0,0.8333333333333333,0.028549382716049385,0.0,0.0,10
chase:1v1,chase,1v1,26341123,low,580,5.333333333333333,32,4,0.3425925925925926,96,9,9,0,IBS-U-IJN-FUBUKI,TT1,port,B,0,2,2,6,V18,0.08333333333333333,broadside,9,t3.i3@U10,R11,1,4,1S1S2P,5.333333333333333,True,True,R11,3,4,1S1S2S,5.333333333333333,0.0,2,0,0,,0.0,True,R11,3,4,5.333333333333333,0.0,2,0,0,,True,R11,0.0,0.0,0.8333333333333333,0.028549382716049385,0.0,0.0,10
chase:1v1,chase,1v1,27153340,low,580,5.333333333333333,32,4,0.3425925925925926,96,9,9,0,IBS-U-IJN-FUBUKI,TT1,port,B,0,1,2,6,U19,0.08333333333333333,broadside,9,t3.i2@T10,R11,1,4,1S1S2P,5.333333333333333,True,True,R11,3,4,1S1S2S,5.333333333333333,0.0,2,0,0,,0.0,True,R11,3,4,5.333333333333333,0.0,2,0,0,,True,R11,0.0,0.0,0.8333333333333333,0.028549382716049385,0.0,0.0,10
chase:1v1,chase,1v1,27965557,low,580,5.333333333333333,32,4,0.3425925925925926,96,9,9,0,IBS-U-IJN-FUBUKI,TT1,port,B,0,1,2,6,U19,0.08333333333333333,broadside,9,t3.i2@T10,R11,1,4,1S1S2P,5.333333333333333,True,True,R11,3,4,1S1S2S,5.333333333333333,0.0,2,0,0,,0.0,True,R11,3,4,5.333333333333333,0.0,2,0,0,,True,R11,0.0,0.0,0.8333333333333333,0.028549382716049385,0.0,0.0,10
chase:1v1,chase,1v1,28777774,low,580,5.333333333333333,32,4,0.3425925925925926,96,9,9,0,IBS-U-IJN-FUBUKI,TT1,port,B,1,3,2,6,W18,0.08333333333333333,broadside,9,t3.i5@V9,R11,1,4,1S1S2P,5.333333333333333,True,True,R11,3,4,1S1S2S,5.333333333333333,0.0,2,0,0,,0.0,True,R11,3,4,5.333333333333333,0.0,2,0,0,,True,R11,0.0,0.0,0.8333333333333333,0.028549382716049385,0.0,0.0,10
chase:1v1,chase,1v1,29589991,low,580,5.333333333333333,32,4,0.3425925925925926,96,9,9,0,IBS-U-IJN-FUBUKI,TT1,port,A,2,2,2,6,V18,0.08333333333333333,broadside,9,t3.i5@V9,R11,1,4,1S1S2P,5.333333333333333,True,True,R11,3,4,1S1S2S,5.333333333333333,0.0,2,0,0,,0.0,True,R11,3,4,5.333333333333333,0.0,2,0,0,,True,R11,0.0,0.0,0.8333333333333333,0.028549382716049385,0.0,0.0,10
chase:1v1,chase,1v1,30402208,low,580,5.333333333333333,32,4,0.3425925925925926,96,9,9,0,IBS-U-IJN-FUBUKI,TT1,port,A,2,2,2,6,V18,0.08333333333333333,broadside,9,t3.i5@V9,R11,1,4,1S1S2P,5.333333333333333,True,True,R11,3,4,1S1S2S,5.333333333333333,0.0,2,0,0,,0.0,True,R11,3,4,5.333333333333333,0.0,2,0,0,,True,R11,0.0,0.0,0.8333333333333333,0.028549382716049385,0.0,0.0,10
chase:1v1,chase,1v1,31214425,low,580,5.333333333333333,32,4,0.3425925925925926,96,9,9,0,IBS-U-IJN-FUBUKI,TT1,port,B,1,3,2,6,W18,0.08333333333333333,broadside,9,t3.i5@V9,R11,1,4,1S1S2P,5.333333333333333,True,True,R11,3,4,1S1S2S,5.333333333333333,0.0,2,0,0,,0.0,True,R11,3,4,5.333333333333333,0.0,2,0,0,,True,R11,0.0,0.0,0.8333333333333333,0.028549382716049385,0.0,0.0,10
chase:1v1,chase,1v1,32026642,low,580,5.333333333333333,32,4,0.3425925925925926,96,9,9,0,IBS-U-IJN-FUBUKI,TT1,port,B,0,2,2,6,V18,0.08333333333333333,broadside,9,t3.i3@U10,R11,1,4,1S1S2P,5.333333333333333,True,True,R11,3,4,1S1S2S,5.333333333333333,0.0,2,0,0,,0.0,True,R11,3,4,5.333333333333333,0.0,2,0,0,,True,R11,0.0,0.0,0.8333333333333333,0.028549382716049385,0.0,0.0,10
chase:1v1,chase,1v1,32838859,low,580,5.333333333333333,32,4,0.3425925925925926,96,9,9,0,IBS-U-IJN-FUBUKI,TT1,port,A,1,1,2,6,U19,0.08333333333333333,broadside,9,t3.i3@U10,R11,1,4,1S1S2P,5.333333333333333,True,True,R11,3,4,1S1S2S,5.333333333333333,0.0,2,0,0,,0.0,True,R11,3,4,5.333333333333333,0.0,2,0,0,,True,R11,0.0,0.0,0.8333333333333333,0.028549382716049385,0.0,0.0,10
chase:1v1,chase,1v1,33651076,low,580,5.333333333333333,32,4,0.3425925925925926,96,9,9,0,IBS-U-IJN-FUBUKI,TT1,port,A,2,2,2,6,V18,0.08333333333333333,broadside,9,t3.i5@V9,R11,1,4,1S1S2P,5.333333333333333,True,True,R11,3,4,1S1S2S,5.333333333333333,0.0,2,0,0,,0.0,True,R11,3,4,5.333333333333333,0.0,2,0,0,,True,R11,0.0,0.0,0.8333333333333333,0.028549382716049385,0.0,0.0,10
chase:1v1,chase,1v1,34463293,low,580,5.333333333333333,32,4,0.3425925925925926,96,9,9,0,IBS-U-IJN-FUBUKI,TT1,port,B,0,3,2,6,W18,0.08333333333333333,broadside,9,t3.i4@V9,R11,1,4,1S1S2P,5.333333333333333,True,True,R11,3,4,1S1S2S,5.333333333333333,0.0,2,0,0,,0.0,True,R11,3,4,5.333333333333333,0.0,2,0,0,,True,R11,0.0,0.0,0.8333333333333333,0.028549382716049385,0.0,0.0,10
chase:1v1,chase,1v1,35275510,low,580,5.333333333333333,32,4,0.3425925925925926,96,9,9,0,IBS-U-IJN-FUBUKI,TT1,port,B,1,3,2,6,W18,0.08333333333333333,broadside,9,t3.i5@V9,R11,1,4,1S1S2P,5.333333333333333,True,True,R11,3,4,1S1S2S,5.333333333333333,0.0,2,0,0,,0.0,True,R11,3,4,5.333333333333333,0.0,2,0,0,,True,R11,0.0,0.0,0.8333333333333333,0.028549382716049385,0.0,0.0,10
chase:1v1,chase,1v1,36087727,low,580,5.333333333333333,32,4,0.3425925925925926,96,9,9,0,IBS-U-IJN-FUBUKI,TT1,port,A,1,2,2,6,V18,0.08333333333333333,broadside,9,t3.i4@V9,R11,1,4,1S1S2P,5.333333333333333,True,True,R11,3,4,1S1S2S,5.333333333333333,0.0,2,0,0,,0.0,True,R11,3,4,5.333333333333333,0.0,2,0,0,,True,R11,0.0,0.0,0.8333333333333333,0.028549382716049385,0.0,0.0,10
chase:1v1,chase,1v1,36899944,low,580,5.333333333333333,32,4,0.3425925925925926,96,9,9,0,IBS-U-IJN-FUBUKI,TT1,port,A,1,0,2,6,T19,0.08333333333333333,broadside,9,t3.i2@T10,R11,1,4,1S1S2P,5.333333333333333,True,True,R11,3,4,1S1S2S,5.333333333333333,0.0,2,0,0,,0.0,True,R11,3,4,5.333333333333333,0.0,2,0,0,,True,R11,0.0,0.0,0.8333333333333333,0.028549382716049385,0.0,0.0,10
chase:1v1,chase,1v1,37712161,low,580,5.333333333333333,32,4,0.3425925925925926,96,9,9,0,IBS-U-IJN-FUBUKI,TT1,port,B,1,3,2,6,W18,0.08333333333333333,broadside,9,t3.i5@V9,R11,1,4,1S1S2P,5.333333333333333,True,True,R11,3,4,1S1S2S,5.333333333333333,0.0,2,0,0,,0.0,True,R11,3,4,5.333333333333333,0.0,2,0,0,,True,R11,0.0,0.0,0.8333333333333333,0.028549382716049385,0.0,0.0,10
chase:1v1,chase,1v1,38524378,low,580,5.333333333333333,32,4,0.3425925925925926,96,9,9,0,IBS-U-IJN-FUBUKI,TT1,port,B,0,2,2,6,V18,0.08333333333333333,broadside,9,t3.i3@U10,R11,1,4,1S1S2P,5.333333333333333,True,True,R11,3,4,1S1S2S,5.333333333333333,0.0,2,0,0,,0.0,True,R11,3,4,5.333333333333333,0.0,2,0,0,,True,R11,0.0,0.0,0.8333333333333333,0.028549382716049385,0.0,0.0,10
chase:1v1,chase,1v1,39336595,low,580,5.333333333333333,32,4,0.3425925925925926,96,9,9,0,IBS-U-IJN-FUBUKI,TT1,port,B,0,0,2,6,T19,0.08333333333333333,broadside,9,t3.i1@S11,R11,1,4,1S1S2P,5.333333333333333,True,True,R11,3,4,1S1S2S,5.333333333333333,0.0,2,0,0,,0.0,True,R11,3,4,5.333333333333333,0.0,2,0,0,,True,R11,0.0,0.0,0.8333333333333333,0.028549382716049385,0.0,0.0,10
chase:1v1,chase,1v1,40148812,low,580,5.333333333333333,32,4,0.3425925925925926,96,9,9,0,IBS-U-IJN-FUBUKI,TT1,port,B,0,0,2,6,T19,0.08333333333333333,broadside,9,t3.i1@S11,R11,1,4,1S1S2P,5.333333333333333,True,True,R11,3,4,1S1S2S,5.333333333333333,0.0,2,0,0,,0.0,True,R11,3,4,5.333333333333333,0.0,2,0,0,,True,R11,0.0,0.0,0.8333333333333333,0.028549382716049385,0.0,0.0,10
chase:1v1,chase,1v1,40961029,low,580,5.333333333333333,32,4,0.3425925925925926,96,9,9,0,IBS-U-IJN-FUBUKI,TT1,port,A,1,2,2,6,V18,0.08333333333333333,broadside,9,t3.i4@V9,R11,1,4,1S1S2P,5.333333333333333,True,True,R11,3,4,1S1S2S,5.333333333333333,0.0,2,0,0,,0.0,True,R11,3,4,5.333333333333333,0.0,2,0,0,,True,R11,0.0,0.0,0.8333333333333333,0.028549382716049385,0.0,0.0,10
chase:1v1,chase,1v1,41773246,low,580,5.333333333333333,32,4,0.3425925925925926,96,9,9,0,IBS-U-IJN-FUBUKI,TT1,port,A,1,2,2,6,V18,0.08333333333333333,broadside,9,t3.i4@V9,R11,1,4,1S1S2P,5.333333333333333,True,True,R11,3,4,1S1S2S,5.333333333333333,0.0,2,0,0,,0.0,True,R11,3,4,5.333333333333333,0.0,2,0,0,,True,R11,0.0,0.0,0.8333333333333333,0.028549382716049385,0.0,0.0,10
chase:1v1,chase,1v1,42585463,low,580,5.333333333333333,32,4,0.3425925925925926,96,9,9,0,IBS-U-IJN-FUBUKI,TT1,port,B,0,2,2,6,V18,0.08333333333333333,broadside,9,t3.i3@U10,R11,1,4,1S1S2P,5.333333333333333,True,True,R11,3,4,1S1S2S,5.333333333333333,0.0,2,0,0,,0.0,True,R11,3,4,5.333333333333333,0.0,2,0,0,,True,R11,0.0,0.0,0.8333333333333333,0.028549382716049385,0.0,0.0,10
chase:1v1,chase,1v1,43397680,low,580,5.333333333333333,32,4,0.3425925925925926,96,9,9,0,IBS-U-IJN-FUBUKI,TT1,port,B,0,3,2,6,W18,0.08333333333333333,broadside,9,t3.i4@V9,R11,1,4,1S1S2P,5.333333333333333,True,True,R11,3,4,1S1S2S,5.333333333333333,0.0,2,0,0,,0.0,True,R11,3,4,5.333333333333333,0.0,2,0,0,,True,R11,0.0,0.0,0.8333333333333333,0.028549382716049385,0.0,0.0,10
chase:1v1,chase,1v1,44209897,low,580,5.333333333333333,32,4,0.3425925925925926,96,9,9,0,IBS-U-IJN-FUBUKI,TT1,port,A,1,2,2,6,V18,0.08333333333333333,broadside,9,t3.i4@V9,R11,1,4,1S1S2P,5.333333333333333,True,True,R11,3,4,1S1S2S,5.333333333333333,0.0,2,0,0,,0.0,True,R11,3,4,5.333333333333333,0.0,2,0,0,,True,R11,0.0,0.0,0.8333333333333333,0.028549382716049385,0.0,0.0,10
chase:1v1,chase,1v1,45022114,low,580,5.333333333333333,32,4,0.3425925925925926,96,9,9,0,IBS-U-IJN-FUBUKI,TT1,port,A,2,2,2,6,V18,0.08333333333333333,broadside,9,t3.i5@V9,R11,1,4,1S1S2P,5.333333333333333,True,True,R11,3,4,1S1S2S,5.333333333333333,0.0,2,0,0,,0.0,True,R11,3,4,5.333333333333333,0.0,2,0,0,,True,R11,0.0,0.0,0.8333333333333333,0.028549382716049385,0.0,0.0,10
chase:1v1,chase,1v1,45834331,low,580,5.333333333333333,32,4,0.3425925925925926,96,9,9,0,IBS-U-IJN-FUBUKI,TT1,port,B,0,2,2,6,V18,0.08333333333333333,broadside,9,t3.i3@U10,R11,1,4,1S1S2P,5.333333333333333,True,True,R11,3,4,1S1S2S,5.333333333333333,0.0,2,0,0,,0.0,True,R11,3,4,5.333333333333333,0.0,2,0,0,,True,R11,0.0,0.0,0.8333333333333333,0.028549382716049385,0.0,0.0,10
chase:1v1,chase,1v1,46646548,low,580,5.333333333333333,32,4,0.3425925925925926,96,9,9,0,IBS-U-IJN-FUBUKI,TT1,port,B,0,2,2,6,V18,0.08333333333333333,broadside,9,t3.i3@U10,R11,1,4,1S1S2P,5.333333333333333,True,True,R11,3,4,1S1S2S,5.333333333333333,0.0,2,0,0,,0.0,True,R11,3,4,5.333333333333333,0.0,2,0,0,,True,R11,0.0,0.0,0.8333333333333333,0.028549382716049385,0.0,0.0,10
chase:1v1,chase,1v1,47458765,low,580,5.333333333333333,32,4,0.3425925925925926,96,9,9,0,IBS-U-IJN-FUBUKI,TT1,port,A,1,2,2,6,V18,0.08333333333333333,broadside,9,t3.i4@V9,R11,1,4,1S1S2P,5.333333333333333,True,True,R11,3,4,1S1S2S,5.333333333333333,0.0,2,0,0,,0.0,True,R11,3,4,5.333333333333333,0.0,2,0,0,,True,R11,0.0,0.0,0.8333333333333333,0.028549382716049385,0.0,0.0,10
chase:1v1,chase,1v1,48270982,low,580,5.333333333333333,32,4,0.3425925925925926,96,9,9,0,IBS-U-IJN-FUBUKI,TT1,port,A,2,2,2,6,V18,0.08333333333333333,broadside,9,t3.i5@V9,R11,1,4,1S1S2P,5.333333333333333,True,True,R11,3,4,1S1S2S,5.333333333333333,0.0,2,0,0,,0.0,True,R11,3,4,5.333333333333333,0.0,2,0,0,,True,R11,0.0,0.0,0.8333333333333333,0.028549382716049385,0.0,0.0,10
chase:1v1,chase,1v1,49083199,low,580,5.333333333333333,32,4,0.3425925925925926,96,9,9,0,IBS-U-IJN-FUBUKI,TT1,port,B,0,3,2,6,W18,0.08333333333333333,broadside,9,t3.i4@V9,R11,1,4,1S1S2P,5.333333333333333,True,True,R11,3,4,1S1S2S,5.333333333333333,0.0,2,0,0,,0.0,True,R11,3,4,5.333333333333333,0.0,2,0,0,,True,R11,0.0,0.0,0.8333333333333333,0.028549382716049385,0.0,0.0,10
chase:1v1,chase,1v1,49895416,low,580,5.333333333333333,32,4,0.3425925925925926,96,9,9,0,IBS-U-IJN-FUBUKI,TT1,port,B,0,1,2,6,U19,0.08333333333333333,broadside,9,t3.i2@T10,R11,1,4,1S1S2P,5.333333333333333,True,True,R11,3,4,1S1S2S,5.333333333333333,0.0,2,0,0,,0.0,True,R11,3,4,5.333333333333333,0.0,2,0,0,,True,R11,0.0,0.0,0.8333333333333333,0.028549382716049385,0.0,0.0,10
chase:2v1,chase,2v1,21762513,low,580,10.666666666666668,31,10,0.3425925925925926,192,13,13,0,IBS-U-IJN-FUBUKI,TT1,port,B,0,2,2,6,V18,0.08333333333333333,broadside,9,t3.i3@U10,R11,1,4,1S1S2P,10.666666666666668,True,True,R11,3,4,1S1S2S,10.666666666666668,0.0,2,0,0,,0.0,True,R11,3,4,10.666666666666668,0.0,2,0,0,,True,R11,0.0,0.0,0.8333333333333333,0.028549382716049385,0.0,0.0,10
chase:2v1,chase,2v1,22574730,low,580,10.666666666666668,31,10,0.3425925925925926,192,13,13,0,IBS-U-IJN-FUBUKI,TT1,port,B,0,1,2,6,U19,0.08333333333333333,broadside,9,t3.i2@T10,R11,1,4,1S1S2P,10.666666666666668,True,True,R11,3,4,1S1S2S,10.666666666666668,0.0,2,0,0,,0.0,True,R11,3,4,10.666666666666668,0.0,2,0,0,,True,R11,0.0,0.0,0.8333333333333333,0.028549382716049385,0.0,0.0,10
chase:2v1,chase,2v1,23386947,low,580,10.666666666666668,31,10,0.3425925925925926,192,13,13,0,IBS-U-IJN-FUBUKI,TT1,port,B,0,1,2,6,U19,0.08333333333333333,broadside,9,t3.i2@T10,R11,1,4,1S1S2P,10.666666666666668,True,True,R11,3,4,1S1S2S,10.666666666666668,0.0,2,0,0,,0.0,True,R11,3,4,10.666666666666668,0.0,2,0,0,,True,R11,0.0,0.0,0.8333333333333333,0.028549382716049385,0.0,0.0,10
chase:2v1,chase,2v1,24199164,low,580,10.666666666666668,31,10,0.3425925925925926,192,13,13,0,IBS-U-IJN-FUBUKI,TT1,port,A,1,0,2,6,T19,0.08333333333333333,broadside,9,t3.i2@T10,R11,1,4,1S1S2P,10.666666666666668,True,True,R11,3,4,1S1S2S,10.666666666666668,0.0,2,0,0,,0.0,True,R11,3,4,10.666666666666668,0.0,2,0,0,,True,R11,0.0,0.0,0.8333333333333333,0.028549382716049385,0.0,0.0,10
chase:2v1,chase,2v1,25011381,low,580,10.666666666666668,31,10,0.3425925925925926,192,13,13,0,IBS-U-IJN-FUBUKI,TT1,port,A,2,2,2,6,V18,0.08333333333333333,broadside,9,t3.i5@V9,R11,1,4,1S1S2P,10.666666666666668,True,True,R11,3,4,1S1S2S,10.666666666666668,0.0,2,0,0,,0.0,True,R11,3,4,10.666666666666668,0.0,2,0,0,,True,R11,0.0,0.0,0.8333333333333333,0.028549382716049385,0.0,0.0,10
chase:2v1,chase,2v1,25823598,low,580,10.666666666666668,31,10,0.3425925925925926,192,13,13,0,IBS-U-IJN-FUBUKI,TT1,port,B,0,1,2,6,U19,0.08333333333333333,broadside,9,t3.i2@T10,R11,1,4,1S1S2P,10.666666666666668,True,True,R11,3,4,1S1S2S,10.666666666666668,0.0,2,0,0,,0.0,True,R11,3,4,10.666666666666668,0.0,2,0,0,,True,R11,0.0,0.0,0.8333333333333333,0.028549382716049385,0.0,0.0,10
chase:2v1,chase,2v1,26635815,low,580,10.666666666666668,31,10,0.3425925925925926,192,13,13,0,IBS-U-IJN-HATSUYUKI,TT1,port,B,2,0,2,6,T17,0.08333333333333333,broadside,7,t3.i1@S11,R11,1,4,1S1S2P,10.666666666666668,True,True,R11,3,4,1S1S2S,10.666666666666668,0.0,2,0,0,,0.0,True,R11,3,4,10.666666666666668,0.0,2,0,0,,True,R11,0.0,0.0,0.8333333333333333,0.028549382716049385,0.0,0.0,10
chase:2v1,chase,2v1,27448032,low,580,10.666666666666668,31,10,0.3425925925925926,192,13,13,0,IBS-U-IJN-FUBUKI,TT1,port,B,0,3,2,6,W18,0.08333333333333333,broadside,9,t3.i4@V9,R11,1,4,1S1S2P,10.666666666666668,True,True,R11,3,4,1S1S2S,10.666666666666668,0.0,2,0,0,,0.0,True,R11,3,4,10.666666666666668,0.0,2,0,0,,True,R11,0.0,0.0,0.8333333333333333,0.028549382716049385,0.0,0.0,10
chase:2v1,chase,2v1,28260249,low,580,10.666666666666668,31,10,0.3425925925925926,192,13,13,0,IBS-U-IJN-FUBUKI,TT1,port,A,1,0,2,6,T19,0.08333333333333333,broadside,9,t3.i2@T10,R11,1,4,1S1S2P,10.666666666666668,True,True,R11,3,4,1S1S2S,10.666666666666668,0.0,2,0,0,,0.0,True,R11,3,4,10.666666666666668,0.0,2,0,0,,True,R11,0.0,0.0,0.8333333333333333,0.028549382716049385,0.0,0.0,10
chase:2v1,chase,2v1,29072466,low,580,10.666666666666668,31,10,0.3425925925925926,192,13,13,0,IBS-U-IJN-FUBUKI,TT1,port,A,2,2,2,6,V18,0.08333333333333333,broadside,9,t3.i5@V9,R11,1,4,1S1S2P,10.666666666666668,True,True,R11,3,4,1S1S2S,10.666666666666668,0.0,2,0,0,,0.0,True,R11,3,4,10.666666666666668,0.0,2,0,0,,True,R11,0.0,0.0,0.8333333333333333,0.028549382716049385,0.0,0.0,10
chase:2v1,chase,2v1,29884683,low,580,10.666666666666668,31,10,0.3425925925925926,192,13,13,0,IBS-U-IJN-HATSUYUKI,TT1,port,B,2,3,2,6,W16,0.08333333333333333,broadside,7,t3.i4@V9,R11,1,4,1S1S2P,10.666666666666668,True,True,R11,3,4,1S1S2S,10.666666666666668,0.0,2,0,0,,0.0,True,R11,3,4,10.666666666666668,0.0,2,0,0,,True,R11,0.0,0.0,0.8333333333333333,0.028549382716049385,0.0,0.0,10
chase:2v1,chase,2v1,30696900,low,580,10.666666666666668,31,10,0.3425925925925926,192,13,13,0,IBS-U-IJN-FUBUKI,TT1,port,A,1,2,2,6,V18,0.08333333333333333,broadside,9,t3.i4@V9,R11,1,4,1S1S2P,10.666666666666668,True,True,R11,3,4,1S1S2S,10.666666666666668,0.0,2,0,0,,0.0,True,R11,3,4,10.666666666666668,0.0,2,0,0,,True,R11,0.0,0.0,0.8333333333333333,0.028549382716049385,0.0,0.0,10
chase:2v1,chase,2v1,31509117,low,580,10.666666666666668,31,10,0.3425925925925926,192,13,13,0,IBS-U-IJN-HATSUYUKI,TT1,port,B,2,3,2,6,W16,0.08333333333333333,broadside,7,t3.i4@V9,R11,1,4,1S1S2P,10.666666666666668,True,True,R11,3,4,1S1S2S,10.666666666666668,0.0,2,0,0,,0.0,True,R11,3,4,10.666666666666668,0.0,2,0,0,,True,R11,0.0,0.0,0.8333333333333333,0.028549382716049385,0.0,0.0,10
chase:2v1,chase,2v1,32321334,low,580,10.666666666666668,31,10,0.3425925925925926,192,13,13,0,IBS-U-IJN-FUBUKI,TT1,port,A,1,2,2,6,V18,0.08333333333333333,broadside,9,t3.i4@V9,R11,1,4,1S1S2P,10.666666666666668,True,True,R11,3,4,1S1S2S,10.666666666666668,0.0,2,0,0,,0.0,True,R11,3,4,10.666666666666668,0.0,2,0,0,,True,R11,0.0,0.0,0.8333333333333333,0.028549382716049385,0.0,0.0,10
chase:2v1,chase,2v1,33133551,low,580,10.666666666666668,31,10,0.3425925925925926,192,13,13,0,IBS-U-IJN-FUBUKI,TT1,port,B,0,1,2,6,U19,0.08333333333333333,broadside,9,t3.i2@T10,R11,1,4,1S1S2P,10.666666666666668,True,True,R11,3,4,1S1S2S,10.666666666666668,0.0,2,0,0,,0.0,True,R11,3,4,10.666666666666668,0.0,2,0,0,,True,R11,0.0,0.0,0.8333333333333333,0.028549382716049385,0.0,0.0,10
chase:2v1,chase,2v1,33945768,low,580,10.666666666666668,31,10,0.3425925925925926,192,13,13,0,IBS-U-IJN-FUBUKI,TT1,port,A,1,2,2,6,V18,0.08333333333333333,broadside,9,t3.i4@V9,R11,1,4,1S1S2P,10.666666666666668,True,True,R11,3,4,1S1S2S,10.666666666666668,0.0,2,0,0,,0.0,True,R11,3,4,10.666666666666668,0.0,2,0,0,,True,R11,0.0,0.0,0.8333333333333333,0.028549382716049385,0.0,0.0,10
chase:2v1,chase,2v1,34757985,low,580,10.666666666666668,31,10,0.3425925925925926,192,13,13,0,IBS-U-IJN-FUBUKI,TT1,port,A,1,0,2,6,T19,0.08333333333333333,broadside,9,t3.i2@T10,R11,1,4,1S1S2P,10.666666666666668,True,True,R11,3,4,1S1S2S,10.666666666666668,0.0,2,0,0,,0.0,True,R11,3,4,10.666666666666668,0.0,2,0,0,,True,R11,0.0,0.0,0.8333333333333333,0.028549382716049385,0.0,0.0,10
chase:2v1,chase,2v1,35570202,low,580,10.666666666666668,31,10,0.3425925925925926,192,13,13,0,IBS-U-IJN-FUBUKI,TT1,port,A,2,2,2,6,V18,0.08333333333333333,broadside,9,t3.i5@V9,R11,1,4,1S1S2P,10.666666666666668,True,True,R11,3,4,1S1S2S,10.666666666666668,0.0,2,0,0,,0.0,True,R11,3,4,10.666666666666668,0.0,2,0,0,,True,R11,0.0,0.0,0.8333333333333333,0.028549382716049385,0.0,0.0,10
chase:2v1,chase,2v1,36382419,low,580,10.666666666666668,31,10,0.3425925925925926,192,13,13,0,IBS-U-IJN-FUBUKI,TT1,port,A,1,2,2,6,V18,0.08333333333333333,broadside,9,t3.i4@V9,R11,1,4,1S1S2P,10.666666666666668,True,True,R11,3,4,1S1S2S,10.666666666666668,0.0,2,0,0,,0.0,True,R11,3,4,10.666666666666668,0.0,2,0,0,,True,R11,0.0,0.0,0.8333333333333333,0.028549382716049385,0.0,0.0,10
chase:2v1,chase,2v1,37194636,low,580,10.666666666666668,31,10,0.3425925925925926,192,13,13,0,IBS-U-IJN-HATSUYUKI,TT1,port,B,2,0,2,6,T17,0.08333333333333333,broadside,7,t3.i1@S11,R11,1,4,1S1S2P,10.666666666666668,True,True,R11,3,4,1S1S2S,10.666666666666668,0.0,2,0,0,,0.0,True,R11,3,4,10.666666666666668,0.0,2,0,0,,True,R11,0.0,0.0,0.8333333333333333,0.028549382716049385,0.0,0.0,10
chase:2v1,chase,2v1,38006853,low,580,10.666666666666668,31,10,0.3425925925925926,192,13,13,0,IBS-U-IJN-HATSUYUKI,TT1,port,B,2,1,2,6,U17,0.08333333333333333,broadside,7,t3.i2@T10,R11,1,4,1S1S2P,10.666666666666668,True,True,R11,3,4,1S1S2S,10.666666666666668,0.0,2,0,0,,0.0,True,R11,3,4,10.666666666666668,0.0,2,0,0,,True,R11,0.0,0.0,0.8333333333333333,0.028549382716049385,0.0,0.0,10
chase:2v1,chase,2v1,38819070,low,580,10.666666666666668,31,10,0.3425925925925926,192,13,13,0,IBS-U-IJN-FUBUKI,TT1,port,B,1,3,2,6,W18,0.08333333333333333,broadside,9,t3.i5@V9,R11,1,4,1S1S2P,10.666666666666668,True,True,R11,3,4,1S1S2S,10.666666666666668,0.0,2,0,0,,0.0,True,R11,3,4,10.666666666666668,0.0,2,0,0,,True,R11,0.0,0.0,0.8333333333333333,0.028549382716049385,0.0,0.0,10
chase:2v1,chase,2v1,39631287,low,580,10.666666666666668,31,10,0.3425925925925926,192,13,13,0,IBS-U-IJN-FUBUKI,TT1,port,B,0,1,2,6,U19,0.08333333333333333,broadside,9,t3.i2@T10,R11,1,4,1S1S2P,10.666666666666668,True,True,R11,3,4,1S1S2S,10.666666666666668,0.0,2,0,0,,0.0,True,R11,3,4,10.666666666666668,0.0,2,0,0,,True,R11,0.0,0.0,0.8333333333333333,0.028549382716049385,0.0,0.0,10
chase:2v1,chase,2v1,40443504,low,580,10.666666666666668,31,10,0.3425925925925926,192,13,13,0,IBS-U-IJN-FUBUKI,TT1,port,B,0,0,2,6,T19,0.08333333333333333,broadside,9,t3.i1@S11,R11,1,4,1S1S2P,10.666666666666668,True,True,R11,3,4,1S1S2S,10.666666666666668,0.0,2,0,0,,0.0,True,R11,3,4,10.666666666666668,0.0,2,0,0,,True,R11,0.0,0.0,0.8333333333333333,0.028549382716049385,0.0,0.0,10
chase:2v1,chase,2v1,41255721,low,580,10.666666666666668,31,10,0.3425925925925926,192,13,13,0,IBS-U-IJN-FUBUKI,TT1,port,B,1,3,2,6,W18,0.08333333333333333,broadside,9,t3.i5@V9,R11,1,4,1S1S2P,10.666666666666668,True,True,R11,3,4,1S1S2S,10.666666666666668,0.0,2,0,0,,0.0,True,R11,3,4,10.666666666666668,0.0,2,0,0,,True,R11,0.0,0.0,0.8333333333333333,0.028549382716049385,0.0,0.0,10
chase:2v1,chase,2v1,42067938,low,580,10.666666666666668,31,10,0.3425925925925926,192,13,13,0,IBS-U-IJN-HATSUYUKI,TT1,port,B,2,3,2,6,W16,0.08333333333333333,broadside,7,t3.i4@V9,R11,1,4,1S1S2P,10.666666666666668,True,True,R11,3,4,1S1S2S,10.666666666666668,0.0,2,0,0,,0.0,True,R11,3,4,10.666666666666668,0.0,2,0,0,,True,R11,0.0,0.0,0.8333333333333333,0.028549382716049385,0.0,0.0,10
chase:2v1,chase,2v1,42880155,low,580,10.666666666666668,31,10,0.3425925925925926,192,13,13,0,IBS-U-IJN-FUBUKI,TT1,port,A,1,0,2,6,T19,0.08333333333333333,broadside,9,t3.i2@T10,R11,1,4,1S1S2P,10.666666666666668,True,True,R11,3,4,1S1S2S,10.666666666666668,0.0,2,0,0,,0.0,True,R11,3,4,10.666666666666668,0.0,2,0,0,,True,R11,0.0,0.0,0.8333333333333333,0.028549382716049385,0.0,0.0,10
chase:2v1,chase,2v1,43692372,low,580,10.666666666666668,31,10,0.3425925925925926,192,13,13,0,IBS-U-IJN-FUBUKI,TT1,port,B,0,1,2,6,U19,0.08333333333333333,broadside,9,t3.i2@T10,R11,1,4,1S1S2P,10.666666666666668,True,True,R11,3,4,1S1S2S,10.666666666666668,0.0,2,0,0,,0.0,True,R11,3,4,10.666666666666668,0.0,2,0,0,,True,R11,0.0,0.0,0.8333333333333333,0.028549382716049385,0.0,0.0,10
chase:2v1,chase,2v1,44504589,low,580,10.666666666666668,31,10,0.3425925925925926,192,13,13,0,IBS-U-IJN-HATSUYUKI,TT1,port,B,2,0,2,6,T17,0.08333333333333333,broadside,7,t3.i1@S11,R11,1,4,1S1S2P,10.666666666666668,True,True,R11,3,4,1S1S2S,10.666666666666668,0.0,2,0,0,,0.0,True,R11,3,4,10.666666666666668,0.0,2,0,0,,True,R11,0.0,0.0,0.8333333333333333,0.028549382716049385,0.0,0.0,10
chase:2v1,chase,2v1,45316806,low,580,10.666666666666668,31,10,0.3425925925925926,192,13,13,0,IBS-U-IJN-FUBUKI,TT1,port,B,1,3,2,6,W18,0.08333333333333333,broadside,9,t3.i5@V9,R11,1,4,1S1S2P,10.666666666666668,True,True,R11,3,4,1S1S2S,10.666666666666668,0.0,2,0,0,,0.0,True,R11,3,4,10.666666666666668,0.0,2,0,0,,True,R11,0.0,0.0,0.8333333333333333,0.028549382716049385,0.0,0.0,10
chase:2v1,chase,2v1,46129023,low,580,10.666666666666668,31,10,0.3425925925925926,192,13,13,0,IBS-U-IJN-HATSUYUKI,TT1,port,B,2,0,2,6,T17,0.08333333333333333,broadside,7,t3.i1@S11,R11,1,4,1S1S2P,10.666666666666668,True,True,R11,3,4,1S1S2S,10.666666666666668,0.0,2,0,0,,0.0,True,R11,3,4,10.666666666666668,0.0,2,0,0,,True,R11,0.0,0.0,0.8333333333333333,0.028549382716049385,0.0,0.0,10
chase:2v1,chase,2v1,46941240,low,580,10.666666666666668,31,10,0.3425925925925926,192,13,13,0,IBS-U-IJN-HATSUYUKI,TT1,port,B,2,1,2,6,U17,0.08333333333333333,broadside,7,t3.i2@T10,R11,1,4,1S1S2P,10.666666666666668,True,True,R11,3,4,1S1S2S,10.666666666666668,0.0,2,0,0,,0.0,True,R11,3,4,10.666666666666668,0.0,2,0,0,,True,R11,0.0,0.0,0.8333333333333333,0.028549382716049385,0.0,0.0,10
chase:2v1,chase,2v1,47753457,low,580,10.666666666666668,31,10,0.3425925925925926,192,13,13,0,IBS-U-IJN-FUBUKI,TT1,port,A,1,0,2,6,T19,0.08333333333333333,broadside,9,t3.i2@T10,R11,1,4,1S1S2P,10.666666666666668,True,True,R11,3,4,1S1S2S,10.666666666666668,0.0,2,0,0,,0.0,True,R11,3,4,10.666666666666668,0.0,2,0,0,,True,R11,0.0,0.0,0.8333333333333333,0.028549382716049385,0.0,0.0,10
chase:2v1,chase,2v1,48565674,low,580,10.666666666666668,31,10,0.3425925925925926,192,13,13,0,IBS-U-IJN-HATSUYUKI,TT1,port,B,2,0,2,6,T17,0.08333333333333333,broadside,7,t3.i1@S11,R11,1,4,1S1S2P,10.666666666666668,True,True,R11,3,4,1S1S2S,10.666666666666668,0.0,2,0,0,,0.0,True,R11,3,4,10.666666666666668,0.0,2,0,0,,True,R11,0.0,0.0,0.8333333333333333,0.028549382716049385,0.0,0.0,10
chase:2v1,chase,2v1,49377891,low,580,10.666666666666668,31,10,0.3425925925925926,192,13,13,0,IBS-U-IJN-HATSUYUKI,TT1,port,B,2,0,2,6,T17,0.08333333333333333,broadside,7,t3.i1@S11,R11,1,4,1S1S2P,10.666666666666668,True,True,R11,3,4,1S1S2S,10.666666666666668,0.0,2,0,0,,0.0,True,R11,3,4,10.666666666666668,0.0,2,0,0,,True,R11,0.0,0.0,0.8333333333333333,0.028549382716049385,0.0,0.0,10
chase:2v1,chase,2v1,50190108,low,580,10.666666666666668,31,10,0.3425925925925926,192,13,13,0,IBS-U-IJN-FUBUKI,TT1,port,B,1,3,2,6,W18,0.08333333333333333,broadside,9,t3.i5@V9,R11,1,4,1S1S2P,10.666666666666668,True,True,R11,3,4,1S1S2S,10.666666666666668,0.0,2,0,0,,0.0,True,R11,3,4,10.666666666666668,0.0,2,0,0,,True,R11,0.0,0.0,0.8333333333333333,0.028549382716049385,0.0,0.0,10
close:1v1,close,1v1,21567824,direct,580,17.333333333333336,13,9,0.3425925925925926,96,6,0,6,IBS-U-IJN-FUBUKI,TT1,port,B,0,1,2,6,U19,0.4166666666666667,bow_stern,1,t2.i2@T18,V18,2,4,1P1P1P1S,17.333333333333336,False,True,V18,2,4,1PP2,17.333333333333336,0.0,0,0,0,,0.0,False,V18,2,4,17.333333333333336,0.0,0,0,0,,False,V18,0.0,0.0,4.166666666666667,0.14274691358024694,0.0,0.0,10
close:1v1,close,1v1,22380041,direct,580,17.333333333333336,13,9,0.3425925925925926,96,6,0,6,IBS-U-IJN-FUBUKI,TT1,port,Y,2,1,2,5,U19,1.1388888888888888,broadside,1,t2.i2@T18,V18,2,4,1P1P1P1S,17.333333333333336,False,True,V18,2,4,1PP2,17.333333333333336,0.0,0,0,0,,0.0,False,V18,2,4,17.333333333333336,0.0,0,0,0,,False,V18,0.0,0.0,11.38888888888889,0.39017489711934156,0.0,0.0,10
close:1v1,close,1v1,23192258,direct,580,17.333333333333336,13,9,0.3425925925925926,96,6,0,6,IBS-U-IJN-FUBUKI,TT1,port,B,2,1,2,6,U19,0.4166666666666667,bow_stern,1,t2.i2@T18,V18,2,4,1P1P1P1S,17.333333333333336,False,True,V18,2,4,1PP2,17.333333333333336,0.0,0,0,0,,0.0,False,V18,2,4,17.333333333333336,0.0,0,0,0,,False,V18,0.0,0.0,4.166666666666667,0.14274691358024694,0.0,0.0,10
close:1v1,close,1v1,24004475,direct,580,17.333333333333336,13,9,0.3425925925925926,96,6,0,6,IBS-U-IJN-FUBUKI,TT1,port,B,0,1,2,6,U19,0.4166666666666667,bow_stern,1,t2.i2@T18,V18,2,4,1P1P1P1S,17.333333333333336,False,True,V18,2,4,1PP2,17.333333333333336,0.0,0,0,0,,0.0,False,V18,2,4,17.333333333333336,0.0,0,0,0,,False,V18,0.0,0.0,4.166666666666667,0.14274691358024694,0.0,0.0,10
close:1v1,close,1v1,24816692,direct,580,17.333333333333336,13,9,0.3425925925925926,96,6,0,6,IBS-U-IJN-FUBUKI,TT1,port,Y,0,1,2,5,U19,1.1388888888888888,broadside,1,t2.i2@T18,V18,2,4,1P1P1P1S,17.333333333333336,False,True,V18,2,4,1PP2,17.333333333333336,0.0,0,0,0,,0.0,False,V18,2,4,17.333333333333336,0.0,0,0,0,,False,V18,0.0,0.0,11.38888888888889,0.39017489711934156,0.0,0.0,10
close:1v1,close,1v1,25628909,direct,580,17.333333333333336,13,9,0.3425925925925926,96,6,0,6,IBS-U-IJN-FUBUKI,TT1,port,Y,0,1,2,5,U19,1.1388888888888888,broadside,1,t2.i2@T18,V18,2,4,1P1P1P1S,17.333333333333336,False,True,V18,2,4,1PP2,17.333333333333336,0.0,0,0,0,,0.0,False,V18,2,4,17.333333333333336,0.0,0,0,0,,False,V18,0.0,0.0,11.38888888888889,0.39017489711934156,0.0,0.0,10
close:1v1,close,1v1,26441126,direct,580,17.333333333333336,13,9,0.3425925925925926,96,6,0,6,IBS-U-IJN-FUBUKI,TT1,port,B,2,1,2,6,U19,0.4166666666666667,bow_stern,1,t2.i2@T18,V18,2,4,1P1P1P1S,17.333333333333336,False,True,V18,2,4,1PP2,17.333333333333336,0.0,0,0,0,,0.0,False,V18,2,4,17.333333333333336,0.0,0,0,0,,False,V18,0.0,0.0,4.166666666666667,0.14274691358024694,0.0,0.0,10
close:1v1,close,1v1,27253343,direct,580,17.333333333333336,13,9,0.3425925925925926,96,6,0,6,IBS-U-IJN-FUBUKI,TT1,port,Y,0,1,2,5,U19,1.1388888888888888,broadside,1,t2.i2@T18,V18,2,4,1P1P1P1S,17.333333333333336,False,True,V18,2,4,1PP2,17.333333333333336,0.0,0,0,0,,0.0,False,V18,2,4,17.333333333333336,0.0,0,0,0,,False,V18,0.0,0.0,11.38888888888889,0.39017489711934156,0.0,0.0,10
close:1v1,close,1v1,28065560,direct,580,17.333333333333336,13,9,0.3425925925925926,96,6,0,6,IBS-U-IJN-FUBUKI,TT1,port,B,0,1,2,6,U19,0.4166666666666667,bow_stern,1,t2.i2@T18,V18,2,4,1P1P1P1S,17.333333333333336,False,True,V18,2,4,1PP2,17.333333333333336,0.0,0,0,0,,0.0,False,V18,2,4,17.333333333333336,0.0,0,0,0,,False,V18,0.0,0.0,4.166666666666667,0.14274691358024694,0.0,0.0,10
close:1v1,close,1v1,28877777,direct,580,17.333333333333336,13,9,0.3425925925925926,96,6,0,6,IBS-U-IJN-FUBUKI,TT1,port,B,1,1,2,6,U19,0.4166666666666667,bow_stern,1,t2.i2@T18,V18,2,4,1P1P1P1S,17.333333333333336,False,True,V18,2,4,1PP2,17.333333333333336,0.0,0,0,0,,0.0,False,V18,2,4,17.333333333333336,0.0,0,0,0,,False,V18,0.0,0.0,4.166666666666667,0.14274691358024694,0.0,0.0,10
close:1v1,close,1v1,29689994,direct,580,17.333333333333336,13,9,0.3425925925925926,96,6,0,6,IBS-U-IJN-FUBUKI,TT1,port,B,2,1,2,6,U19,0.4166666666666667,bow_stern,1,t2.i2@T18,V18,2,4,1P1P1P1S,17.333333333333336,False,True,V18,2,4,1PP2,17.333333333333336,0.0,0,0,0,,0.0,False,V18,2,4,17.333333333333336,0.0,0,0,0,,False,V18,0.0,0.0,4.166666666666667,0.14274691358024694,0.0,0.0,10
close:1v1,close,1v1,30502211,direct,580,17.333333333333336,13,9,0.3425925925925926,96,6,0,6,IBS-U-IJN-FUBUKI,TT1,port,B,0,1,2,6,U19,0.4166666666666667,bow_stern,1,t2.i2@T18,V18,2,4,1P1P1P1S,17.333333333333336,False,True,V18,2,4,1PP2,17.333333333333336,0.0,0,0,0,,0.0,False,V18,2,4,17.333333333333336,0.0,0,0,0,,False,V18,0.0,0.0,4.166666666666667,0.14274691358024694,0.0,0.0,10
close:1v1,close,1v1,31314428,direct,580,17.333333333333336,13,9,0.3425925925925926,96,6,0,6,IBS-U-IJN-FUBUKI,TT1,port,B,1,1,2,6,U19,0.4166666666666667,bow_stern,1,t2.i2@T18,V18,2,4,1P1P1P1S,17.333333333333336,False,True,V18,2,4,1PP2,17.333333333333336,0.0,0,0,0,,0.0,False,V18,2,4,17.333333333333336,0.0,0,0,0,,False,V18,0.0,0.0,4.166666666666667,0.14274691358024694,0.0,0.0,10
close:1v1,close,1v1,32126645,direct,580,17.333333333333336,13,9,0.3425925925925926,96,6,0,6,IBS-U-IJN-FUBUKI,TT1,port,Y,1,1,2,5,U19,1.1388888888888888,broadside,1,t2.i2@T18,V18,2,4,1P1P1P1S,17.333333333333336,False,True,V18,2,4,1PP2,17.333333333333336,0.0,0,0,0,,0.0,False,V18,2,4,17.333333333333336,0.0,0,0,0,,False,V18,0.0,0.0,11.38888888888889,0.39017489711934156,0.0,0.0,10
close:1v1,close,1v1,32938862,direct,580,17.333333333333336,13,9,0.3425925925925926,96,6,0,6,IBS-U-IJN-FUBUKI,TT1,port,Y,1,1,2,5,U19,1.1388888888888888,broadside,1,t2.i2@T18,V18,2,4,1P1P1P1S,17.333333333333336,False,True,V18,2,4,1PP2,17.333333333333336,0.0,0,0,0,,0.0,False,V18,2,4,17.333333333333336,0.0,0,0,0,,False,V18,0.0,0.0,11.38888888888889,0.39017489711934156,0.0,0.0,10
close:1v1,close,1v1,33751079,direct,580,17.333333333333336,13,9,0.3425925925925926,96,6,0,6,IBS-U-IJN-FUBUKI,TT1,port,Y,2,1,2,5,U19,1.1388888888888888,broadside,1,t2.i2@T18,V18,2,4,1P1P1P1S,17.333333333333336,False,True,V18,2,4,1PP2,17.333333333333336,0.0,0,0,0,,0.0,False,V18,2,4,17.333333333333336,0.0,0,0,0,,False,V18,0.0,0.0,11.38888888888889,0.39017489711934156,0.0,0.0,10
close:1v1,close,1v1,34563296,direct,580,17.333333333333336,13,9,0.3425925925925926,96,6,0,6,IBS-U-IJN-FUBUKI,TT1,port,B,0,1,2,6,U19,0.4166666666666667,bow_stern,1,t2.i2@T18,V18,2,4,1P1P1P1S,17.333333333333336,False,True,V18,2,4,1PP2,17.333333333333336,0.0,0,0,0,,0.0,False,V18,2,4,17.333333333333336,0.0,0,0,0,,False,V18,0.0,0.0,4.166666666666667,0.14274691358024694,0.0,0.0,10
close:1v1,close,1v1,35375513,direct,580,17.333333333333336,13,9,0.3425925925925926,96,6,0,6,IBS-U-IJN-FUBUKI,TT1,port,B,2,1,2,6,U19,0.4166666666666667,bow_stern,1,t2.i2@T18,V18,2,4,1P1P1P1S,17.333333333333336,False,True,V18,2,4,1PP2,17.333333333333336,0.0,0,0,0,,0.0,False,V18,2,4,17.333333333333336,0.0,0,0,0,,False,V18,0.0,0.0,4.166666666666667,0.14274691358024694,0.0,0.0,10
close:1v1,close,1v1,36187730,direct,580,17.333333333333336,13,9,0.3425925925925926,96,6,0,6,IBS-U-IJN-FUBUKI,TT1,port,Y,2,1,2,5,U19,1.1388888888888888,broadside,1,t2.i2@T18,V18,2,4,1P1P1P1S,17.333333333333336,False,True,V18,2,4,1PP2,17.333333333333336,0.0,0,0,0,,0.0,False,V18,2,4,17.333333333333336,0.0,0,0,0,,False,V18,0.0,0.0,11.38888888888889,0.39017489711934156,0.0,0.0,10
close:1v1,close,1v1,36999947,direct,580,17.333333333333336,13,9,0.3425925925925926,96,6,0,6,IBS-U-IJN-FUBUKI,TT1,port,Y,0,1,2,5,U19,1.1388888888888888,broadside,1,t2.i2@T18,V18,2,4,1P1P1P1S,17.333333333333336,False,True,V18,2,4,1PP2,17.333333333333336,0.0,0,0,0,,0.0,False,V18,2,4,17.333333333333336,0.0,0,0,0,,False,V18,0.0,0.0,11.38888888888889,0.39017489711934156,0.0,0.0,10
close:1v1,close,1v1,37812164,direct,580,17.333333333333336,13,9,0.3425925925925926,96,6,0,6,IBS-U-IJN-FUBUKI,TT1,port,B,2,1,2,6,U19,0.4166666666666667,bow_stern,1,t2.i2@T18,V18,2,4,1P1P1P1S,17.333333333333336,False,True,V18,2,4,1PP2,17.333333333333336,0.0,0,0,0,,0.0,False,V18,2,4,17.333333333333336,0.0,0,0,0,,False,V18,0.0,0.0,4.166666666666667,0.14274691358024694,0.0,0.0,10
close:1v1,close,1v1,38624381,direct,580,17.333333333333336,13,9,0.3425925925925926,96,6,0,6,IBS-U-IJN-FUBUKI,TT1,port,Y,0,1,2,5,U19,1.1388888888888888,broadside,1,t2.i2@T18,V18,2,4,1P1P1P1S,17.333333333333336,False,True,V18,2,4,1PP2,17.333333333333336,0.0,0,0,0,,0.0,False,V18,2,4,17.333333333333336,0.0,0,0,0,,False,V18,0.0,0.0,11.38888888888889,0.39017489711934156,0.0,0.0,10
close:1v1,close,1v1,39436598,direct,580,17.333333333333336,13,9,0.3425925925925926,96,6,0,6,IBS-U-IJN-FUBUKI,TT1,port,B,0,1,2,6,U19,0.4166666666666667,bow_stern,1,t2.i2@T18,V18,2,4,1P1P1P1S,17.333333333333336,False,True,V18,2,4,1PP2,17.333333333333336,0.0,0,0,0,,0.0,False,V18,2,4,17.333333333333336,0.0,0,0,0,,False,V18,0.0,0.0,4.166666666666667,0.14274691358024694,0.0,0.0,10
close:1v1,close,1v1,40248815,direct,580,17.333333333333336,13,9,0.3425925925925926,96,6,0,6,IBS-U-IJN-FUBUKI,TT1,port,Y,0,1,2,5,U19,1.1388888888888888,broadside,1,t2.i2@T18,V18,2,4,1P1P1P1S,17.333333333333336,False,True,V18,2,4,1PP2,17.333333333333336,0.0,0,0,0,,0.0,False,V18,2,4,17.333333333333336,0.0,0,0,0,,False,V18,0.0,0.0,11.38888888888889,0.39017489711934156,0.0,0.0,10
close:1v1,close,1v1,41061032,direct,580,17.333333333333336,13,9,0.3425925925925926,96,6,0,6,IBS-U-IJN-FUBUKI,TT1,port,B,0,1,2,6,U19,0.4166666666666667,bow_stern,1,t2.i2@T18,V18,2,4,1P1P1P1S,17.333333333333336,False,True,V18,2,4,1PP2,17.333333333333336,0.0,0,0,0,,0.0,False,V18,2,4,17.333333333333336,0.0,0,0,0,,False,V18,0.0,0.0,4.166666666666667,0.14274691358024694,0.0,0.0,10
close:1v1,close,1v1,41873249,direct,580,17.333333333333336,13,9,0.3425925925925926,96,6,0,6,IBS-U-IJN-FUBUKI,TT1,port,B,2,1,2,6,U19,0.4166666666666667,bow_stern,1,t2.i2@T18,V18,2,4,1P1P1P1S,17.333333333333336,False,True,V18,2,4,1PP2,17.333333333333336,0.0,0,0,0,,0.0,False,V18,2,4,17.333333333333336,0.0,0,0,0,,False,V18,0.0,0.0,4.166666666666667,0.14274691358024694,0.0,0.0,10
close:1v1,close,1v1,42685466,direct,580,17.333333333333336,13,9,0.3425925925925926,96,6,0,6,IBS-U-IJN-FUBUKI,TT1,port,Y,1,1,2,5,U19,1.1388888888888888,broadside,1,t2.i2@T18,V18,2,4,1P1P1P1S,17.333333333333336,False,True,V18,2,4,1PP2,17.333333333333336,0.0,0,0,0,,0.0,False,V18,2,4,17.333333333333336,0.0,0,0,0,,False,V18,0.0,0.0,11.38888888888889,0.39017489711934156,0.0,0.0,10
close:1v1,close,1v1,43497683,direct,580,17.333333333333336,13,9,0.3425925925925926,96,6,0,6,IBS-U-IJN-FUBUKI,TT1,port,B,2,1,2,6,U19,0.4166666666666667,bow_stern,1,t2.i2@T18,V18,2,4,1P1P1P1S,17.333333333333336,False,True,V18,2,4,1PP2,17.333333333333336,0.0,0,0,0,,0.0,False,V18,2,4,17.333333333333336,0.0,0,0,0,,False,V18,0.0,0.0,4.166666666666667,0.14274691358024694,0.0,0.0,10
close:1v1,close,1v1,44309900,direct,580,17.333333333333336,13,9,0.3425925925925926,96,6,0,6,IBS-U-IJN-FUBUKI,TT1,port,Y,2,1,2,5,U19,1.1388888888888888,broadside,1,t2.i2@T18,V18,2,4,1P1P1P1S,17.333333333333336,False,True,V18,2,4,1PP2,17.333333333333336,0.0,0,0,0,,0.0,False,V18,2,4,17.333333333333336,0.0,0,0,0,,False,V18,0.0,0.0,11.38888888888889,0.39017489711934156,0.0,0.0,10
close:1v1,close,1v1,45122117,direct,580,17.333333333333336,13,9,0.3425925925925926,96,6,0,6,IBS-U-IJN-FUBUKI,TT1,port,Y,0,1,2,5,U19,1.1388888888888888,broadside,1,t2.i2@T18,V18,2,4,1P1P1P1S,17.333333333333336,False,True,V18,2,4,1PP2,17.333333333333336,0.0,0,0,0,,0.0,False,V18,2,4,17.333333333333336,0.0,0,0,0,,False,V18,0.0,0.0,11.38888888888889,0.39017489711934156,0.0,0.0,10
close:1v1,close,1v1,45934334,direct,580,17.333333333333336,13,9,0.3425925925925926,96,6,0,6,IBS-U-IJN-FUBUKI,TT1,port,B,2,1,2,6,U19,0.4166666666666667,bow_stern,1,t2.i2@T18,V18,2,4,1P1P1P1S,17.333333333333336,False,True,V18,2,4,1PP2,17.333333333333336,0.0,0,0,0,,0.0,False,V18,2,4,17.333333333333336,0.0,0,0,0,,False,V18,0.0,0.0,4.166666666666667,0.14274691358024694,0.0,0.0,10
close:1v1,close,1v1,46746551,direct,580,17.333333333333336,13,9,0.3425925925925926,96,6,0,6,IBS-U-IJN-FUBUKI,TT1,port,B,0,1,2,6,U19,0.4166666666666667,bow_stern,1,t2.i2@T18,V18,2,4,1P1P1P1S,17.333333333333336,False,True,V18,2,4,1PP2,17.333333333333336,0.0,0,0,0,,0.0,False,V18,2,4,17.333333333333336,0.0,0,0,0,,False,V18,0.0,0.0,4.166666666666667,0.14274691358024694,0.0,0.0,10
close:1v1,close,1v1,47558768,direct,580,17.333333333333336,13,9,0.3425925925925926,96,6,0,6,IBS-U-IJN-FUBUKI,TT1,port,Y,0,1,2,5,U19,1.1388888888888888,broadside,1,t2.i2@T18,V18,2,4,1P1P1P1S,17.333333333333336,False,True,V18,2,4,1PP2,17.333333333333336,0.0,0,0,0,,0.0,False,V18,2,4,17.333333333333336,0.0,0,0,0,,False,V18,0.0,0.0,11.38888888888889,0.39017489711934156,0.0,0.0,10
close:1v1,close,1v1,48370985,direct,580,17.333333333333336,13,9,0.3425925925925926,96,6,0,6,IBS-U-IJN-FUBUKI,TT1,port,B,0,1,2,6,U19,0.4166666666666667,bow_stern,1,t2.i2@T18,V18,2,4,1P1P1P1S,17.333333333333336,False,True,V18,2,4,1PP2,17.333333333333336,0.0,0,0,0,,0.0,False,V18,2,4,17.333333333333336,0.0,0,0,0,,False,V18,0.0,0.0,4.166666666666667,0.14274691358024694,0.0,0.0,10
close:1v1,close,1v1,49183202,direct,580,17.333333333333336,13,9,0.3425925925925926,96,6,0,6,IBS-U-IJN-FUBUKI,TT1,port,Y,0,1,2,5,U19,1.1388888888888888,broadside,1,t2.i2@T18,V18,2,4,1P1P1P1S,17.333333333333336,False,True,V18,2,4,1PP2,17.333333333333336,0.0,0,0,0,,0.0,False,V18,2,4,17.333333333333336,0.0,0,0,0,,False,V18,0.0,0.0,11.38888888888889,0.39017489711934156,0.0,0.0,10
close:1v1,close,1v1,49995419,direct,580,17.333333333333336,13,9,0.3425925925925926,96,6,0,6,IBS-U-IJN-FUBUKI,TT1,port,Y,0,1,2,5,U19,1.1388888888888888,broadside,1,t2.i2@T18,V18,2,4,1P1P1P1S,17.333333333333336,False,True,V18,2,4,1PP2,17.333333333333336,0.0,0,0,0,,0.0,False,V18,2,4,17.333333333333336,0.0,0,0,0,,False,V18,0.0,0.0,11.38888888888889,0.39017489711934156,0.0,0.0,10
close:2v1,close,2v1,21862516,direct,580,34.666666666666664,2,30,0.3425925925925926,192,9,0,9,IBS-U-IJN-HATSUYUKI,TT1,starboard,B,1,1,2,2,U17,1.1388888888888888,broadside,1,t2.i1@T17,W17,1,5,1PP1P2,34.666666666666664,False,False,W17,1,5,1PP1P2,34.666666666666664,0.0,0,0,0,"t2.i1@T17(broadside,d1,m+5)",0.7222222222222222,True,U17,4,0,16.083333333333332,18.583333333333332,3,5,2,,True,U17,18.583333333333332,0.5360576923076923,11.38888888888889,0.39017489711934156,0.0,0.5360576923076923,10
close:2v1,close,2v1,22674733,direct,580,34.666666666666664,2,30,0.3425925925925926,192,9,0,9,IBS-U-IJN-HATSUYUKI,TT1,starboard,B,2,1,2,2,U17,1.1388888888888888,broadside,1,t2.i1@T17,W17,1,5,1PP1P2,34.666666666666664,False,False,W17,1,5,1PP1P2,34.666666666666664,0.0,0,0,0,"t2.i1@T17(broadside,d1,m+5)",0.7222222222222222,True,U17,4,0,16.083333333333332,18.583333333333332,3,5,2,,True,U17,18.583333333333332,0.5360576923076923,11.38888888888889,0.39017489711934156,0.0,0.5360576923076923,10
close:2v1,close,2v1,23486950,direct,580,34.666666666666664,2,30,0.3425925925925926,192,9,0,9,IBS-U-IJN-HATSUYUKI,TT1,starboard,B,1,1,2,2,U17,1.1388888888888888,broadside,1,t2.i1@T17,W17,1,5,1PP1P2,34.666666666666664,False,False,W17,1,5,1PP1P2,34.666666666666664,0.0,0,0,0,"t2.i1@T17(broadside,d1,m+5)",0.7222222222222222,True,U17,4,0,16.083333333333332,18.583333333333332,3,5,2,,True,U17,18.583333333333332,0.5360576923076923,11.38888888888889,0.39017489711934156,0.0,0.5360576923076923,10
close:2v1,close,2v1,24299167,direct,580,34.666666666666664,2,30,0.3425925925925926,192,9,0,9,IBS-U-IJN-HATSUYUKI,TT1,port,B,2,1,2,6,U17,1.1388888888888888,broadside,1,t2.i1@T17,W17,1,5,1PP1P2,34.666666666666664,False,False,W17,1,5,1PP1P2,34.666666666666664,0.0,0,0,0,"t2.i1@T17(broadside,d1,m+5)",0.7222222222222222,True,U17,4,0,16.083333333333332,18.583333333333332,3,5,2,,True,U17,18.583333333333332,0.5360576923076923,11.38888888888889,0.39017489711934156,0.0,0.5360576923076923,10
close:2v1,close,2v1,25111384,direct,580,34.666666666666664,2,30,0.3425925925925926,192,9,0,9,IBS-U-IJN-HATSUYUKI,TT1,starboard,B,2,1,2,2,U17,1.1388888888888888,broadside,1,t2.i1@T17,W17,1,5,1PP1P2,34.666666666666664,False,False,W17,1,5,1PP1P2,34.666666666666664,0.0,0,0,0,"t2.i1@T17(broadside,d1,m+5)",0.7222222222222222,True,U17,4,0,16.083333333333332,18.583333333333332,3,5,2,,True,U17,18.583333333333332,0.5360576923076923,11.38888888888889,0.39017489711934156,0.0,0.5360576923076923,10
close:2v1,close,2v1,25923601,direct,580,34.666666666666664,2,30,0.3425925925925926,192,9,0,9,IBS-U-IJN-HATSUYUKI,TT1,starboard,B,0,1,2,2,U17,1.1388888888888888,broadside,1,t2.i1@T17,W17,1,5,1PP1P2,34.666666666666664,False,False,W17,1,5,1PP1P2,34.666666666666664,0.0,0,0,0,"t2.i1@T17(broadside,d1,m+5)",0.7222222222222222,True,U17,4,0,16.083333333333332,18.583333333333332,3,5,2,,True,U17,18.583333333333332,0.5360576923076923,11.38888888888889,0.39017489711934156,0.0,0.5360576923076923,10
close:2v1,close,2v1,26735818,direct,580,34.666666666666664,2,30,0.3425925925925926,192,9,0,9,IBS-U-IJN-HATSUYUKI,TT1,port,B,1,1,2,6,U17,1.1388888888888888,broadside,1,t2.i1@T17,W17,1,5,1PP1P2,34.666666666666664,False,False,W17,1,5,1PP1P2,34.666666666666664,0.0,0,0,0,"t2.i1@T17(broadside,d1,m+5)",0.7222222222222222,True,U17,4,0,16.083333333333332,18.583333333333332,3,5,2,,True,U17,18.583333333333332,0.5360576923076923,11.38888888888889,0.39017489711934156,0.0,0.5360576923076923,10
close:2v1,close,2v1,27548035,direct,580,34.666666666666664,2,30,0.3425925925925926,192,9,0,9,IBS-U-IJN-HATSUYUKI,TT1,port,B,2,1,2,6,U17,1.1388888888888888,broadside,1,t2.i1@T17,W17,1,5,1PP1P2,34.666666666666664,False,False,W17,1,5,1PP1P2,34.666666666666664,0.0,0,0,0,"t2.i1@T17(broadside,d1,m+5)",0.7222222222222222,True,U17,4,0,16.083333333333332,18.583333333333332,3,5,2,,True,U17,18.583333333333332,0.5360576923076923,11.38888888888889,0.39017489711934156,0.0,0.5360576923076923,10
close:2v1,close,2v1,28360252,direct,580,34.666666666666664,2,30,0.3425925925925926,192,9,0,9,IBS-U-IJN-HATSUYUKI,TT1,port,B,1,1,2,6,U17,1.1388888888888888,broadside,1,t2.i1@T17,W17,1,5,1PP1P2,34.666666666666664,False,False,W17,1,5,1PP1P2,34.666666666666664,0.0,0,0,0,"t2.i1@T17(broadside,d1,m+5)",0.7222222222222222,True,U17,4,0,16.083333333333332,18.583333333333332,3,5,2,,True,U17,18.583333333333332,0.5360576923076923,11.38888888888889,0.39017489711934156,0.0,0.5360576923076923,10
close:2v1,close,2v1,29172469,direct,580,34.666666666666664,2,30,0.3425925925925926,192,9,0,9,IBS-U-IJN-HATSUYUKI,TT1,starboard,B,1,1,2,2,U17,1.1388888888888888,broadside,1,t2.i1@T17,W17,1,5,1PP1P2,34.666666666666664,False,False,W17,1,5,1PP1P2,34.666666666666664,0.0,0,0,0,"t2.i1@T17(broadside,d1,m+5)",0.7222222222222222,True,U17,4,0,16.083333333333332,18.583333333333332,3,5,2,,True,U17,18.583333333333332,0.5360576923076923,11.38888888888889,0.39017489711934156,0.0,0.5360576923076923,10
close:2v1,close,2v1,29984686,direct,580,34.666666666666664,2,30,0.3425925925925926,192,9,0,9,IBS-U-IJN-FUBUKI,TT1,port,A,1,0,2,6,T19,1.1388888888888888,broadside,2,t2.i2@T17,W17,1,5,1PP1P2,34.666666666666664,True,True,V17,6,5,1P1P1P1P1,28.666666666666664,6.0,1,0,1,,0.0,True,V17,6,5,28.666666666666664,6.0,1,0,1,,True,V17,6.0,0.1730769230769231,11.38888888888889,0.39017489711934156,0.1730769230769231,0.1730769230769231,10
close:2v1,close,2v1,30796903,direct,580,34.666666666666664,2,30,0.3425925925925926,192,9,0,9,IBS-U-IJN-FUBUKI,TT1,port,A,0,0,2,6,T19,1.1388888888888888,broadside,2,t2.i2@T17,W17,1,5,1PP1P2,34.666666666666664,True,True,V17,6,5,1P1P1P1P1,28.666666666666664,6.0,1,0,1,,0.0,True,V17,6,5,28.666666666666664,6.0,1,0,1,,True,V17,6.0,0.1730769230769231,11.38888888888889,0.39017489711934156,0.1730769230769231,0.1730769230769231,10
close:2v1,close,2v1,31609120,direct,580,34.666666666666664,2,30,0.3425925925925926,192,9,0,9,IBS-U-IJN-HATSUYUKI,TT1,starboard,B,1,1,2,2,U17,1.1388888888888888,broadside,1,t2.i1@T17,W17,1,5,1PP1P2,34.666666666666664,False,False,W17,1,5,1PP1P2,34.666666666666664,0.0,0,0,0,"t2.i1@T17(broadside,d1,m+5)",0.7222222222222222,True,U17,4,0,16.083333333333332,18.583333333333332,3,5,2,,True,U17,18.583333333333332,0.5360576923076923,11.38888888888889,0.39017489711934156,0.0,0.5360576923076923,10
close:2v1,close,2v1,32421337,direct,580,34.666666666666664,2,30,0.3425925925925926,192,9,0,9,IBS-U-IJN-HATSUYUKI,TT1,port,B,2,1,2,6,U17,1.1388888888888888,broadside,1,t2.i1@T17,W17,1,5,1PP1P2,34.666666666666664,False,False,W17,1,5,1PP1P2,34.666666666666664,0.0,0,0,0,"t2.i1@T17(broadside,d1,m+5)",0.7222222222222222,True,U17,4,0,16.083333333333332,18.583333333333332,3,5,2,,True,U17,18.583333333333332,0.5360576923076923,11.38888888888889,0.39017489711934156,0.0,0.5360576923076923,10
close:2v1,close,2v1,33233554,direct,580,34.666666666666664,2,30,0.3425925925925926,192,9,0,9,IBS-U-IJN-HATSUYUKI,TT1,starboard,B,0,1,2,2,U17,1.1388888888888888,broadside,1,t2.i1@T17,W17,1,5,1PP1P2,34.666666666666664,False,False,W17,1,5,1PP1P2,34.666666666666664,0.0,0,0,0,"t2.i1@T17(broadside,d1,m+5)",0.7222222222222222,True,U17,4,0,16.083333333333332,18.583333333333332,3,5,2,,True,U17,18.583333333333332,0.5360576923076923,11.38888888888889,0.39017489711934156,0.0,0.5360576923076923,10
close:2v1,close,2v1,34045771,direct,580,34.666666666666664,2,30,0.3425925925925926,192,9,0,9,IBS-U-IJN-FUBUKI,TT1,port,A,1,0,2,6,T19,1.1388888888888888,broadside,2,t2.i2@T17,W17,1,5,1PP1P2,34.666666666666664,True,True,V17,6,5,1P1P1P1P1,28.666666666666664,6.0,1,0,1,,0.0,True,V17,6,5,28.666666666666664,6.0,1,0,1,,True,V17,6.0,0.1730769230769231,11.38888888888889,0.39017489711934156,0.1730769230769231,0.1730769230769231,10
close:2v1,close,2v1,34857988,direct,580,34.666666666666664,2,30,0.3425925925925926,192,9,0,9,IBS-U-IJN-HATSUYUKI,TT1,starboard,B,0,1,2,2,U17,1.1388888888888888,broadside,1,t2.i1@T17,W17,1,5,1PP1P2,34.666666666666664,False,False,W17,1,5,1PP1P2,34.666666666666664,0.0,0,0,0,"t2.i1@T17(broadside,d1,m+5)",0.7222222222222222,True,U17,4,0,16.083333333333332,18.583333333333332,3,5,2,,True,U17,18.583333333333332,0.5360576923076923,11.38888888888889,0.39017489711934156,0.0,0.5360576923076923,10
close:2v1,close,2v1,35670205,direct,580,34.666666666666664,2,30,0.3425925925925926,192,9,0,9,IBS-U-IJN-HATSUYUKI,TT1,port,B,1,1,2,6,U17,1.1388888888888888,broadside,1,t2.i1@T17,W17,1,5,1PP1P2,34.666666666666664,False,False,W17,1,5,1PP1P2,34.666666666666664,0.0,0,0,0,"t2.i1@T17(broadside,d1,m+5)",0.7222222222222222,True,U17,4,0,16.083333333333332,18.583333333333332,3,5,2,,True,U17,18.583333333333332,0.5360576923076923,11.38888888888889,0.39017489711934156,0.0,0.5360576923076923,10
close:2v1,close,2v1,36482422,direct,580,34.666666666666664,2,30,0.3425925925925926,192,9,0,9,IBS-U-IJN-FUBUKI,TT1,port,A,2,0,2,6,T19,1.1388888888888888,broadside,2,t2.i2@T17,W17,1,5,1PP1P2,34.666666666666664,True,True,V17,6,5,1P1P1P1P1,28.666666666666664,6.0,1,0,1,,0.0,True,V17,6,5,28.666666666666664,6.0,1,0,1,,True,V17,6.0,0.1730769230769231,11.38888888888889,0.39017489711934156,0.1730769230769231,0.1730769230769231,10
close:2v1,close,2v1,37294639,direct,580,34.666666666666664,2,30,0.3425925925925926,192,9,0,9,IBS-U-IJN-FUBUKI,TT1,port,A,2,0,2,6,T19,1.1388888888888888,broadside,2,t2.i2@T17,W17,1,5,1PP1P2,34.666666666666664,True,True,V17,6,5,1P1P1P1P1,28.666666666666664,6.0,1,0,1,,0.0,True,V17,6,5,28.666666666666664,6.0,1,0,1,,True,V17,6.0,0.1730769230769231,11.38888888888889,0.39017489711934156,0.1730769230769231,0.1730769230769231,10
close:2v1,close,2v1,38106856,direct,580,34.666666666666664,2,30,0.3425925925925926,192,9,0,9,IBS-U-IJN-HATSUYUKI,TT1,starboard,B,1,1,2,2,U17,1.1388888888888888,broadside,1,t2.i1@T17,W17,1,5,1PP1P2,34.666666666666664,False,False,W17,1,5,1PP1P2,34.666666666666664,0.0,0,0,0,"t2.i1@T17(broadside,d1,m+5)",0.7222222222222222,True,U17,4,0,16.083333333333332,18.583333333333332,3,5,2,,True,U17,18.583333333333332,0.5360576923076923,11.38888888888889,0.39017489711934156,0.0,0.5360576923076923,10
close:2v1,close,2v1,38919073,direct,580,34.666666666666664,2,30,0.3425925925925926,192,9,0,9,IBS-U-IJN-HATSUYUKI,TT1,port,B,0,1,2,6,U17,1.1388888888888888,broadside,1,t2.i1@T17,W17,1,5,1PP1P2,34.666666666666664,False,False,W17,1,5,1PP1P2,34.666666666666664,0.0,0,0,0,"t2.i1@T17(broadside,d1,m+5)",0.7222222222222222,True,U17,4,0,16.083333333333332,18.583333333333332,3,5,2,,True,U17,18.583333333333332,0.5360576923076923,11.38888888888889,0.39017489711934156,0.0,0.5360576923076923,10
close:2v1,close,2v1,39731290,direct,580,34.666666666666664,2,30,0.3425925925925926,192,9,0,9,IBS-U-IJN-HATSUYUKI,TT1,port,B,1,1,2,6,U17,1.1388888888888888,broadside,1,t2.i1@T17,W17,1,5,1PP1P2,34.666666666666664,False,False,W17,1,5,1PP1P2,34.666666666666664,0.0,0,0,0,"t2.i1@T17(broadside,d1,m+5)",0.7222222222222222,True,U17,4,0,16.083333333333332,18.583333333333332,3,5,2,,True,U17,18.583333333333332,0.5360576923076923,11.38888888888889,0.39017489711934156,0.0,0.5360576923076923,10
close:2v1,close,2v1,40543507,direct,580,34.666666666666664,2,30,0.3425925925925926,192,9,0,9,IBS-U-IJN-HATSUYUKI,TT1,starboard,B,2,1,2,2,U17,1.1388888888888888,broadside,1,t2.i1@T17,W17,1,5,1PP1P2,34.666666666666664,False,False,W17,1,5,1PP1P2,34.666666666666664,0.0,0,0,0,"t2.i1@T17(broadside,d1,m+5)",0.7222222222222222,True,U17,4,0,16.083333333333332,18.583333333333332,3,5,2,,True,U17,18.583333333333332,0.5360576923076923,11.38888888888889,0.39017489711934156,0.0,0.5360576923076923,10
close:2v1,close,2v1,41355724,direct,580,34.666666666666664,2,30,0.3425925925925926,192,9,0,9,IBS-U-IJN-FUBUKI,TT1,port,A,1,0,2,6,T19,1.1388888888888888,broadside,2,t2.i2@T17,W17,1,5,1PP1P2,34.666666666666664,True,True,V17,6,5,1P1P1P1P1,28.666666666666664,6.0,1,0,1,,0.0,True,V17,6,5,28.666666666666664,6.0,1,0,1,,True,V17,6.0,0.1730769230769231,11.38888888888889,0.39017489711934156,0.1730769230769231,0.1730769230769231,10
close:2v1,close,2v1,42167941,direct,580,34.666666666666664,2,30,0.3425925925925926,192,9,0,9,IBS-U-IJN-FUBUKI,TT1,port,A,0,0,2,6,T19,1.1388888888888888,broadside,2,t2.i2@T17,W17,1,5,1PP1P2,34.666666666666664,True,True,V17,6,5,1P1P1P1P1,28.666666666666664,6.0,1,0,1,,0.0,True,V17,6,5,28.666666666666664,6.0,1,0,1,,True,V17,6.0,0.1730769230769231,11.38888888888889,0.39017489711934156,0.1730769230769231,0.1730769230769231,10
close:2v1,close,2v1,42980158,direct,580,34.666666666666664,2,30,0.3425925925925926,192,9,0,9,IBS-U-IJN-HATSUYUKI,TT1,starboard,B,0,1,2,2,U17,1.1388888888888888,broadside,1,t2.i1@T17,W17,1,5,1PP1P2,34.666666666666664,False,False,W17,1,5,1PP1P2,34.666666666666664,0.0,0,0,0,"t2.i1@T17(broadside,d1,m+5)",0.7222222222222222,True,U17,4,0,16.083333333333332,18.583333333333332,3,5,2,,True,U17,18.583333333333332,0.5360576923076923,11.38888888888889,0.39017489711934156,0.0,0.5360576923076923,10
close:2v1,close,2v1,43792375,direct,580,34.666666666666664,2,30,0.3425925925925926,192,9,0,9,IBS-U-IJN-HATSUYUKI,TT1,port,B,0,1,2,6,U17,1.1388888888888888,broadside,1,t2.i1@T17,W17,1,5,1PP1P2,34.666666666666664,False,False,W17,1,5,1PP1P2,34.666666666666664,0.0,0,0,0,"t2.i1@T17(broadside,d1,m+5)",0.7222222222222222,True,U17,4,0,16.083333333333332,18.583333333333332,3,5,2,,True,U17,18.583333333333332,0.5360576923076923,11.38888888888889,0.39017489711934156,0.0,0.5360576923076923,10
close:2v1,close,2v1,44604592,direct,580,34.666666666666664,2,30,0.3425925925925926,192,9,0,9,IBS-U-IJN-FUBUKI,TT1,port,A,2,0,2,6,T19,1.1388888888888888,broadside,2,t2.i2@T17,W17,1,5,1PP1P2,34.666666666666664,True,True,V17,6,5,1P1P1P1P1,28.666666666666664,6.0,1,0,1,,0.0,True,V17,6,5,28.666666666666664,6.0,1,0,1,,True,V17,6.0,0.1730769230769231,11.38888888888889,0.39017489711934156,0.1730769230769231,0.1730769230769231,10
close:2v1,close,2v1,45416809,direct,580,34.666666666666664,2,30,0.3425925925925926,192,9,0,9,IBS-U-IJN-HATSUYUKI,TT1,starboard,B,2,1,2,2,U17,1.1388888888888888,broadside,1,t2.i1@T17,W17,1,5,1PP1P2,34.666666666666664,False,False,W17,1,5,1PP1P2,34.666666666666664,0.0,0,0,0,"t2.i1@T17(broadside,d1,m+5)",0.7222222222222222,True,U17,4,0,16.083333333333332,18.583333333333332,3,5,2,,True,U17,18.583333333333332,0.5360576923076923,11.38888888888889,0.39017489711934156,0.0,0.5360576923076923,10
close:2v1,close,2v1,46229026,direct,580,34.666666666666664,2,30,0.3425925925925926,192,9,0,9,IBS-U-IJN-HATSUYUKI,TT1,starboard,B,2,1,2,2,U17,1.1388888888888888,broadside,1,t2.i1@T17,W17,1,5,1PP1P2,34.666666666666664,False,False,W17,1,5,1PP1P2,34.666666666666664,0.0,0,0,0,"t2.i1@T17(broadside,d1,m+5)",0.7222222222222222,True,U17,4,0,16.083333333333332,18.583333333333332,3,5,2,,True,U17,18.583333333333332,0.5360576923076923,11.38888888888889,0.39017489711934156,0.0,0.5360576923076923,10
close:2v1,close,2v1,47041243,direct,580,34.666666666666664,2,30,0.3425925925925926,192,9,0,9,IBS-U-IJN-FUBUKI,TT1,port,A,2,0,2,6,T19,1.1388888888888888,broadside,2,t2.i2@T17,W17,1,5,1PP1P2,34.666666666666664,True,True,V17,6,5,1P1P1P1P1,28.666666666666664,6.0,1,0,1,,0.0,True,V17,6,5,28.666666666666664,6.0,1,0,1,,True,V17,6.0,0.1730769230769231,11.38888888888889,0.39017489711934156,0.1730769230769231,0.1730769230769231,10
close:2v1,close,2v1,47853460,direct,580,34.666666666666664,2,30,0.3425925925925926,192,9,0,9,IBS-U-IJN-FUBUKI,TT1,port,A,2,0,2,6,T19,1.1388888888888888,broadside,2,t2.i2@T17,W17,1,5,1PP1P2,34.666666666666664,True,True,V17,6,5,1P1P1P1P1,28.666666666666664,6.0,1,0,1,,0.0,True,V17,6,5,28.666666666666664,6.0,1,0,1,,True,V17,6.0,0.1730769230769231,11.38888888888889,0.39017489711934156,0.1730769230769231,0.1730769230769231,10
close:2v1,close,2v1,48665677,direct,580,34.666666666666664,2,30,0.3425925925925926,192,9,0,9,IBS-U-IJN-FUBUKI,TT1,port,A,1,0,2,6,T19,1.1388888888888888,broadside,2,t2.i2@T17,W17,1,5,1PP1P2,34.666666666666664,True,True,V17,6,5,1P1P1P1P1,28.666666666666664,6.0,1,0,1,,0.0,True,V17,6,5,28.666666666666664,6.0,1,0,1,,True,V17,6.0,0.1730769230769231,11.38888888888889,0.39017489711934156,0.1730769230769231,0.1730769230769231,10
close:2v1,close,2v1,49477894,direct,580,34.666666666666664,2,30,0.3425925925925926,192,9,0,9,IBS-U-IJN-HATSUYUKI,TT1,port,B,1,1,2,6,U17,1.1388888888888888,broadside,1,t2.i1@T17,W17,1,5,1PP1P2,34.666666666666664,False,False,W17,1,5,1PP1P2,34.666666666666664,0.0,0,0,0,"t2.i1@T17(broadside,d1,m+5)",0.7222222222222222,True,U17,4,0,16.083333333333332,18.583333333333332,3,5,2,,True,U17,18.583333333333332,0.5360576923076923,11.38888888888889,0.39017489711934156,0.0,0.5360576923076923,10
close:2v1,close,2v1,50290111,direct,580,34.666666666666664,2,30,0.3425925925925926,192,9,0,9,IBS-U-IJN-HATSUYUKI,TT1,starboard,B,0,1,2,2,U17,1.1388888888888888,broadside,1,t2.i1@T17,W17,1,5,1PP1P2,34.666666666666664,False,False,W17,1,5,1PP1P2,34.666666666666664,0.0,0,0,0,"t2.i1@T17(broadside,d1,m+5)",0.7222222222222222,True,U17,4,0,16.083333333333332,18.583333333333332,3,5,2,,True,U17,18.583333333333332,0.5360576923076923,11.38888888888889,0.39017489711934156,0.0,0.5360576923076923,10
crossing:1v1,crossing,1v1,21667827,low,580,5.333333333333333,33,4,0.3425925925925926,96,6,6,0,IBS-U-IJN-FUBUKI,TT1,port,A,2,1,2,6,U19,0.08333333333333333,broadside,9,t3.i4@U10,Q12,1,4,1PP1P1P,5.333333333333333,True,True,Q12,3,4,1PP1P1S,5.333333333333333,0.0,2,0,0,,0.0,True,Q12,3,4,5.333333333333333,0.0,2,0,0,,True,Q12,0.0,0.0,0.8333333333333333,0.028549382716049385,0.0,0.0,10
crossing:1v1,crossing,1v1,22480044,low,580,5.333333333333333,33,4,0.3425925925925926,96,6,6,0,IBS-U-IJN-FUBUKI,TT1,port,A,2,0,2,6,T19,0.08333333333333333,broadside,9,t3.i3@T10,Q12,1,4,1PP1P1P,5.333333333333333,True,True,Q12,3,4,1PP1P1S,5.333333333333333,0.0,2,0,0,,0.0,True,Q12,3,4,5.333333333333333,0.0,2,0,0,,True,Q12,0.0,0.0,0.8333333333333333,0.028549382716049385,0.0,0.0,10
crossing:1v1,crossing,1v1,23292261,low,580,5.333333333333333,33,4,0.3425925925925926,96,6,6,0,IBS-U-IJN-FUBUKI,TT1,port,B,1,1,2,6,U19,0.08333333333333333,broadside,9,t3.i3@T10,Q12,1,4,1PP1P1P,5.333333333333333,True,True,Q12,3,4,1PP1P1S,5.333333333333333,0.0,2,0,0,,0.0,True,Q12,3,4,5.333333333333333,0.0,2,0,0,,True,Q12,0.0,0.0,0.8333333333333333,0.028549382716049385,0.0,0.0,10
crossing:1v1,crossing,1v1,24104478,low,580,5.333333333333333,33,4,0.3425925925925926,96,6,6,0,IBS-U-IJN-FUBUKI,TT1,port,B,1,2,2,6,V18,0.08333333333333333,broadside,9,t3.i4@U10,Q12,1,4,1PP1P1P,5.333333333333333,True,True,Q12,3,4,1PP1P1S,5.333333333333333,0.0,2,0,0,,0.0,True,Q12,3,4,5.333333333333333,0.0,2,0,0,,True,Q12,0.0,0.0,0.8333333333333333,0.028549382716049385,0.0,0.0,10
crossing:1v1,crossing,1v1,24916695,low,580,5.333333333333333,33,4,0.3425925925925926,96,6,6,0,IBS-U-IJN-FUBUKI,TT1,port,B,2,2,2,6,V18,0.08333333333333333,broadside,9,t3.i5@U10,Q12,1,4,1PP1P1P,5.333333333333333,True,True,Q12,3,4,1PP1P1S,5.333333333333333,0.0,2,0,0,,0.0,True,Q12,3,4,5.333333333333333,0.0,2,0,0,,True,Q12,0.0,0.0,0.8333333333333333,0.028549382716049385,0.0,0.0,10
crossing:1v1,crossing,1v1,25728912,low,580,5.333333333333333,33,4,0.3425925925925926,96,6,6,0,IBS-U-IJN-FUBUKI,TT1,port,A,2,0,2,6,T19,0.08333333333333333,broadside,9,t3.i3@T10,Q12,1,4,1PP1P1P,5.333333333333333,True,True,Q12,3,4,1PP1P1S,5.333333333333333,0.0,2,0,0,,0.0,True,Q12,3,4,5.333333333333333,0.0,2,0,0,,True,Q12,0.0,0.0,0.8333333333333333,0.028549382716049385,0.0,0.0,10
crossing:1v1,crossing,1v1,26541129,low,580,5.333333333333333,33,4,0.3425925925925926,96,6,6,0,IBS-U-IJN-FUBUKI,TT1,port,B,2,2,2,6,V18,0.08333333333333333,broadside,9,t3.i5@U10,Q12,1,4,1PP1P1P,5.333333333333333,True,True,Q12,3,4,1PP1P1S,5.333333333333333,0.0,2,0,0,,0.0,True,Q12,3,4,5.333333333333333,0.0,2,0,0,,True,Q12,0.0,0.0,0.8333333333333333,0.028549382716049385,0.0,0.0,10
crossing:1v1,crossing,1v1,27353346,low,580,5.333333333333333,33,4,0.3425925925925926,96,6,6,0,IBS-U-IJN-FUBUKI,TT1,port,B,2,2,2,6,V18,0.08333333333333333,broadside,9,t3.i5@U10,Q12,1,4,1PP1P1P,5.333333333333333,True,True,Q12,3,4,1PP1P1S,5.333333333333333,0.0,2,0,0,,0.0,True,Q12,3,4,5.333333333333333,0.0,2,0,0,,True,Q12,0.0,0.0,0.8333333333333333,0.028549382716049385,0.0,0.0,10
crossing:1v1,crossing,1v1,28165563,low,580,5.333333333333333,33,4,0.3425925925925926,96,6,6,0,IBS-U-IJN-FUBUKI,TT1,port,A,2,0,2,6,T19,0.08333333333333333,broadside,9,t3.i3@T10,Q12,1,4,1PP1P1P,5.333333333333333,True,True,Q12,3,4,1PP1P1S,5.333333333333333,0.0,2,0,0,,0.0,True,Q12,3,4,5.333333333333333,0.0,2,0,0,,True,Q12,0.0,0.0,0.8333333333333333,0.028549382716049385,0.0,0.0,10
crossing:1v1,crossing,1v1,28977780,low,580,5.333333333333333,33,4,0.3425925925925926,96,6,6,0,IBS-U-IJN-FUBUKI,TT1,port,B,1,0,2,6,T19,0.08333333333333333,broadside,9,t3.i2@S11,Q12,1,4,1PP1P1P,5.333333333333333,True,True,Q12,3,4,1PP1P1S,5.333333333333333,0.0,2,0,0,,0.0,True,Q12,3,4,5.333333333333333,0.0,2,0,0,,True,Q12,0.0,0.0,0.8333333333333333,0.028549382716049385,0.0,0.0,10
crossing:1v1,crossing,1v1,29789997,low,580,5.333333333333333,33,4,0.3425925925925926,96,6,6,0,IBS-U-IJN-FUBUKI,TT1,port,B,1,0,2,6,T19,0.08333333333333333,broadside,9,t3.i2@S11,Q12,1,4,1PP1P1P,5.333333333333333,True,True,Q12,3,4,1PP1P1S,5.333333333333333,0.0,2,0,0,,0.0,True,Q12,3,4,5.333333333333333,0.0,2,0,0,,True,Q12,0.0,0.0,0.8333333333333333,0.028549382716049385,0.0,0.0,10
crossing:1v1,crossing,1v1,30602214,low,580,5.333333333333333,33,4,0.3425925925925926,96,6,6,0,IBS-U-IJN-FUBUKI,TT1,port,B,2,2,2,6,V18,0.08333333333333333,broadside,9,t3.i5@U10,Q12,1,4,1PP1P1P,5.333333333333333,True,True,Q12,3,4,1PP1P1S,5.333333333333333,0.0,2,0,0,,0.0,True,Q12,3,4,5.333333333333333,0.0,2,0,0,,True,Q12,0.0,0.0,0.8333333333333333,0.028549382716049385,0.0,0.0,10
crossing:1v1,crossing,1v1,31414431,low,580,5.333333333333333,33,4,0.3425925925925926,96,6,6,0,IBS-U-IJN-FUBUKI,TT1,port,B,1,1,2,6,U19,0.08333333333333333,broadside,9,t3.i3@T10,Q12,1,4,1PP1P1P,5.333333333333333,True,True,Q12,3,4,1PP1P1S,5.333333333333333,0.0,2,0,0,,0.0,True,Q12,3,4,5.333333333333333,0.0,2,0,0,,True,Q12,0.0,0.0,0.8333333333333333,0.028549382716049385,0.0,0.0,10
crossing:1v1,crossing,1v1,32226648,low,580,5.333333333333333,33,4,0.3425925925925926,96,6,6,0,IBS-U-IJN-FUBUKI,TT1,port,B,1,2,2,6,V18,0.08333333333333333,broadside,9,t3.i4@U10,Q12,1,4,1PP1P1P,5.333333333333333,True,True,Q12,3,4,1PP1P1S,5.333333333333333,0.0,2,0,0,,0.0,True,Q12,3,4,5.333333333333333,0.0,2,0,0,,True,Q12,0.0,0.0,0.8333333333333333,0.028549382716049385,0.0,0.0,10
crossing:1v1,crossing,1v1,33038865,low,580,5.333333333333333,33,4,0.3425925925925926,96,6,6,0,IBS-U-IJN-FUBUKI,TT1,port,A,2,0,2,6,T19,0.08333333333333333,broadside,9,t3.i3@T10,Q12,1,4,1PP1P1P,5.333333333333333,True,True,Q12,3,4,1PP1P1S,5.333333333333333,0.0,2,0,0,,0.0,True,Q12,3,4,5.333333333333333,0.0,2,0,0,,True,Q12,0.0,0.0,0.8333333333333333,0.028549382716049385,0.0,0.0,10
crossing:1v1,crossing,1v1,33851082,low,580,5.333333333333333,33,4,0.3425925925925926,96,6,6,0,IBS-U-IJN-FUBUKI,TT1,port,A,2,0,2,6,T19,0.08333333333333333,broadside,9,t3.i3@T10,Q12,1,4,1PP1P1P,5.333333333333333,True,True,Q12,3,4,1PP1P1S,5.333333333333333,0.0,2,0,0,,0.0,True,Q12,3,4,5.333333333333333,0.0,2,0,0,,True,Q12,0.0,0.0,0.8333333333333333,0.028549382716049385,0.0,0.0,10
crossing:1v1,crossing,1v1,34663299,low,580,5.333333333333333,33,4,0.3425925925925926,96,6,6,0,IBS-U-IJN-FUBUKI,TT1,port,B,1,2,2,6,V18,0.08333333333333333,broadside,9,t3.i4@U10,Q12,1,4,1PP1P1P,5.333333333333333,True,True,Q12,3,4,1PP1P1S,5.333333333333333,0.0,2,0,0,,0.0,True,Q12,3,4,5.333333333333333,0.0,2,0,0,,True,Q12,0.0,0.0,0.8333333333333333,0.028549382716049385,0.0,0.0,10
crossing:1v1,crossing,1v1,35475516,low,580,5.333333333333333,33,4,0.3425925925925926,96,6,6,0,IBS-U-IJN-FUBUKI,TT1,port,A,2,0,2,6,T19,0.08333333333333333,broadside,9,t3.i3@T10,Q12,1,4,1PP1P1P,5.333333333333333,True,True,Q12,3,4,1PP1P1S,5.333333333333333,0.0,2,0,0,,0.0,True,Q12,3,4,5.333333333333333,0.0,2,0,0,,True,Q12,0.0,0.0,0.8333333333333333,0.028549382716049385,0.0,0.0,10
crossing:1v1,crossing,1v1,36287733,low,580,5.333333333333333,33,4,0.3425925925925926,96,6,6,0,IBS-U-IJN-FUBUKI,TT1,port,B,1,0,2,6,T19,0.08333333333333333,broadside,9,t3.i2@S11,Q12,1,4,1PP1P1P,5.333333333333333,True,True,Q12,3,4,1PP1P1S,5.333333333333333,0.0,2,0,0,,0.0,True,Q12,3,4,5.333333333333333,0.0,2,0,0,,True,Q12,0.0,0.0,0.8333333333333333,0.028549382716049385,0.0,0.0,10
crossing:1v1,crossing,1v1,37099950,low,580,5.333333333333333,33,4,0.3425925925925926,96,6,6,0,IBS-U-IJN-FUBUKI,TT1,port,B,2,2,2,6,V18,0.08333333333333333,broadside,9,t3.i5@U10,Q12,1,4,1PP1P1P,5.333333333333333,True,True,Q12,3,4,1PP1P1S,5.333333333333333,0.0,2,0,0,,0.0,True,Q12,3,4,5.333333333333333,0.0,2,0,0,,True,Q12,0.0,0.0,0.8333333333333333,0.028549382716049385,0.0,0.0,10
crossing:1v1,crossing,1v1,37912167,low,580,5.333333333333333,33,4,0.3425925925925926,96,6,6,0,IBS-U-IJN-FUBUKI,TT1,port,B,1,0,2,6,T19,0.08333333333333333,broadside,9,t3.i2@S11,Q12,1,4,1PP1P1P,5.333333333333333,True,True,Q12,3,4,1PP1P1S,5.333333333333333,0.0,2,0,0,,0.0,True,Q12,3,4,5.333333333333333,0.0,2,0,0,,True,Q12,0.0,0.0,0.8333333333333333,0.028549382716049385,0.0,0.0,10
crossing:1v1,crossing,1v1,38724384,low,580,5.333333333333333,33,4,0.3425925925925926,96,6,6,0,IBS-U-IJN-FUBUKI,TT1,port,A,2,0,2,6,T19,0.08333333333333333,broadside,9,t3.i3@T10,Q12,1,4,1PP1P1P,5.333333333333333,True,True,Q12,3,4,1PP1P1S,5.333333333333333,0.0,2,0,0,,0.0,True,Q12,3,4,5.333333333333333,0.0,2,0,0,,True,Q12,0.0,0.0,0.8333333333333333,0.028549382716049385,0.0,0.0,10
crossing:1v1,crossing,1v1,39536601,low,580,5.333333333333333,33,4,0.3425925925925926,96,6,6,0,IBS-U-IJN-FUBUKI,TT1,port,A,2,1,2,6,U19,0.08333333333333333,broadside,9,t3.i4@U10,Q12,1,4,1PP1P1P,5.333333333333333,True,True,Q12,3,4,1PP1P1S,5.333333333333333,0.0,2,0,0,,0.0,True,Q12,3,4,5.333333333333333,0.0,2,0,0,,True,Q12,0.0,0.0,0.8333333333333333,0.028549382716049385,0.0,0.0,10
crossing:1v1,crossing,1v1,40348818,low,580,5.333333333333333,33,4,0.3425925925925926,96,6,6,0,IBS-U-IJN-FUBUKI,TT1,port,A,2,1,2,6,U19,0.08333333333333333,broadside,9,t3.i4@U10,Q12,1,4,1PP1P1P,5.333333333333333,True,True,Q12,3,4,1PP1P1S,5.333333333333333,0.0,2,0,0,,0.0,True,Q12,3,4,5.333333333333333,0.0,2,0,0,,True,Q12,0.0,0.0,0.8333333333333333,0.028549382716049385,0.0,0.0,10
crossing:1v1,crossing,1v1,41161035,low,580,5.333333333333333,33,4,0.3425925925925926,96,6,6,0,IBS-U-IJN-FUBUKI,TT1,port,B,1,1,2,6,U19,0.08333333333333333,broadside,9,t3.i3@T10,Q12,1,4,1PP1P1P,5.333333333333333,True,True,Q12,3,4,1PP1P1S,5.333333333333333,0.0,2,0,0,,0.0,True,Q12,3,4,5.333333333333333,0.0,2,0,0,,True,Q12,0.0,0.0,0.8333333333333333,0.028549382716049385,0.0,0.0,10
crossing:1v1,crossing,1v1,41973252,low,580,5.333333333333333,33,4,0.3425925925925926,96,6,6,0,IBS-U-IJN-FUBUKI,TT1,port,B,1,2,2,6,V18,0.08333333333333333,broadside,9,t3.i4@U10,Q12,1,4,1PP1P1P,5.333333333333333,True,True,Q12,3,4,1PP1P1S,5.333333333333333,0.0,2,0,0,,0.0,True,Q12,3,4,5.333333333333333,0.0,2,0,0,,True,Q12,0.0,0.0,0.8333333333333333,0.028549382716049385,0.0,0.0,10
crossing:1v1,crossing,1v1,42785469,low,580,5.333333333333333,33,4,0.3425925925925926,96,6,6,0,IBS-U-IJN-FUBUKI,TT1,port,B,2,2,2,6,V18,0.08333333333333333,broadside,9,t3.i5@U10,Q12,1,4,1PP1P1P,5.333333333333333,True,True,Q12,3,4,1PP1P1S,5.333333333333333,0.0,2,0,0,,0.0,True,Q12,3,4,5.333333333333333,0.0,2,0,0,,True,Q12,0.0,0.0,0.8333333333333333,0.028549382716049385,0.0,0.0,10
crossing:1v1,crossing,1v1,43597686,low,580,5.333333333333333,33,4,0.3425925925925926,96,6,6,0,IBS-U-IJN-FUBUKI,TT1,port,A,2,1,2,6,U19,0.08333333333333333,broadside,9,t3.i4@U10,Q12,1,4,1PP1P1P,5.333333333333333,True,True,Q12,3,4,1PP1P1S,5.333333333333333,0.0,2,0,0,,0.0,True,Q12,3,4,5.333333333333333,0.0,2,0,0,,True,Q12,0.0,0.0,0.8333333333333333,0.028549382716049385,0.0,0.0,10
crossing:1v1,crossing,1v1,44409903,low,580,5.333333333333333,33,4,0.3425925925925926,96,6,6,0,IBS-U-IJN-FUBUKI,TT1,port,A,2,1,2,6,U19,0.08333333333333333,broadside,9,t3.i4@U10,Q12,1,4,1PP1P1P,5.333333333333333,True,True,Q12,3,4,1PP1P1S,5.333333333333333,0.0,2,0,0,,0.0,True,Q12,3,4,5.333333333333333,0.0,2,0,0,,True,Q12,0.0,0.0,0.8333333333333333,0.028549382716049385,0.0,0.0,10
crossing:1v1,crossing,1v1,45222120,low,580,5.333333333333333,33,4,0.3425925925925926,96,6,6,0,IBS-U-IJN-FUBUKI,TT1,port,A,2,1,2,6,U19,0.08333333333333333,broadside,9,t3.i4@U10,Q12,1,4,1PP1P1P,5.333333333333333,True,True,Q12,3,4,1PP1P1S,5.333333333333333,0.0,2,0,0,,0.0,True,Q12,3,4,5.333333333333333,0.0,2,0,0,,True,Q12,0.0,0.0,0.8333333333333333,0.028549382716049385,0.0,0.0,10
crossing:1v1,crossing,1v1,46034337,low,580,5.333333333333333,33,4,0.3425925925925926,96,6,6,0,IBS-U-IJN-FUBUKI,TT1,port,A,2,1,2,6,U19,0.08333333333333333,broadside,9,t3.i4@U10,Q12,1,4,1PP1P1P,5.333333333333333,True,True,Q12,3,4,1PP1P1S,5.333333333333333,0.0,2,0,0,,0.0,True,Q12,3,4,5.333333333333333,0.0,2,0,0,,True,Q12,0.0,0.0,0.8333333333333333,0.028549382716049385,0.0,0.0,10
crossing:1v1,crossing,1v1,46846554,low,580,5.333333333333333,33,4,0.3425925925925926,96,6,6,0,IBS-U-IJN-FUBUKI,TT1,port,B,1,2,2,6,V18,0.08333333333333333,broadside,9,t3.i4@U10,Q12,1,4,1PP1P1P,5.333333333333333,True,True,Q12,3,4,1PP1P1S,5.333333333333333,0.0,2,0,0,,0.0,True,Q12,3,4,5.333333333333333,0.0,2,0,0,,True,Q12,0.0,0.0,0.8333333333333333,0.028549382716049385,0.0,0.0,10
crossing:1v1,crossing,1v1,47658771,low,580,5.333333333333333,33,4,0.3425925925925926,96,6,6,0,IBS-U-IJN-FUBUKI,TT1,port,B,2,2,2,6,V18,0.08333333333333333,broadside,9,t3.i5@U10,Q12,1,4,1PP1P1P,5.333333333333333,True,True,Q12,3,4,1PP1P1S,5.333333333333333,0.0,2,0,0,,0.0,True,Q12,3,4,5.333333333333333,0.0,2,0,0,,True,Q12,0.0,0.0,0.8333333333333333,0.028549382716049385,0.0,0.0,10
crossing:1v1,crossing,1v1,48470988,low,580,5.333333333333333,33,4,0.3425925925925926,96,6,6,0,IBS-U-IJN-FUBUKI,TT1,port,B,2,2,2,6,V18,0.08333333333333333,broadside,9,t3.i5@U10,Q12,1,4,1PP1P1P,5.333333333333333,True,True,Q12,3,4,1PP1P1S,5.333333333333333,0.0,2,0,0,,0.0,True,Q12,3,4,5.333333333333333,0.0,2,0,0,,True,Q12,0.0,0.0,0.8333333333333333,0.028549382716049385,0.0,0.0,10
crossing:1v1,crossing,1v1,49283205,low,580,5.333333333333333,33,4,0.3425925925925926,96,6,6,0,IBS-U-IJN-FUBUKI,TT1,port,A,2,0,2,6,T19,0.08333333333333333,broadside,9,t3.i3@T10,Q12,1,4,1PP1P1P,5.333333333333333,True,True,Q12,3,4,1PP1P1S,5.333333333333333,0.0,2,0,0,,0.0,True,Q12,3,4,5.333333333333333,0.0,2,0,0,,True,Q12,0.0,0.0,0.8333333333333333,0.028549382716049385,0.0,0.0,10
crossing:1v1,crossing,1v1,50095422,low,580,5.333333333333333,33,4,0.3425925925925926,96,6,6,0,IBS-U-IJN-FUBUKI,TT1,port,B,1,2,2,6,V18,0.08333333333333333,broadside,9,t3.i4@U10,Q12,1,4,1PP1P1P,5.333333333333333,True,True,Q12,3,4,1PP1P1S,5.333333333333333,0.0,2,0,0,,0.0,True,Q12,3,4,5.333333333333333,0.0,2,0,0,,True,Q12,0.0,0.0,0.8333333333333333,0.028549382716049385,0.0,0.0,10
crossing:2v1,crossing,2v1,21962519,low,580,10.666666666666668,32,10,0.3425925925925926,192,6,6,0,IBS-U-IJN-FUBUKI,TT1,port,B,1,2,2,6,V18,0.08333333333333333,broadside,9,t3.i4@U10,Q12,1,4,1PP1P1P,10.666666666666668,True,True,Q12,3,4,1PP1P1S,10.666666666666668,0.0,2,0,0,,0.0,True,Q12,3,4,10.666666666666668,0.0,2,0,0,,True,Q12,0.0,0.0,0.8333333333333333,0.028549382716049385,0.0,0.0,10
crossing:2v1,crossing,2v1,22774736,low,580,10.666666666666668,32,10,0.3425925925925926,192,6,6,0,IBS-U-IJN-FUBUKI,TT1,port,B,2,2,2,6,V18,0.08333333333333333,broadside,9,t3.i5@U10,Q12,1,4,1PP1P1P,10.666666666666668,True,True,Q12,3,4,1PP1P1S,10.666666666666668,0.0,2,0,0,,0.0,True,Q12,3,4,10.666666666666668,0.0,2,0,0,,True,Q12,0.0,0.0,0.8333333333333333,0.028549382716049385,0.0,0.0,10
crossing:2v1,crossing,2v1,23586953,low,580,10.666666666666668,32,10,0.3425925925925926,192,6,6,0,IBS-U-IJN-FUBUKI,TT1,port,A,2,1,2,6,U19,0.08333333333333333,broadside,9,t3.i4@U10,Q12,1,4,1PP1P1P,10.666666666666668,True,True,Q12,3,4,1PP1P1S,10.666666666666668,0.0,2,0,0,,0.0,True,Q12,3,4,10.666666666666668,0.0,2,0,0,,True,Q12,0.0,0.0,0.8333333333333333,0.028549382716049385,0.0,0.0,10
crossing:2v1,crossing,2v1,24399170,low,580,10.666666666666668,32,10,0.3425925925925926,192,6,6,0,IBS-U-IJN-FUBUKI,TT1,port,A,2,1,2,6,U19,0.08333333333333333,broadside,9,t3.i4@U10,Q12,1,4,1PP1P1P,10.666666666666668,True,True,Q12,3,4,1PP1P1S,10.666666666666668,0.0,2,0,0,,0.0,True,Q12,3,4,10.666666666666668,0.0,2,0,0,,True,Q12,0.0,0.0,0.8333333333333333,0.028549382716049385,0.0,0.0,10
crossing:2v1,crossing,2v1,25211387,low,580,10.666666666666668,32,10,0.3425925925925926,192,6,6,0,IBS-U-IJN-FUBUKI,TT1,port,B,1,0,2,6,T19,0.08333333333333333,broadside,9,t3.i2@S11,Q12,1,4,1PP1P1P,10.666666666666668,True,True,Q12,3,4,1PP1P1S,10.666666666666668,0.0,2,0,0,,0.0,True,Q12,3,4,10.666666666666668,0.0,2,0,0,,True,Q12,0.0,0.0,0.8333333333333333,0.028549382716049385,0.0,0.0,10
crossing:2v1,crossing,2v1,26023604,low,580,10.666666666666668,32,10,0.3425925925925926,192,6,6,0,IBS-U-IJN-FUBUKI,TT1,port,A,2,1,2,6,U19,0.08333333333333333,broadside,9,t3.i4@U10,Q12,1,4,1PP1P1P,10.666666666666668,True,True,Q12,3,4,1PP1P1S,10.666666666666668,0.0,2,0,0,,0.0,True,Q12,3,4,10.666666666666668,0.0,2,0,0,,True,Q12,0.0,0.0,0.8333333333333333,0.028549382716049385,0.0,0.0,10
crossing:2v1,crossing,2v1,26835821,low,580,10.666666666666668,32,10,0.3425925925925926,192,6,6,0,IBS-U-IJN-FUBUKI,TT1,port,A,2,1,2,6,U19,0.08333333333333333,broadside,9,t3.i4@U10,Q12,1,4,1PP1P1P,10.666666666666668,True,True,Q12,3,4,1PP1P1S,10.666666666666668,0.0,2,0,0,,0.0,True,Q12,3,4,10.666666666666668,0.0,2,0,0,,True,Q12,0.0,0.0,0.8333333333333333,0.028549382716049385,0.0,0.0,10
crossing:2v1,crossing,2v1,27648038,low,580,10.666666666666668,32,10,0.3425925925925926,192,6,6,0,IBS-U-IJN-FUBUKI,TT1,port,A,2,1,2,6,U19,0.08333333333333333,broadside,9,t3.i4@U10,Q12,1,4,1PP1P1P,10.666666666666668,True,True,Q12,3,4,1PP1P1S,10.666666666666668,0.0,2,0,0,,0.0,True,Q12,3,4,10.666666666666668,0.0,2,0,0,,True,Q12,0.0,0.0,0.8333333333333333,0.028549382716049385,0.0,0.0,10
crossing:2v1,crossing,2v1,28460255,low,580,10.666666666666668,32,10,0.3425925925925926,192,6,6,0,IBS-U-IJN-FUBUKI,TT1,port,B,1,0,2,6,T19,0.08333333333333333,broadside,9,t3.i2@S11,Q12,1,4,1PP1P1P,10.666666666666668,True,True,Q12,3,4,1PP1P1S,10.666666666666668,0.0,2,0,0,,0.0,True,Q12,3,4,10.666666666666668,0.0,2,0,0,,True,Q12,0.0,0.0,0.8333333333333333,0.028549382716049385,0.0,0.0,10
crossing:2v1,crossing,2v1,29272472,low,580,10.666666666666668,32,10,0.3425925925925926,192,6,6,0,IBS-U-IJN-FUBUKI,TT1,port,B,1,2,2,6,V18,0.08333333333333333,broadside,9,t3.i4@U10,Q12,1,4,1PP1P1P,10.666666666666668,True,True,Q12,3,4,1PP1P1S,10.666666666666668,0.0,2,0,0,,0.0,True,Q12,3,4,10.666666666666668,0.0,2,0,0,,True,Q12,0.0,0.0,0.8333333333333333,0.028549382716049385,0.0,0.0,10
crossing:2v1,crossing,2v1,30084689,low,580,10.666666666666668,32,10,0.3425925925925926,192,6,6,0,IBS-U-IJN-FUBUKI,TT1,port,B,1,1,2,6,U19,0.08333333333333333,broadside,9,t3.i3@T10,Q12,1,4,1PP1P1P,10.666666666666668,True,True,Q12,3,4,1PP1P1S,10.666666666666668,0.0,2,0,0,,0.0,True,Q12,3,4,10.666666666666668,0.0,2,0,0,,True,Q12,0.0,0.0,0.8333333333333333,0.028549382716049385,0.0,0.0,10
crossing:2v1,crossing,2v1,30896906,low,580,10.666666666666668,32,10,0.3425925925925926,192,6,6,0,IBS-U-IJN-FUBUKI,TT1,port,B,1,2,2,6,V18,0.08333333333333333,broadside,9,t3.i4@U10,Q12,1,4,1PP1P1P,10.666666666666668,True,True,Q12,3,4,1PP1P1S,10.666666666666668,0.0,2,0,0,,0.0,True,Q12,3,4,10.666666666666668,0.0,2,0,0,,True,Q12,0.0,0.0,0.8333333333333333,0.028549382716049385,0.0,0.0,10
crossing:2v1,crossing,2v1,31709123,low,580,10.666666666666668,32,10,0.3425925925925926,192,6,6,0,IBS-U-IJN-FUBUKI,TT1,port,A,2,0,2,6,T19,0.08333333333333333,broadside,9,t3.i3@T10,Q12,1,4,1PP1P1P,10.666666666666668,True,True,Q12,3,4,1PP1P1S,10.666666666666668,0.0,2,0,0,,0.0,True,Q12,3,4,10.666666666666668,0.0,2,0,0,,True,Q12,0.0,0.0,0.8333333333333333,0.028549382716049385,0.0,0.0,10
crossing:2v1,crossing,2v1,32521340,low,580,10.666666666666668,32,10,0.3425925925925926,192,6,6,0,IBS-U-IJN-FUBUKI,TT1,port,B,2,2,2,6,V18,0.08333333333333333,broadside,9,t3.i5@U10,Q12,1,4,1PP1P1P,10.666666666666668,True,True,Q12,3,4,1PP1P1S,10.666666666666668,0.0,2,0,0,,0.0,True,Q12,3,4,10.666666666666668,0.0,2,0,0,,True,Q12,0.0,0.0,0.8333333333333333,0.028549382716049385,0.0,0.0,10
crossing:2v1,crossing,2v1,33333557,low,580,10.666666666666668,32,10,0.3425925925925926,192,6,6,0,IBS-U-IJN-FUBUKI,TT1,port,B,1,1,2,6,U19,0.08333333333333333,broadside,9,t3.i3@T10,Q12,1,4,1PP1P1P,10.666666666666668,True,True,Q12,3,4,1PP1P1S,10.666666666666668,0.0,2,0,0,,0.0,True,Q12,3,4,10.666666666666668,0.0,2,0,0,,True,Q12,0.0,0.0,0.8333333333333333,0.028549382716049385,0.0,0.0,10
crossing:2v1,crossing,2v1,34145774,low,580,10.666666666666668,32,10,0.3425925925925926,192,6,6,0,IBS-U-IJN-FUBUKI,TT1,port,B,1,2,2,6,V18,0.08333333333333333,broadside,9,t3.i4@U10,Q12,1,4,1PP1P1P,10.666666666666668,True,True,Q12,3,4,1PP1P1S,10.666666666666668,0.0,2,0,0,,0.0,True,Q12,3,4,10.666666666666668,0.0,2,0,0,,True,Q12,0.0,0.0,0.8333333333333333,0.028549382716049385,0.0,0.0,10
crossing:2v1,crossing,2v1,34957991,low,580,10.666666666666668,32,10,0.3425925925925926,192,6,6,0,IBS-U-IJN-FUBUKI,TT1,port,B,2,2,2,6,V18,0.08333333333333333,broadside,9,t3.i5@U10,Q12,1,4,1PP1P1P,10.666666666666668,True,True,Q12,3,4,1PP1P1S,10.666666666666668,0.0,2,0,0,,0.0,True,Q12,3,4,10.666666666666668,0.0,2,0,0,,True,Q12,0.0,0.0,0.8333333333333333,0.028549382716049385,0.0,0.0,10
crossing:2v1,crossing,2v1,35770208,low,580,10.666666666666668,32,10,0.3425925925925926,192,6,6,0,IBS-U-IJN-FUBUKI,TT1,port,B,1,0,2,6,T19,0.08333333333333333,broadside,9,t3.i2@S11,Q12,1,4,1PP1P1P,10.666666666666668,True,True,Q12,3,4,1PP1P1S,10.666666666666668,0.0,2,0,0,,0.0,True,Q12,3,4,10.666666666666668,0.0,2,0,0,,True,Q12,0.0,0.0,0.8333333333333333,0.028549382716049385,0.0,0.0,10
crossing:2v1,crossing,2v1,36582425,low,580,10.666666666666668,32,10,0.3425925925925926,192,6,6,0,IBS-U-IJN-FUBUKI,TT1,port,B,2,2,2,6,V18,0.08333333333333333,broadside,9,t3.i5@U10,Q12,1,4,1PP1P1P,10.666666666666668,True,True,Q12,3,4,1PP1P1S,10.666666666666668,0.0,2,0,0,,0.0,True,Q12,3,4,10.666666666666668,0.0,2,0,0,,True,Q12,0.0,0.0,0.8333333333333333,0.028549382716049385,0.0,0.0,10
crossing:2v1,crossing,2v1,37394642,low,580,10.666666666666668,32,10,0.3425925925925926,192,6,6,0,IBS-U-IJN-FUBUKI,TT1,port,B,2,2,2,6,V18,0.08333333333333333,broadside,9,t3.i5@U10,Q12,1,4,1PP1P1P,10.666666666666668,True,True,Q12,3,4,1PP1P1S,10.666666666666668,0.0,2,0,0,,0.0,True,Q12,3,4,10.666666666666668,0.0,2,0,0,,True,Q12,0.0,0.0,0.8333333333333333,0.028549382716049385,0.0,0.0,10
crossing:2v1,crossing,2v1,38206859,low,580,10.666666666666668,32,10,0.3425925925925926,192,6,6,0,IBS-U-IJN-FUBUKI,TT1,port,A,2,0,2,6,T19,0.08333333333333333,broadside,9,t3.i3@T10,Q12,1,4,1PP1P1P,10.666666666666668,True,True,Q12,3,4,1PP1P1S,10.666666666666668,0.0,2,0,0,,0.0,True,Q12,3,4,10.666666666666668,0.0,2,0,0,,True,Q12,0.0,0.0,0.8333333333333333,0.028549382716049385,0.0,0.0,10
crossing:2v1,crossing,2v1,39019076,low,580,10.666666666666668,32,10,0.3425925925925926,192,6,6,0,IBS-U-IJN-FUBUKI,TT1,port,A,2,0,2,6,T19,0.08333333333333333,broadside,9,t3.i3@T10,Q12,1,4,1PP1P1P,10.666666666666668,True,True,Q12,3,4,1PP1P1S,10.666666666666668,0.0,2,0,0,,0.0,True,Q12,3,4,10.666666666666668,0.0,2,0,0,,True,Q12,0.0,0.0,0.8333333333333333,0.028549382716049385,0.0,0.0,10
crossing:2v1,crossing,2v1,39831293,low,580,10.666666666666668,32,10,0.3425925925925926,192,6,6,0,IBS-U-IJN-FUBUKI,TT1,port,B,1,0,2,6,T19,0.08333333333333333,broadside,9,t3.i2@S11,Q12,1,4,1PP1P1P,10.666666666666668,True,True,Q12,3,4,1PP1P1S,10.666666666666668,0.0,2,0,0,,0.0,True,Q12,3,4,10.666666666666668,0.0,2,0,0,,True,Q12,0.0,0.0,0.8333333333333333,0.028549382716049385,0.0,0.0,10
crossing:2v1,crossing,2v1,40643510,low,580,10.666666666666668,32,10,0.3425925925925926,192,6,6,0,IBS-U-IJN-FUBUKI,TT1,port,B,2,2,2,6,V18,0.08333333333333333,broadside,9,t3.i5@U10,Q12,1,4,1PP1P1P,10.666666666666668,True,True,Q12,3,4,1PP1P1S,10.666666666666668,0.0,2,0,0,,0.0,True,Q12,3,4,10.666666666666668,0.0,2,0,0,,True,Q12,0.0,0.0,0.8333333333333333,0.028549382716049385,0.0,0.0,10
crossing:2v1,crossing,2v1,41455727,low,580,10.666666666666668,32,10,0.3425925925925926,192,6,6,0,IBS-U-IJN-FUBUKI,TT1,port,B,1,0,2,6,T19,0.08333333333333333,broadside,9,t3.i2@S11,Q12,1,4,1PP1P1P,10.666666666666668,True,True,Q12,3,4,1PP1P1S,10.666666666666668,0.0,2,0,0,,0.0,True,Q12,3,4,10.666666666666668,0.0,2,0,0,,True,Q12,0.0,0.0,0.8333333333333333,0.028549382716049385,0.0,0.0,10
crossing:2v1,crossing,2v1,42267944,low,580,10.666666666666668,32,10,0.3425925925925926,192,6,6,0,IBS-U-IJN-FUBUKI,TT1,port,B,2,2,2,6,V18,0.08333333333333333,broadside,9,t3.i5@U10,Q12,1,4,1PP1P1P,10.666666666666668,True,True,Q12,3,4,1PP1P1S,10.666666666666668,0.0,2,0,0,,0.0,True,Q12,3,4,10.666666666666668,0.0,2,0,0,,True,Q12,0.0,0.0,0.8333333333333333,0.028549382716049385,0.0,0.0,10
crossing:2v1,crossing,2v1,43080161,low,580,10.666666666666668,32,10,0.3425925925925926,192,6,6,0,IBS-U-IJN-FUBUKI,TT1,port,B,1,1,2,6,U19,0.08333333333333333,broadside,9,t3.i3@T10,Q12,1,4,1PP1P1P,10.666666666666668,True,True,Q12,3,4,1PP1P1S,10.666666666666668,0.0,2,0,0,,0.0,True,Q12,3,4,10.666666666666668,0.0,2,0,0,,True,Q12,0.0,0.0,0.8333333333333333,0.028549382716049385,0.0,0.0,10
crossing:2v1,crossing,2v1,43892378,low,580,10.666666666666668,32,10,0.3425925925925926,192,6,6,0,IBS-U-IJN-FUBUKI,TT1,port,B,1,2,2,6,V18,0.08333333333333333,broadside,9,t3.i4@U10,Q12,1,4,1PP1P1P,10.666666666666668,True,True,Q12,3,4,1PP1P1S,10.666666666666668,0.0,2,0,0,,0.0,True,Q12,3,4,10.666666666666668,0.0,2,0,0,,True,Q12,0.0,0.0,0.8333333333333333,0.028549382716049385,0.0,0.0,10
crossing:2v1,crossing,2v1,44704595,low,580,10.666666666666668,32,10,0.3425925925925926,192,6,6,0,IBS-U-IJN-FUBUKI,TT1,port,B,1,1,2,6,U19,0.08333333333333333,broadside,9,t3.i3@T10,Q12,1,4,1PP1P1P,10.666666666666668,True,True,Q12,3,4,1PP1P1S,10.666666666666668,0.0,2,0,0,,0.0,True,Q12,3,4,10.666666666666668,0.0,2,0,0,,True,Q12,0.0,0.0,0.8333333333333333,0.028549382716049385,0.0,0.0,10
crossing:2v1,crossing,2v1,45516812,low,580,10.666666666666668,32,10,0.3425925925925926,192,6,6,0,IBS-U-IJN-FUBUKI,TT1,port,B,2,2,2,6,V18,0.08333333333333333,broadside,9,t3.i5@U10,Q12,1,4,1PP1P1P,10.666666666666668,True,True,Q12,3,4,1PP1P1S,10.666666666666668,0.0,2,0,0,,0.0,True,Q12,3,4,10.666666666666668,0.0,2,0,0,,True,Q12,0.0,0.0,0.8333333333333333,0.028549382716049385,0.0,0.0,10
crossing:2v1,crossing,2v1,46329029,low,580,10.666666666666668,32,10,0.3425925925925926,192,6,6,0,IBS-U-IJN-FUBUKI,TT1,port,A,2,0,2,6,T19,0.08333333333333333,broadside,9,t3.i3@T10,Q12,1,4,1PP1P1P,10.666666666666668,True,True,Q12,3,4,1PP1P1S,10.666666666666668,0.0,2,0,0,,0.0,True,Q12,3,4,10.666666666666668,0.0,2,0,0,,True,Q12,0.0,0.0,0.8333333333333333,0.028549382716049385,0.0,0.0,10
crossing:2v1,crossing,2v1,47141246,low,580,10.666666666666668,32,10,0.3425925925925926,192,6,6,0,IBS-U-IJN-FUBUKI,TT1,port,A,2,0,2,6,T19,0.08333333333333333,broadside,9,t3.i3@T10,Q12,1,4,1PP1P1P,10.666666666666668,True,True,Q12,3,4,1PP1P1S,10.666666666666668,0.0,2,0,0,,0.0,True,Q12,3,4,10.666666666666668,0.0,2,0,0,,True,Q12,0.0,0.0,0.8333333333333333,0.028549382716049385,0.0,0.0,10
crossing:2v1,crossing,2v1,47953463,low,580,10.666666666666668,32,10,0.3425925925925926,192,6,6,0,IBS-U-IJN-FUBUKI,TT1,port,B,1,2,2,6,V18,0.08333333333333333,broadside,9,t3.i4@U10,Q12,1,4,1PP1P1P,10.666666666666668,True,True,Q12,3,4,1PP1P1S,10.666666666666668,0.0,2,0,0,,0.0,True,Q12,3,4,10.666666666666668,0.0,2,0,0,,True,Q12,0.0,0.0,0.8333333333333333,0.028549382716049385,0.0,0.0,10
crossing:2v1,crossing,2v1,48765680,low,580,10.666666666666668,32,10,0.3425925925925926,192,6,6,0,IBS-U-IJN-FUBUKI,TT1,port,B,1,2,2,6,V18,0.08333333333333333,broadside,9,t3.i4@U10,Q12,1,4,1PP1P1P,10.666666666666668,True,True,Q12,3,4,1PP1P1S,10.666666666666668,0.0,2,0,0,,0.0,True,Q12,3,4,10.666666666666668,0.0,2,0,0,,True,Q12,0.0,0.0,0.8333333333333333,0.028549382716049385,0.0,0.0,10
crossing:2v1,crossing,2v1,49577897,low,580,10.666666666666668,32,10,0.3425925925925926,192,6,6,0,IBS-U-IJN-FUBUKI,TT1,port,A,2,0,2,6,T19,0.08333333333333333,broadside,9,t3.i3@T10,Q12,1,4,1PP1P1P,10.666666666666668,True,True,Q12,3,4,1PP1P1S,10.666666666666668,0.0,2,0,0,,0.0,True,Q12,3,4,10.666666666666668,0.0,2,0,0,,True,Q12,0.0,0.0,0.8333333333333333,0.028549382716049385,0.0,0.0,10
crossing:2v1,crossing,2v1,50390114,low,580,10.666666666666668,32,10,0.3425925925925926,192,6,6,0,IBS-U-IJN-FUBUKI,TT1,port,B,1,0,2,6,T19,0.08333333333333333,broadside,9,t3.i2@S11,Q12,1,4,1PP1P1P,10.666666666666668,True,True,Q12,3,4,1PP1P1S,10.666666666666668,0.0,2,0,0,,0.0,True,Q12,3,4,10.666666666666668,0.0,2,0,0,,True,Q12,0.0,0.0,0.8333333333333333,0.028549382716049385,0.0,0.0,10
opposing:1v1,opposing,1v1,21767830,low,580,5.333333333333333,13,6,0.3425925925925926,96,5,5,0,IBS-U-IJN-FUBUKI,TT1,starboard,Y,0,2,2,3,V18,0.08333333333333333,broadside,7,t3.i1@V25,U26,1,5,1S4,5.333333333333333,True,True,U26,2,5,1S4S,5.333333333333333,0.0,1,0,0,,0.0,True,U26,2,5,5.333333333333333,0.0,1,0,0,,True,U26,0.0,0.0,0.8333333333333333,0.028549382716049385,0.0,0.0,10
opposing:1v1,opposing,1v1,22580047,low,580,5.333333333333333,13,6,0.3425925925925926,96,5,5,0,IBS-U-IJN-FUBUKI,TT1,starboard,Y,0,3,2,3,W18,0.08333333333333333,broadside,7,t3.i2@W25,U26,1,5,1S4,5.333333333333333,True,True,U26,2,5,1S4S,5.333333333333333,0.0,1,0,0,,0.0,True,U26,2,5,5.333333333333333,0.0,1,0,0,,True,U26,0.0,0.0,0.8333333333333333,0.028549382716049385,0.0,0.0,10
opposing:1v1,opposing,1v1,23392264,low,580,5.333333333333333,13,6,0.3425925925925926,96,5,5,0,IBS-U-IJN-FUBUKI,TT1,starboard,Y,0,2,2,3,V18,0.08333333333333333,broadside,7,t3.i1@V25,U26,1,5,1S4,5.333333333333333,True,True,U26,2,5,1S4S,5.333333333333333,0.0,1,0,0,,0.0,True,U26,2,5,5.333333333333333,0.0,1,0,0,,True,U26,0.0,0.0,0.8333333333333333,0.028549382716049385,0.0,0.0,10
opposing:1v1,opposing,1v1,24204481,low,580,5.333333333333333,13,6,0.3425925925925926,96,5,5,0,IBS-U-IJN-FUBUKI,TT1,starboard,X,1,3,2,3,W18,0.08333333333333333,broadside,7,t3.i3@X24,U26,1,5,1S4,5.333333333333333,True,True,U26,2,5,1S4S,5.333333333333333,0.0,1,0,0,,0.0,True,U26,2,5,5.333333333333333,0.0,1,0,0,,True,U26,0.0,0.0,0.8333333333333333,0.028549382716049385,0.0,0.0,10
opposing:1v1,opposing,1v1,25016698,low,580,5.333333333333333,13,6,0.3425925925925926,96,5,5,0,IBS-U-IJN-FUBUKI,TT1,starboard,X,1,1,2,3,U19,0.08333333333333333,broadside,7,t3.i1@V25,U26,1,5,1S4,5.333333333333333,True,True,U26,2,5,1S4S,5.333333333333333,0.0,1,0,0,,0.0,True,U26,2,5,5.333333333333333,0.0,1,0,0,,True,U26,0.0,0.0,0.8333333333333333,0.028549382716049385,0.0,0.0,10
opposing:1v1,opposing,1v1,25828915,low,580,5.333333333333333,13,6,0.3425925925925926,96,5,5,0,IBS-U-IJN-FUBUKI,TT1,starboard,X,1,1,2,3,U19,0.08333333333333333,broadside,7,t3.i1@V25,U26,1,5,1S4,5.333333333333333,True,True,U26,2,5,1S4S,5.333333333333333,0.0,1,0,0,,0.0,True,U26,2,5,5.333333333333333,0.0,1,0,0,,True,U26,0.0,0.0,0.8333333333333333,0.028549382716049385,0.0,0.0,10
opposing:1v1,opposing,1v1,26641132,low,580,5.333333333333333,13,6,0.3425925925925926,96,5,5,0,IBS-U-IJN-FUBUKI,TT1,starboard,Y,0,3,2,3,W18,0.08333333333333333,broadside,7,t3.i2@W25,U26,1,5,1S4,5.333333333333333,True,True,U26,2,5,1S4S,5.333333333333333,0.0,1,0,0,,0.0,True,U26,2,5,5.333333333333333,0.0,1,0,0,,True,U26,0.0,0.0,0.8333333333333333,0.028549382716049385,0.0,0.0,10
opposing:1v1,opposing,1v1,27453349,low,580,5.333333333333333,13,6,0.3425925925925926,96,5,5,0,IBS-U-IJN-FUBUKI,TT1,starboard,Y,0,3,2,3,W18,0.08333333333333333,broadside,7,t3.i2@W25,U26,1,5,1S4,5.333333333333333,True,True,U26,2,5,1S4S,5.333333333333333,0.0,1,0,0,,0.0,True,U26,2,5,5.333333333333333,0.0,1,0,0,,True,U26,0.0,0.0,0.8333333333333333,0.028549382716049385,0.0,0.0,10
opposing:1v1,opposing,1v1,28265566,low,580,5.333333333333333,13,6,0.3425925925925926,96,5,5,0,IBS-U-IJN-FUBUKI,TT1,starboard,X,1,2,2,3,V18,0.08333333333333333,broadside,7,t3.i2@W25,U26,1,5,1S4,5.333333333333333,True,True,U26,2,5,1S4S,5.333333333333333,0.0,1,0,0,,0.0,True,U26,2,5,5.333333333333333,0.0,1,0,0,,True,U26,0.0,0.0,0.8333333333333333,0.028549382716049385,0.0,0.0,10
opposing:1v1,opposing,1v1,29077783,low,580,5.333333333333333,13,6,0.3425925925925926,96,5,5,0,IBS-U-IJN-FUBUKI,TT1,starboard,X,1,3,2,3,W18,0.08333333333333333,broadside,7,t3.i3@X24,U26,1,5,1S4,5.333333333333333,True,True,U26,2,5,1S4S,5.333333333333333,0.0,1,0,0,,0.0,True,U26,2,5,5.333333333333333,0.0,1,0,0,,True,U26,0.0,0.0,0.8333333333333333,0.028549382716049385,0.0,0.0,10
opposing:1v1,opposing,1v1,29890000,low,580,5.333333333333333,13,6,0.3425925925925926,96,5,5,0,IBS-U-IJN-FUBUKI,TT1,starboard,X,1,1,2,3,U19,0.08333333333333333,broadside,7,t3.i1@V25,U26,1,5,1S4,5.333333333333333,True,True,U26,2,5,1S4S,5.333333333333333,0.0,1,0,0,,0.0,True,U26,2,5,5.333333333333333,0.0,1,0,0,,True,U26,0.0,0.0,0.8333333333333333,0.028549382716049385,0.0,0.0,10
opposing:1v1,opposing,1v1,30702217,low,580,5.333333333333333,13,6,0.3425925925925926,96,5,5,0,IBS-U-IJN-FUBUKI,TT1,starboard,X,1,1,2,3,U19,0.08333333333333333,broadside,7,t3.i1@V25,U26,1,5,1S4,5.333333333333333,True,True,U26,2,5,1S4S,5.333333333333333,0.0,1,0,0,,0.0,True,U26,2,5,5.333333333333333,0.0,1,0,0,,True,U26,0.0,0.0,0.8333333333333333,0.028549382716049385,0.0,0.0,10
opposing:1v1,opposing,1v1,31514434,low,580,5.333333333333333,13,6,0.3425925925925926,96,5,5,0,IBS-U-IJN-FUBUKI,TT1,starboard,Y,0,3,2,3,W18,0.08333333333333333,broadside,7,t3.i2@W25,U26,1,5,1S4,5.333333333333333,True,True,U26,2,5,1S4S,5.333333333333333,0.0,1,0,0,,0.0,True,U26,2,5,5.333333333333333,0.0,1,0,0,,True,U26,0.0,0.0,0.8333333333333333,0.028549382716049385,0.0,0.0,10
opposing:1v1,opposing,1v1,32326651,low,580,5.333333333333333,13,6,0.3425925925925926,96,5,5,0,IBS-U-IJN-FUBUKI,TT1,starboard,Y,0,2,2,3,V18,0.08333333333333333,broadside,7,t3.i1@V25,U26,1,5,1S4,5.333333333333333,True,True,U26,2,5,1S4S,5.333333333333333,0.0,1,0,0,,0.0,True,U26,2,5,5.333333333333333,0.0,1,0,0,,True,U26,0.0,0.0,0.8333333333333333,0.028549382716049385,0.0,0.0,10
opposing:1v1,opposing,1v1,33138868,low,580,5.333333333333333,13,6,0.3425925925925926,96,5,5,0,IBS-U-IJN-FUBUKI,TT1,starboard,X,1,3,2,3,W18,0.08333333333333333,broadside,7,t3.i3@X24,U26,1,5,1S4,5.333333333333333,True,True,U26,2,5,1S4S,5.333333333333333,0.0,1,0,0,,0.0,True,U26,2,5,5.333333333333333,0.0,1,0,0,,True,U26,0.0,0.0,0.8333333333333333,0.028549382716049385,0.0,0.0,10
opposing:1v1,opposing,1v1,33951085,low,580,5.333333333333333,13,6,0.3425925925925926,96,5,5,0,IBS-U-IJN-FUBUKI,TT1,starboard,Y,0,3,2,3,W18,0.08333333333333333,broadside,7,t3.i2@W25,U26,1,5,1S4,5.333333333333333,True,True,U26,2,5,1S4S,5.333333333333333,0.0,1,0,0,,0.0,True,U26,2,5,5.333333333333333,0.0,1,0,0,,True,U26,0.0,0.0,0.8333333333333333,0.028549382716049385,0.0,0.0,10
opposing:1v1,opposing,1v1,34763302,low,580,5.333333333333333,13,6,0.3425925925925926,96,5,5,0,IBS-U-IJN-FUBUKI,TT1,starboard,X,1,3,2,3,W18,0.08333333333333333,broadside,7,t3.i3@X24,U26,1,5,1S4,5.333333333333333,True,True,U26,2,5,1S4S,5.333333333333333,0.0,1,0,0,,0.0,True,U26,2,5,5.333333333333333,0.0,1,0,0,,True,U26,0.0,0.0,0.8333333333333333,0.028549382716049385,0.0,0.0,10
opposing:1v1,opposing,1v1,35575519,low,580,5.333333333333333,13,6,0.3425925925925926,96,5,5,0,IBS-U-IJN-FUBUKI,TT1,starboard,Y,0,2,2,3,V18,0.08333333333333333,broadside,7,t3.i1@V25,U26,1,5,1S4,5.333333333333333,True,True,U26,2,5,1S4S,5.333333333333333,0.0,1,0,0,,0.0,True,U26,2,5,5.333333333333333,0.0,1,0,0,,True,U26,0.0,0.0,0.8333333333333333,0.028549382716049385,0.0,0.0,10
opposing:1v1,opposing,1v1,36387736,low,580,5.333333333333333,13,6,0.3425925925925926,96,5,5,0,IBS-U-IJN-FUBUKI,TT1,starboard,Y,0,2,2,3,V18,0.08333333333333333,broadside,7,t3.i1@V25,U26,1,5,1S4,5.333333333333333,True,True,U26,2,5,1S4S,5.333333333333333,0.0,1,0,0,,0.0,True,U26,2,5,5.333333333333333,0.0,1,0,0,,True,U26,0.0,0.0,0.8333333333333333,0.028549382716049385,0.0,0.0,10
opposing:1v1,opposing,1v1,37199953,low,580,5.333333333333333,13,6,0.3425925925925926,96,5,5,0,IBS-U-IJN-FUBUKI,TT1,starboard,X,1,2,2,3,V18,0.08333333333333333,broadside,7,t3.i2@W25,U26,1,5,1S4,5.333333333333333,True,True,U26,2,5,1S4S,5.333333333333333,0.0,1,0,0,,0.0,True,U26,2,5,5.333333333333333,0.0,1,0,0,,True,U26,0.0,0.0,0.8333333333333333,0.028549382716049385,0.0,0.0,10
opposing:1v1,opposing,1v1,38012170,low,580,5.333333333333333,13,6,0.3425925925925926,96,5,5,0,IBS-U-IJN-FUBUKI,TT1,starboard,X,1,2,2,3,V18,0.08333333333333333,broadside,7,t3.i2@W25,U26,1,5,1S4,5.333333333333333,True,True,U26,2,5,1S4S,5.333333333333333,0.0,1,0,0,,0.0,True,U26,2,5,5.333333333333333,0.0,1,0,0,,True,U26,0.0,0.0,0.8333333333333333,0.028549382716049385,0.0,0.0,10
opposing:1v1,opposing,1v1,38824387,low,580,5.333333333333333,13,6,0.3425925925925926,96,5,5,0,IBS-U-IJN-FUBUKI,TT1,starboard,X,1,2,2,3,V18,0.08333333333333333,broadside,7,t3.i2@W25,U26,1,5,1S4,5.333333333333333,True,True,U26,2,5,1S4S,5.333333333333333,0.0,1,0,0,,0.0,True,U26,2,5,5.333333333333333,0.0,1,0,0,,True,U26,0.0,0.0,0.8333333333333333,0.028549382716049385,0.0,0.0,10
opposing:1v1,opposing,1v1,39636604,low,580,5.333333333333333,13,6,0.3425925925925926,96,5,5,0,IBS-U-IJN-FUBUKI,TT1,starboard,X,1,1,2,3,U19,0.08333333333333333,broadside,7,t3.i1@V25,U26,1,5,1S4,5.333333333333333,True,True,U26,2,5,1S4S,5.333333333333333,0.0,1,0,0,,0.0,True,U26,2,5,5.333333333333333,0.0,1,0,0,,True,U26,0.0,0.0,0.8333333333333333,0.028549382716049385,0.0,0.0,10
opposing:1v1,opposing,1v1,40448821,low,580,5.333333333333333,13,6,0.3425925925925926,96,5,5,0,IBS-U-IJN-FUBUKI,TT1,starboard,X,1,2,2,3,V18,0.08333333333333333,broadside,7,t3.i2@W25,U26,1,5,1S4,5.333333333333333,True,True,U26,2,5,1S4S,5.333333333333333,0.0,1,0,0,,0.0,True,U26,2,5,5.333333333333333,0.0,1,0,0,,True,U26,0.0,0.0,0.8333333333333333,0.028549382716049385,0.0,0.0,10
opposing:1v1,opposing,1v1,41261038,low,580,5.333333333333333,13,6,0.3425925925925926,96,5,5,0,IBS-U-IJN-FUBUKI,TT1,starboard,Y,0,2,2,3,V18,0.08333333333333333,broadside,7,t3.i1@V25,U26,1,5,1S4,5.333333333333333,True,True,U26,2,5,1S4S,5.333333333333333,0.0,1,0,0,,0.0,True,U26,2,5,5.333333333333333,0.0,1,0,0,,True,U26,0.0,0.0,0.8333333333333333,0.028549382716049385,0.0,0.0,10
opposing:1v1,opposing,1v1,42073255,low,580,5.333333333333333,13,6,0.3425925925925926,96,5,5,0,IBS-U-IJN-FUBUKI,TT1,starboard,X,1,1,2,3,U19,0.08333333333333333,broadside,7,t3.i1@V25,U26,1,5,1S4,5.333333333333333,True,True,U26,2,5,1S4S,5.333333333333333,0.0,1,0,0,,0.0,True,U26,2,5,5.333333333333333,0.0,1,0,0,,True,U26,0.0,0.0,0.8333333333333333,0.028549382716049385,0.0,0.0,10
opposing:1v1,opposing,1v1,42885472,low,580,5.333333333333333,13,6,0.3425925925925926,96,5,5,0,IBS-U-IJN-FUBUKI,TT1,starboard,X,1,2,2,3,V18,0.08333333333333333,broadside,7,t3.i2@W25,U26,1,5,1S4,5.333333333333333,True,True,U26,2,5,1S4S,5.333333333333333,0.0,1,0,0,,0.0,True,U26,2,5,5.333333333333333,0.0,1,0,0,,True,U26,0.0,0.0,0.8333333333333333,0.028549382716049385,0.0,0.0,10
opposing:1v1,opposing,1v1,43697689,low,580,5.333333333333333,13,6,0.3425925925925926,96,5,5,0,IBS-U-IJN-FUBUKI,TT1,starboard,X,1,3,2,3,W18,0.08333333333333333,broadside,7,t3.i3@X24,U26,1,5,1S4,5.333333333333333,True,True,U26,2,5,1S4S,5.333333333333333,0.0,1,0,0,,0.0,True,U26,2,5,5.333333333333333,0.0,1,0,0,,True,U26,0.0,0.0,0.8333333333333333,0.028549382716049385,0.0,0.0,10
opposing:1v1,opposing,1v1,44509906,low,580,5.333333333333333,13,6,0.3425925925925926,96,5,5,0,IBS-U-IJN-FUBUKI,TT1,starboard,X,1,2,2,3,V18,0.08333333333333333,broadside,7,t3.i2@W25,U26,1,5,1S4,5.333333333333333,True,True,U26,2,5,1S4S,5.333333333333333,0.0,1,0,0,,0.0,True,U26,2,5,5.333333333333333,0.0,1,0,0,,True,U26,0.0,0.0,0.8333333333333333,0.028549382716049385,0.0,0.0,10
opposing:1v1,opposing,1v1,45322123,low,580,5.333333333333333,13,6,0.3425925925925926,96,5,5,0,IBS-U-IJN-FUBUKI,TT1,starboard,X,1,1,2,3,U19,0.08333333333333333,broadside,7,t3.i1@V25,U26,1,5,1S4,5.333333333333333,True,True,U26,2,5,1S4S,5.333333333333333,0.0,1,0,0,,0.0,True,U26,2,5,5.333333333333333,0.0,1,0,0,,True,U26,0.0,0.0,0.8333333333333333,0.028549382716049385,0.0,0.0,10
opposing:1v1,opposing,1v1,46134340,low,580,5.333333333333333,13,6,0.3425925925925926,96,5,5,0,IBS-U-IJN-FUBUKI,TT1,starboard,Y,0,2,2,3,V18,0.08333333333333333,broadside,7,t3.i1@V25,U26,1,5,1S4,5.333333333333333,True,True,U26,2,5,1S4S,5.333333333333333,0.0,1,0,0,,0.0,True,U26,2,5,5.333333333333333,0.0,1,0,0,,True,U26,0.0,0.0,0.8333333333333333,0.028549382716049385,0.0,0.0,10
opposing:1v1,opposing,1v1,46946557,low,580,5.333333333333333,13,6,0.3425925925925926,96,5,5,0,IBS-U-IJN-FUBUKI,TT1,starboard,X,1,3,2,3,W18,0.08333333333333333,broadside,7,t3.i3@X24,U26,1,5,1S4,5.333333333333333,True,True,U26,2,5,1S4S,5.333333333333333,0.0,1,0,0,,0.0,True,U26,2,5,5.333333333333333,0.0,1,0,0,,True,U26,0.0,0.0,0.8333333333333333,0.028549382716049385,0.0,0.0,10
opposing:1v1,opposing,1v1,47758774,low,580,5.333333333333333,13,6,0.3425925925925926,96,5,5,0,IBS-U-IJN-FUBUKI,TT1,starboard,X,1,2,2,3,V18,0.08333333333333333,broadside,7,t3.i2@W25,U26,1,5,1S4,5.333333333333333,True,True,U26,2,5,1S4S,5.333333333333333,0.0,1,0,0,,0.0,True,U26,2,5,5.333333333333333,0.0,1,0,0,,True,U26,0.0,0.0,0.8333333333333333,0.028549382716049385,0.0,0.0,10
opposing:1v1,opposing,1v1,48570991,low,580,5.333333333333333,13,6,0.3425925925925926,96,5,5,0,IBS-U-IJN-FUBUKI,TT1,starboard,X,1,1,2,3,U19,0.08333333333333333,broadside,7,t3.i1@V25,U26,1,5,1S4,5.333333333333333,True,True,U26,2,5,1S4S,5.333333333333333,0.0,1,0,0,,0.0,True,U26,2,5,5.333333333333333,0.0,1,0,0,,True,U26,0.0,0.0,0.8333333333333333,0.028549382716049385,0.0,0.0,10
opposing:1v1,opposing,1v1,49383208,low,580,5.333333333333333,13,6,0.3425925925925926,96,5,5,0,IBS-U-IJN-FUBUKI,TT1,starboard,Y,0,3,2,3,W18,0.08333333333333333,broadside,7,t3.i2@W25,U26,1,5,1S4,5.333333333333333,True,True,U26,2,5,1S4S,5.333333333333333,0.0,1,0,0,,0.0,True,U26,2,5,5.333333333333333,0.0,1,0,0,,True,U26,0.0,0.0,0.8333333333333333,0.028549382716049385,0.0,0.0,10
opposing:1v1,opposing,1v1,50195425,low,580,5.333333333333333,13,6,0.3425925925925926,96,5,5,0,IBS-U-IJN-FUBUKI,TT1,starboard,X,1,3,2,3,W18,0.08333333333333333,broadside,7,t3.i3@X24,U26,1,5,1S4,5.333333333333333,True,True,U26,2,5,1S4S,5.333333333333333,0.0,1,0,0,,0.0,True,U26,2,5,5.333333333333333,0.0,1,0,0,,True,U26,0.0,0.0,0.8333333333333333,0.028549382716049385,0.0,0.0,10
opposing:2v1,opposing,2v1,22062522,low,580,6.666666666666667,12,14,0.3425925925925926,192,5,5,0,IBS-U-IJN-FUBUKI,TT1,starboard,Y,0,3,2,3,W18,0.08333333333333333,broadside,7,t3.i2@W25,U26,1,5,1S4,6.666666666666667,True,True,U26,2,5,1S4S,6.666666666666667,0.0,1,0,0,,0.0,True,U26,2,5,6.666666666666667,0.0,1,0,0,,True,U26,0.0,0.0,0.8333333333333333,0.028549382716049385,0.0,0.0,10
opposing:2v1,opposing,2v1,22874739,low,580,6.666666666666667,12,14,0.3425925925925926,192,5,5,0,IBS-U-IJN-FUBUKI,TT1,starboard,X,1,3,2,3,W18,0.08333333333333333,broadside,7,t3.i3@X24,U26,1,5,1S4,6.666666666666667,True,True,U26,2,5,1S4S,6.666666666666667,0.0,1,0,0,,0.0,True,U26,2,5,6.666666666666667,0.0,1,0,0,,True,U26,0.0,0.0,0.8333333333333333,0.028549382716049385,0.0,0.0,10
opposing:2v1,opposing,2v1,23686956,low,580,6.666666666666667,12,14,0.3425925925925926,192,5,5,0,IBS-U-IJN-FUBUKI,TT1,starboard,Y,0,2,2,3,V18,0.08333333333333333,broadside,7,t3.i1@V25,U26,1,5,1S4,6.666666666666667,True,True,U26,2,5,1S4S,6.666666666666667,0.0,1,0,0,,0.0,True,U26,2,5,6.666666666666667,0.0,1,0,0,,True,U26,0.0,0.0,0.8333333333333333,0.028549382716049385,0.0,0.0,10
opposing:2v1,opposing,2v1,24499173,low,580,6.666666666666667,12,14,0.3425925925925926,192,5,5,0,IBS-U-IJN-FUBUKI,TT1,starboard,X,1,1,2,3,U19,0.08333333333333333,broadside,7,t3.i1@V25,U26,1,5,1S4,6.666666666666667,True,True,U26,2,5,1S4S,6.666666666666667,0.0,1,0,0,,0.0,True,U26,2,5,6.666666666666667,0.0,1,0,0,,True,U26,0.0,0.0,0.8333333333333333,0.028549382716049385,0.0,0.0,10
opposing:2v1,opposing,2v1,25311390,low,580,6.666666666666667,12,14,0.3425925925925926,192,5,5,0,IBS-U-IJN-FUBUKI,TT1,starboard,Y,0,2,2,3,V18,0.08333333333333333,broadside,7,t3.i1@V25,U26,1,5,1S4,6.666666666666667,True,True,U26,2,5,1S4S,6.666666666666667,0.0,1,0,0,,0.0,True,U26,2,5,6.666666666666667,0.0,1,0,0,,True,U26,0.0,0.0,0.8333333333333333,0.028549382716049385,0.0,0.0,10
opposing:2v1,opposing,2v1,26123607,low,580,6.666666666666667,12,14,0.3425925925925926,192,5,5,0,IBS-U-IJN-FUBUKI,TT1,starboard,Y,0,2,2,3,V18,0.08333333333333333,broadside,7,t3.i1@V25,U26,1,5,1S4,6.666666666666667,True,True,U26,2,5,1S4S,6.666666666666667,0.0,1,0,0,,0.0,True,U26,2,5,6.666666666666667,0.0,1,0,0,,True,U26,0.0,0.0,0.8333333333333333,0.028549382716049385,0.0,0.0,10
opposing:2v1,opposing,2v1,26935824,low,580,6.666666666666667,12,14,0.3425925925925926,192,5,5,0,IBS-U-IJN-FUBUKI,TT1,starboard,X,1,2,2,3,V18,0.08333333333333333,broadside,7,t3.i2@W25,U26,1,5,1S4,6.666666666666667,True,True,U26,2,5,1S4S,6.666666666666667,0.0,1,0,0,,0.0,True,U26,2,5,6.666666666666667,0.0,1,0,0,,True,U26,0.0,0.0,0.8333333333333333,0.028549382716049385,0.0,0.0,10
opposing:2v1,opposing,2v1,27748041,low,580,6.666666666666667,12,14,0.3425925925925926,192,5,5,0,IBS-U-IJN-FUBUKI,TT1,starboard,X,1,3,2,3,W18,0.08333333333333333,broadside,7,t3.i3@X24,U26,1,5,1S4,6.666666666666667,True,True,U26,2,5,1S4S,6.666666666666667,0.0,1,0,0,,0.0,True,U26,2,5,6.666666666666667,0.0,1,0,0,,True,U26,0.0,0.0,0.8333333333333333,0.028549382716049385,0.0,0.0,10
opposing:2v1,opposing,2v1,28560258,low,580,6.666666666666667,12,14,0.3425925925925926,192,5,5,0,IBS-U-IJN-FUBUKI,TT1,starboard,Y,0,3,2,3,W18,0.08333333333333333,broadside,7,t3.i2@W25,U26,1,5,1S4,6.666666666666667,True,True,U26,2,5,1S4S,6.666666666666667,0.0,1,0,0,,0.0,True,U26,2,5,6.666666666666667,0.0,1,0,0,,True,U26,0.0,0.0,0.8333333333333333,0.028549382716049385,0.0,0.0,10
opposing:2v1,opposing,2v1,29372475,low,580,6.666666666666667,12,14,0.3425925925925926,192,5,5,0,IBS-U-IJN-FUBUKI,TT1,starboard,Y,0,2,2,3,V18,0.08333333333333333,broadside,7,t3.i1@V25,U26,1,5,1S4,6.666666666666667,True,True,U26,2,5,1S4S,6.666666666666667,0.0,1,0,0,,0.0,True,U26,2,5,6.666666666666667,0.0,1,0,0,,True,U26,0.0,0.0,0.8333333333333333,0.028549382716049385,0.0,0.0,10
opposing:2v1,opposing,2v1,30184692,low,580,6.666666666666667,12,14,0.3425925925925926,192,5,5,0,IBS-U-IJN-FUBUKI,TT1,starboard,X,1,3,2,3,W18,0.08333333333333333,broadside,7,t3.i3@X24,U26,1,5,1S4,6.666666666666667,True,True,U26,2,5,1S4S,6.666666666666667,0.0,1,0,0,,0.0,True,U26,2,5,6.666666666666667,0.0,1,0,0,,True,U26,0.0,0.0,0.8333333333333333,0.028549382716049385,0.0,0.0,10
opposing:2v1,opposing,2v1,30996909,low,580,6.666666666666667,12,14,0.3425925925925926,192,5,5,0,IBS-U-IJN-FUBUKI,TT1,starboard,Y,0,3,2,3,W18,0.08333333333333333,broadside,7,t3.i2@W25,U26,1,5,1S4,6.666666666666667,True,True,U26,2,5,1S4S,6.666666666666667,0.0,1,0,0,,0.0,True,U26,2,5,6.666666666666667,0.0,1,0,0,,True,U26,0.0,0.0,0.8333333333333333,0.028549382716049385,0.0,0.0,10
opposing:2v1,opposing,2v1,31809126,low,580,6.666666666666667,12,14,0.3425925925925926,192,5,5,0,IBS-U-IJN-FUBUKI,TT1,starboard,X,1,2,2,3,V18,0.08333333333333333,broadside,7,t3.i2@W25,U26,1,5,1S4,6.666666666666667,True,True,U26,2,5,1S4S,6.666666666666667,0.0,1,0,0,,0.0,True,U26,2,5,6.666666666666667,0.0,1,0,0,,True,U26,0.0,0.0,0.8333333333333333,0.028549382716049385,0.0,0.0,10
opposing:2v1,opposing,2v1,32621343,low,580,6.666666666666667,12,14,0.3425925925925926,192,5,5,0,IBS-U-IJN-FUBUKI,TT1,starboard,Y,0,3,2,3,W18,0.08333333333333333,broadside,7,t3.i2@W25,U26,1,5,1S4,6.666666666666667,True,True,U26,2,5,1S4S,6.666666666666667,0.0,1,0,0,,0.0,True,U26,2,5,6.666666666666667,0.0,1,0,0,,True,U26,0.0,0.0,0.8333333333333333,0.028549382716049385,0.0,0.0,10
opposing:2v1,opposing,2v1,33433560,low,580,6.666666666666667,12,14,0.3425925925925926,192,5,5,0,IBS-U-IJN-FUBUKI,TT1,starboard,Y,0,3,2,3,W18,0.08333333333333333,broadside,7,t3.i2@W25,U26,1,5,1S4,6.666666666666667,True,True,U26,2,5,1S4S,6.666666666666667,0.0,1,0,0,,0.0,True,U26,2,5,6.666666666666667,0.0,1,0,0,,True,U26,0.0,0.0,0.8333333333333333,0.028549382716049385,0.0,0.0,10
opposing:2v1,opposing,2v1,34245777,low,580,6.666666666666667,12,14,0.3425925925925926,192,5,5,0,IBS-U-IJN-FUBUKI,TT1,starboard,Y,0,3,2,3,W18,0.08333333333333333,broadside,7,t3.i2@W25,U26,1,5,1S4,6.666666666666667,True,True,U26,2,5,1S4S,6.666666666666667,0.0,1,0,0,,0.0,True,U26,2,5,6.666666666666667,0.0,1,0,0,,True,U26,0.0,0.0,0.8333333333333333,0.028549382716049385,0.0,0.0,10
opposing:2v1,opposing,2v1,35057994,low,580,6.666666666666667,12,14,0.3425925925925926,192,5,5,0,IBS-U-IJN-FUBUKI,TT1,starboard,X,1,1,2,3,U19,0.08333333333333333,broadside,7,t3.i1@V25,U26,1,5,1S4,6.666666666666667,True,True,U26,2,5,1S4S,6.666666666666667,0.0,1,0,0,,0.0,True,U26,2,5,6.666666666666667,0.0,1,0,0,,True,U26,0.0,0.0,0.8333333333333333,0.028549382716049385,0.0,0.0,10
opposing:2v1,opposing,2v1,35870211,low,580,6.666666666666667,12,14,0.3425925925925926,192,5,5,0,IBS-U-IJN-FUBUKI,TT1,starboard,Y,0,2,2,3,V18,0.08333333333333333,broadside,7,t3.i1@V25,U26,1,5,1S4,6.666666666666667,True,True,U26,2,5,1S4S,6.666666666666667,0.0,1,0,0,,0.0,True,U26,2,5,6.666666666666667,0.0,1,0,0,,True,U26,0.0,0.0,0.8333333333333333,0.028549382716049385,0.0,0.0,10
opposing:2v1,opposing,2v1,36682428,low,580,6.666666666666667,12,14,0.3425925925925926,192,5,5,0,IBS-U-IJN-FUBUKI,TT1,starboard,X,1,1,2,3,U19,0.08333333333333333,broadside,7,t3.i1@V25,U26,1,5,1S4,6.666666666666667,True,True,U26,2,5,1S4S,6.666666666666667,0.0,1,0,0,,0.0,True,U26,2,5,6.666666666666667,0.0,1,0,0,,True,U26,0.0,0.0,0.8333333333333333,0.028549382716049385,0.0,0.0,10
opposing:2v1,opposing,2v1,37494645,low,580,6.666666666666667,12,14,0.3425925925925926,192,5,5,0,IBS-U-IJN-FUBUKI,TT1,starboard,Y,0,2,2,3,V18,0.08333333333333333,broadside,7,t3.i1@V25,U26,1,5,1S4,6.666666666666667,True,True,U26,2,5,1S4S,6.666666666666667,0.0,1,0,0,,0.0,True,U26,2,5,6.666666666666667,0.0,1,0,0,,True,U26,0.0,0.0,0.8333333333333333,0.028549382716049385,0.0,0.0,10
opposing:2v1,opposing,2v1,38306862,low,580,6.666666666666667,12,14,0.3425925925925926,192,5,5,0,IBS-U-IJN-FUBUKI,TT1,starboard,Y,0,2,2,3,V18,0.08333333333333333,broadside,7,t3.i1@V25,U26,1,5,1S4,6.666666666666667,True,True,U26,2,5,1S4S,6.666666666666667,0.0,1,0,0,,0.0,True,U26,2,5,6.666666666666667,0.0,1,0,0,,True,U26,0.0,0.0,0.8333333333333333,0.028549382716049385,0.0,0.0,10
opposing:2v1,opposing,2v1,39119079,low,580,6.666666666666667,12,14,0.3425925925925926,192,5,5,0,IBS-U-IJN-FUBUKI,TT1,starboard,X,1,3,2,3,W18,0.08333333333333333,broadside,7,t3.i3@X24,U26,1,5,1S4,6.666666666666667,True,True,U26,2,5,1S4S,6.666666666666667,0.0,1,0,0,,0.0,True,U26,2,5,6.666666666666667,0.0,1,0,0,,True,U26,0.0,0.0,0.8333333333333333,0.028549382716049385,0.0,0.0,10
opposing:2v1,opposing,2v1,39931296,low,580,6.666666666666667,12,14,0.3425925925925926,192,5,5,0,IBS-U-IJN-FUBUKI,TT1,starboard,Y,0,3,2,3,W18,0.08333333333333333,broadside,7,t3.i2@W25,U26,1,5,1S4,6.666666666666667,True,True,U26,2,5,1S4S,6.666666666666667,0.0,1,0,0,,0.0,True,U26,2,5,6.666666666666667,0.0,1,0,0,,True,U26,0.0,0.0,0.8333333333333333,0.028549382716049385,0.0,0.0,10
opposing:2v1,opposing,2v1,40743513,low,580,6.666666666666667,12,14,0.3425925925925926,192,5,5,0,IBS-U-IJN-FUBUKI,TT1,starboard,X,1,3,2,3,W18,0.08333333333333333,broadside,7,t3.i3@X24,U26,1,5,1S4,6.666666666666667,True,True,U26,2,5,1S4S,6.666666666666667,0.0,1,0,0,,0.0,True,U26,2,5,6.666666666666667,0.0,1,0,0,,True,U26,0.0,0.0,0.8333333333333333,0.028549382716049385,0.0,0.0,10
opposing:2v1,opposing,2v1,41555730,low,580,6.666666666666667,12,14,0.3425925925925926,192,5,5,0,IBS-U-IJN-FUBUKI,TT1,starboard,X,1,2,2,3,V18,0.08333333333333333,broadside,7,t3.i2@W25,U26,1,5,1S4,6.666666666666667,True,True,U26,2,5,1S4S,6.666666666666667,0.0,1,0,0,,0.0,True,U26,2,5,6.666666666666667,0.0,1,0,0,,True,U26,0.0,0.0,0.8333333333333333,0.028549382716049385,0.0,0.0,10
opposing:2v1,opposing,2v1,42367947,low,580,6.666666666666667,12,14,0.3425925925925926,192,5,5,0,IBS-U-IJN-FUBUKI,TT1,starboard,X,1,1,2,3,U19,0.08333333333333333,broadside,7,t3.i1@V25,U26,1,5,1S4,6.666666666666667,True,True,U26,2,5,1S4S,6.666666666666667,0.0,1,0,0,,0.0,True,U26,2,5,6.666666666666667,0.0,1,0,0,,True,U26,0.0,0.0,0.8333333333333333,0.028549382716049385,0.0,0.0,10
opposing:2v1,opposing,2v1,43180164,low,580,6.666666666666667,12,14,0.3425925925925926,192,5,5,0,IBS-U-IJN-FUBUKI,TT1,starboard,X,1,2,2,3,V18,0.08333333333333333,broadside,7,t3.i2@W25,U26,1,5,1S4,6.666666666666667,True,True,U26,2,5,1S4S,6.666666666666667,0.0,1,0,0,,0.0,True,U26,2,5,6.666666666666667,0.0,1,0,0,,True,U26,0.0,0.0,0.8333333333333333,0.028549382716049385,0.0,0.0,10
opposing:2v1,opposing,2v1,43992381,low,580,6.666666666666667,12,14,0.3425925925925926,192,5,5,0,IBS-U-IJN-FUBUKI,TT1,starboard,X,1,1,2,3,U19,0.08333333333333333,broadside,7,t3.i1@V25,U26,1,5,1S4,6.666666666666667,True,True,U26,2,5,1S4S,6.666666666666667,0.0,1,0,0,,0.0,True,U26,2,5,6.666666666666667,0.0,1,0,0,,True,U26,0.0,0.0,0.8333333333333333,0.028549382716049385,0.0,0.0,10
opposing:2v1,opposing,2v1,44804598,low,580,6.666666666666667,12,14,0.3425925925925926,192,5,5,0,IBS-U-IJN-FUBUKI,TT1,starboard,Y,0,2,2,3,V18,0.08333333333333333,broadside,7,t3.i1@V25,U26,1,5,1S4,6.666666666666667,True,True,U26,2,5,1S4S,6.666666666666667,0.0,1,0,0,,0.0,True,U26,2,5,6.666666666666667,0.0,1,0,0,,True,U26,0.0,0.0,0.8333333333333333,0.028549382716049385,0.0,0.0,10
opposing:2v1,opposing,2v1,45616815,low,580,6.666666666666667,12,14,0.3425925925925926,192,5,5,0,IBS-U-IJN-FUBUKI,TT1,starboard,X,1,3,2,3,W18,0.08333333333333333,broadside,7,t3.i3@X24,U26,1,5,1S4,6.666666666666667,True,True,U26,2,5,1S4S,6.666666666666667,0.0,1,0,0,,0.0,True,U26,2,5,6.666666666666667,0.0,1,0,0,,True,U26,0.0,0.0,0.8333333333333333,0.028549382716049385,0.0,0.0,10
opposing:2v1,opposing,2v1,46429032,low,580,6.666666666666667,12,14,0.3425925925925926,192,5,5,0,IBS-U-IJN-FUBUKI,TT1,starboard,Y,0,3,2,3,W18,0.08333333333333333,broadside,7,t3.i2@W25,U26,1,5,1S4,6.666666666666667,True,True,U26,2,5,1S4S,6.666666666666667,0.0,1,0,0,,0.0,True,U26,2,5,6.666666666666667,0.0,1,0,0,,True,U26,0.0,0.0,0.8333333333333333,0.028549382716049385,0.0,0.0,10
opposing:2v1,opposing,2v1,47241249,low,580,6.666666666666667,12,14,0.3425925925925926,192,5,5,0,IBS-U-IJN-FUBUKI,TT1,starboard,X,1,3,2,3,W18,0.08333333333333333,broadside,7,t3.i3@X24,U26,1,5,1S4,6.666666666666667,True,True,U26,2,5,1S4S,6.666666666666667,0.0,1,0,0,,0.0,True,U26,2,5,6.666666666666667,0.0,1,0,0,,True,U26,0.0,0.0,0.8333333333333333,0.028549382716049385,0.0,0.0,10
opposing:2v1,opposing,2v1,48053466,low,580,6.666666666666667,12,14,0.3425925925925926,192,5,5,0,IBS-U-IJN-FUBUKI,TT1,starboard,Y,0,3,2,3,W18,0.08333333333333333,broadside,7,t3.i2@W25,U26,1,5,1S4,6.666666666666667,True,True,U26,2,5,1S4S,6.666666666666667,0.0,1,0,0,,0.0,True,U26,2,5,6.666666666666667,0.0,1,0,0,,True,U26,0.0,0.0,0.8333333333333333,0.028549382716049385,0.0,0.0,10
opposing:2v1,opposing,2v1,48865683,low,580,6.666666666666667,12,14,0.3425925925925926,192,5,5,0,IBS-U-IJN-FUBUKI,TT1,starboard,X,1,3,2,3,W18,0.08333333333333333,broadside,7,t3.i3@X24,U26,1,5,1S4,6.666666666666667,True,True,U26,2,5,1S4S,6.666666666666667,0.0,1,0,0,,0.0,True,U26,2,5,6.666666666666667,0.0,1,0,0,,True,U26,0.0,0.0,0.8333333333333333,0.028549382716049385,0.0,0.0,10
opposing:2v1,opposing,2v1,49677900,low,580,6.666666666666667,12,14,0.3425925925925926,192,5,5,0,IBS-U-IJN-FUBUKI,TT1,starboard,X,1,1,2,3,U19,0.08333333333333333,broadside,7,t3.i1@V25,U26,1,5,1S4,6.666666666666667,True,True,U26,2,5,1S4S,6.666666666666667,0.0,1,0,0,,0.0,True,U26,2,5,6.666666666666667,0.0,1,0,0,,True,U26,0.0,0.0,0.8333333333333333,0.028549382716049385,0.0,0.0,10
opposing:2v1,opposing,2v1,50490117,low,580,6.666666666666667,12,14,0.3425925925925926,192,5,5,0,IBS-U-IJN-FUBUKI,TT1,starboard,Y,0,3,2,3,W18,0.08333333333333333,broadside,7,t3.i2@W25,U26,1,5,1S4,6.666666666666667,True,True,U26,2,5,1S4S,6.666666666666667,0.0,1,0,0,,0.0,True,U26,2,5,6.666666666666667,0.0,1,0,0,,True,U26,0.0,0.0,0.8333333333333333,0.028549382716049385,0.0,0.0,10
