task,initial_seed,modality,severity_idx,window,agents,severity,return,failure,status
sampling,60000,act_delay,0,10,0,1.0,119.73687729853147,1,SUCCESS
sampling,60000,act_delay,0,10,1,1.0,119.73687729853147,1,SUCCESS
sampling,60000,act_delay,0,10,2,1.0,119.73687729853147,1,SUCCESS
sampling,60000,act_delay,0,30,0,1.0,119.73687729853147,1,SUCCESS
sampling,60000,act_delay,0,30,1,1.0,119.73687729853147,1,SUCCESS
sampling,60000,act_delay,0,30,2,1.0,119.73687729853147,1,SUCCESS
sampling,60000,act_delay,0,50,0,1.0,119.73687729853147,1,SUCCESS
sampling,60000,act_delay,0,50,1,1.0,119.73687729853147,1,SUCCESS
sampling,60000,act_delay,0,50,2,1.0,119.73687729853147,1,SUCCESS
sampling,60000,act_delay,0,70,0,1.0,119.73687729853147,1,SUCCESS
sampling,60000,act_delay,0,70,1,1.0,119.73687729853147,1,SUCCESS
sampling,60000,act_delay,0,70,2,1.0,119.73687729853147,1,SUCCESS
sampling,60000,act_delay,0,90,0,1.0,119.73687729853147,1,SUCCESS
sampling,60000,act_delay,0,90,1,1.0,119.73687729853147,1,SUCCESS
sampling,60000,act_delay,0,90,2,1.0,119.73687729853147,1,SUCCESS
sampling,60000,act_drop,0,10,0,0.1,104.63537108010314,1,SUCCESS
sampling,60000,act_drop,0,10,1,0.1,119.73200178608364,1,SUCCESS
sampling,60000,act_drop,0,10,2,0.1,119.51232187564773,1,SUCCESS
sampling,60000,act_drop,0,30,0,0.1,63.460074212715284,1,SUCCESS
sampling,60000,act_drop,0,30,1,0.1,119.72611045587023,1,SUCCESS
sampling,60000,act_drop,0,30,2,0.1,119.81245861872966,1,SUCCESS
sampling,60000,act_drop,0,50,0,0.1,117.24102770859788,1,SUCCESS
sampling,60000,act_drop,0,50,1,0.1,119.72873550704045,1,SUCCESS
sampling,60000,act_drop,0,50,2,0.1,119.7610608874564,1,SUCCESS
sampling,60000,act_drop,0,70,0,0.1,119.3445564603804,1,SUCCESS
sampling,60000,act_drop,0,70,1,0.1,119.73690604567972,1,SUCCESS
sampling,60000,act_drop,0,70,2,0.1,119.68217934194415,1,SUCCESS
sampling,60000,act_drop,0,90,0,0.1,118.17317014492757,1,SUCCESS
sampling,60000,act_drop,0,90,1,0.1,119.73687729839165,1,SUCCESS
sampling,60000,act_drop,0,90,2,0.1,119.69257821154947,1,SUCCESS
sampling,60000,act_drop,1,10,0,0.3,104.6325476974871,1,SUCCESS
sampling,60000,act_drop,1,10,1,0.3,119.7294653367096,1,SUCCESS
sampling,60000,act_drop,1,10,2,0.3,119.47382636926777,1,SUCCESS
sampling,60000,act_drop,1,30,0,0.3,113.4407100001137,1,SUCCESS
sampling,60000,act_drop,1,30,1,0.3,119.7235206202794,1,SUCCESS
sampling,60000,act_drop,1,30,2,0.3,119.77865692663755,1,SUCCESS
sampling,60000,act_drop,1,50,0,0.3,122.70766539596391,1,SUCCESS
sampling,60000,act_drop,1,50,1,0.3,119.73115241786664,1,SUCCESS
sampling,60000,act_drop,1,50,2,0.3,119.7807602566084,1,SUCCESS
sampling,60000,act_drop,1,70,0,0.3,113.82634663368125,1,SUCCESS
sampling,60000,act_drop,1,70,1,0.3,119.73690701198464,1,SUCCESS
sampling,60000,act_drop,1,70,2,0.3,119.67699259780994,1,SUCCESS
sampling,60000,act_drop,1,90,0,0.3,118.15191775120503,1,SUCCESS
sampling,60000,act_drop,1,90,1,0.3,119.73687729839165,1,SUCCESS
sampling,60000,act_drop,1,90,2,0.3,119.69277454924936,1,SUCCESS
sampling,60000,act_noise,0,10,0,0.05,116.7716202088221,1,SUCCESS
sampling,60000,act_noise,0,10,1,0.05,119.741556944444,1,SUCCESS
sampling,60000,act_noise,0,10,2,0.05,119.65830992315519,1,SUCCESS
sampling,60000,act_noise,0,30,0,0.05,117.8466510136359,1,SUCCESS
sampling,60000,act_noise,0,30,1,0.05,119.73543545899712,1,SUCCESS
sampling,60000,act_noise,0,30,2,0.05,119.69357745136698,1,SUCCESS
sampling,60000,act_noise,0,50,0,0.05,109.13599689200791,1,SUCCESS
sampling,60000,act_noise,0,50,1,0.05,119.7363781254861,1,SUCCESS
sampling,60000,act_noise,0,50,2,0.05,119.70665102257553,1,SUCCESS
sampling,60000,act_noise,0,70,0,0.05,119.50617482580584,1,SUCCESS
sampling,60000,act_noise,0,70,1,0.05,119.73687654965295,1,SUCCESS
sampling,60000,act_noise,0,70,2,0.05,119.7180999687765,1,SUCCESS
sampling,60000,act_noise,0,90,0,0.05,119.81925732511037,1,SUCCESS
sampling,60000,act_noise,0,90,1,0.05,119.73687729853532,1,SUCCESS
sampling,60000,act_noise,0,90,2,0.05,119.70090172498654,1,SUCCESS
sampling,60000,act_noise,1,10,0,0.2,108.9059942778173,1,SUCCESS
sampling,60000,act_noise,1,10,1,0.2,119.74895018413116,1,SUCCESS
sampling,60000,act_noise,1,10,2,0.2,119.58639051908843,1,SUCCESS
sampling,60000,act_noise,1,30,0,0.2,121.34114785321177,1,SUCCESS
sampling,60000,act_noise,1,30,1,0.2,119.73339559348923,1,SUCCESS
sampling,60000,act_noise,1,30,2,0.2,119.6616983048432,1,SUCCESS
sampling,60000,act_noise,1,50,0,0.2,121.53679337531825,1,SUCCESS
sampling,60000,act_noise,1,50,1,0.2,119.73105342253952,1,SUCCESS
sampling,60000,act_noise,1,50,2,0.2,119.71613359572153,1,SUCCESS
sampling,60000,act_noise,1,70,0,0.2,118.35798911321673,1,SUCCESS
sampling,60000,act_noise,1,70,1,0.2,119.73687651180467,1,SUCCESS
sampling,60000,act_noise,1,70,2,0.2,119.69911469963253,1,SUCCESS
sampling,60000,act_noise,1,90,0,0.2,120.1887658624344,1,SUCCESS
sampling,60000,act_noise,1,90,1,0.2,119.73687729869825,1,SUCCESS
sampling,60000,act_noise,1,90,2,0.2,119.70809969013246,1,SUCCESS
sampling,60000,dropout,0,10,0,1.0,117.8090546926735,1,SUCCESS
sampling,60000,dropout,0,10,0|1,1.0,117.79063971946793,1,SUCCESS
sampling,60000,dropout,0,10,0|2,1.0,117.47514181165654,1,SUCCESS
sampling,60000,dropout,0,10,1,1.0,119.71846302775322,1,SUCCESS
sampling,60000,dropout,0,10,1|2,1.0,119.38438848574755,1,SUCCESS
sampling,60000,dropout,0,10,2,1.0,119.40296486558428,1,SUCCESS
sampling,60000,dropout,0,30,0,1.0,110.8924888526759,1,SUCCESS
sampling,60000,dropout,0,30,0|1,1.0,110.88049243025537,1,SUCCESS
sampling,60000,dropout,0,30,0|2,1.0,110.72808384950974,1,SUCCESS
sampling,60000,dropout,0,30,1,1.0,119.72488077613232,1,SUCCESS
sampling,60000,dropout,0,30,1|2,1.0,119.56031397315357,1,SUCCESS
sampling,60000,dropout,0,30,2,1.0,119.57247278537344,1,SUCCESS
sampling,60000,dropout,0,50,0,1.0,112.53981273414459,1,SUCCESS
sampling,60000,dropout,0,50,0|1,1.0,112.52439363940992,1,SUCCESS
sampling,60000,dropout,0,50,0|2,1.0,112.46938640840514,1,SUCCESS
sampling,60000,dropout,0,50,1,1.0,119.72145806250222,1,SUCCESS
sampling,60000,dropout,0,50,1|2,1.0,119.65095515814384,1,SUCCESS
sampling,60000,dropout,0,50,2,1.0,119.66645110328561,1,SUCCESS
sampling,60000,dropout,0,70,0,1.0,114.79360341691117,1,SUCCESS
sampling,60000,dropout,0,70,0|1,1.0,114.79362552594884,1,SUCCESS
sampling,60000,dropout,0,70,0|2,1.0,114.72306599687015,1,SUCCESS
sampling,60000,dropout,0,70,1,1.0,119.73689956220285,1,SUCCESS
sampling,60000,dropout,0,70,1|2,1.0,119.66636254973163,1,SUCCESS
sampling,60000,dropout,0,70,2,1.0,119.66634028695408,1,SUCCESS
sampling,60000,dropout,0,90,0,1.0,117.1762443967973,1,SUCCESS
sampling,60000,dropout,0,90,0|1,1.0,117.17624439677618,1,SUCCESS
sampling,60000,dropout,0,90,0|2,1.0,117.1112732465983,1,SUCCESS
sampling,60000,dropout,0,90,1,1.0,119.7368772983996,1,SUCCESS
sampling,60000,dropout,0,90,1|2,1.0,119.6719063191654,1,SUCCESS
sampling,60000,dropout,0,90,2,1.0,119.67190631980243,1,SUCCESS
sampling,60000,obs_noise,0,10,0,0.05,115.61558378941326,1,SUCCESS
sampling,60000,obs_noise,0,10,0|1,0.05,108.09710365811634,1,SUCCESS
sampling,60000,obs_noise,0,10,0|2,0.05,108.03517814347883,1,SUCCESS
sampling,60000,obs_noise,0,10,1,0.05,119.73604520146692,1,SUCCESS
sampling,60000,obs_noise,0,10,1|2,0.05,119.66620089880189,1,SUCCESS
sampling,60000,obs_noise,0,10,2,0.05,119.77543446657005,1,SUCCESS
sampling,60000,obs_noise,0,30,0,0.05,109.88380110129098,1,SUCCESS
sampling,60000,obs_noise,0,30,0|1,0.05,108.48168746490117,1,SUCCESS
sampling,60000,obs_noise,0,30,0|2,0.05,108.59077077958258,1,SUCCESS
sampling,60000,obs_noise,0,30,1,0.05,119.73450153573243,1,SUCCESS
sampling,60000,obs_noise,0,30,1|2,0.05,119.8274495250201,1,SUCCESS
sampling,60000,obs_noise,0,30,2,0.05,119.75784340051719,1,SUCCESS
sampling,60000,obs_noise,0,50,0,0.05,111.01345085446462,1,SUCCESS
sampling,60000,obs_noise,0,50,0|1,0.05,111.41548902080801,1,SUCCESS
sampling,60000,obs_noise,0,50,0|2,0.05,111.4082044894798,1,SUCCESS
sampling,60000,obs_noise,0,50,1,0.05,119.74594891084817,1,SUCCESS
sampling,60000,obs_noise,0,50,1|2,0.05,119.75205697552865,1,SUCCESS
sampling,60000,obs_noise,0,50,2,0.05,119.73751345257469,1,SUCCESS
sampling,60000,obs_noise,0,70,0,0.05,121.13157769908894,1,SUCCESS
sampling,60000,obs_noise,0,70,0|1,0.05,119.4188478615099,1,SUCCESS
sampling,60000,obs_noise,0,70,0|2,0.05,119.40882503523429,1,SUCCESS
sampling,60000,obs_noise,0,70,1,0.05,119.73687645278174,1,SUCCESS
sampling,60000,obs_noise,0,70,1|2,0.05,119.72685355893839,1,SUCCESS
sampling,60000,obs_noise,0,70,2,0.05,119.74988307960429,1,SUCCESS
sampling,60000,obs_noise,0,90,0,0.05,119.63335100430005,1,SUCCESS
sampling,60000,obs_noise,0,90,0|1,0.05,119.67389634883943,1,SUCCESS
sampling,60000,obs_noise,0,90,0|2,0.05,119.71241343378962,1,SUCCESS
sampling,60000,obs_noise,0,90,1,0.05,119.73687729868217,1,SUCCESS
sampling,60000,obs_noise,0,90,1|2,0.05,119.77539438394405,1,SUCCESS
sampling,60000,obs_noise,0,90,2,0.05,119.7776063095912,1,SUCCESS
sampling,60000,obs_noise,1,10,0,0.1,124.11029677707506,1,SUCCESS
sampling,60000,obs_noise,1,10,0|1,0.1,114.43472964873752,1,SUCCESS
sampling,60000,obs_noise,1,10,0|2,0.1,114.3667972495981,1,SUCCESS
sampling,60000,obs_noise,1,10,1,0.1,119.7281617069199,1,SUCCESS
sampling,60000,obs_noise,1,10,1|2,0.1,119.63997940153546,1,SUCCESS
sampling,60000,obs_noise,1,10,2,0.1,119.7157813060313,1,SUCCESS
sampling,60000,obs_noise,1,30,0,0.1,123.88109621400497,1,SUCCESS
sampling,60000,obs_noise,1,30,0|1,0.1,116.42908927331702,1,SUCCESS
sampling,60000,obs_noise,1,30,0|2,0.1,116.66882085548379,1,SUCCESS
sampling,60000,obs_noise,1,30,1,0.1,119.7347556356305,1,SUCCESS
sampling,60000,obs_noise,1,30,1|2,0.1,119.96182713393826,1,SUCCESS
sampling,60000,obs_noise,1,30,2,0.1,119.93446127527032,1,SUCCESS
sampling,60000,obs_noise,1,50,0,0.1,117.24211254883598,1,SUCCESS
sampling,60000,obs_noise,1,50,0|1,0.1,115.0956417639603,1,SUCCESS
sampling,60000,obs_noise,1,50,0|2,0.1,115.06495944699934,1,SUCCESS
sampling,60000,obs_noise,1,50,1,0.1,119.76686855066376,1,SUCCESS
sampling,60000,obs_noise,1,50,1|2,0.1,119.7334402322336,1,SUCCESS
sampling,60000,obs_noise,1,50,2,0.1,119.7613398701399,1,SUCCESS
sampling,60000,obs_noise,1,70,0,0.1,121.83760270381028,1,SUCCESS
sampling,60000,obs_noise,1,70,0|1,0.1,120.28425658917061,1,SUCCESS
sampling,60000,obs_noise,1,70,0|2,0.1,120.26096187261551,1,SUCCESS
sampling,60000,obs_noise,1,70,1,0.1,119.73687740943038,1,SUCCESS
sampling,60000,obs_noise,1,70,1|2,0.1,119.71358459245171,1,SUCCESS
sampling,60000,obs_noise,1,70,2,0.1,119.74240284805332,1,SUCCESS
sampling,60000,obs_noise,1,90,0,0.1,120.68992292656505,1,SUCCESS
sampling,60000,obs_noise,1,90,0|1,0.1,119.61171711090881,1,SUCCESS
sampling,60000,obs_noise,1,90,0|2,0.1,119.6574150672782,1,SUCCESS
sampling,60000,obs_noise,1,90,1,0.1,119.73687729839165,1,SUCCESS
sampling,60000,obs_noise,1,90,1|2,0.1,119.78257525462121,1,SUCCESS
sampling,60000,obs_noise,1,90,2,0.1,119.80726608712168,1,SUCCESS
sampling,60000,obs_noise,2,10,0,0.2,107.63568895265242,1,SUCCESS
sampling,60000,obs_noise,2,10,0|1,0.2,115.58291258624354,1,SUCCESS
sampling,60000,obs_noise,2,10,0|2,0.2,115.49351061671513,1,SUCCESS
sampling,60000,obs_noise,2,10,1,0.2,119.72207171014811,1,SUCCESS
sampling,60000,obs_noise,2,10,1|2,0.2,119.6133897960103,1,SUCCESS
sampling,60000,obs_noise,2,10,2,0.2,119.64401255966048,1,SUCCESS
sampling,60000,obs_noise,2,30,0,0.2,102.18472705065953,1,SUCCESS
sampling,60000,obs_noise,2,30,0|1,0.2,119.62205164932571,1,SUCCESS
sampling,60000,obs_noise,2,30,0|2,0.2,120.5386637795491,1,SUCCESS
sampling,60000,obs_noise,2,30,1,0.2,119.72576853287258,1,SUCCESS
sampling,60000,obs_noise,2,30,1|2,0.2,120.63037979163735,1,SUCCESS
sampling,60000,obs_noise,2,30,2,0.2,121.04617615074068,1,SUCCESS
sampling,60000,obs_noise,2,50,0,0.2,110.44914258935259,1,SUCCESS
sampling,60000,obs_noise,2,50,0|1,0.2,109.51204934974086,1,SUCCESS
sampling,60000,obs_noise,2,50,0|2,0.2,109.4186969083556,1,SUCCESS
sampling,60000,obs_noise,2,50,1,0.2,119.77784984638038,1,SUCCESS
sampling,60000,obs_noise,2,50,1|2,0.2,119.69901369810219,1,SUCCESS
sampling,60000,obs_noise,2,50,2,0.2,119.67587807318388,1,SUCCESS
sampling,60000,obs_noise,2,70,0,0.2,121.24228036174125,1,SUCCESS
sampling,60000,obs_noise,2,70,0|1,0.2,118.32081475604903,1,SUCCESS
sampling,60000,obs_noise,2,70,0|2,0.2,118.26780878430134,1,SUCCESS
sampling,60000,obs_noise,2,70,1,0.2,119.73688261634496,1,SUCCESS
sampling,60000,obs_noise,2,70,1|2,0.2,119.68388826681533,1,SUCCESS
sampling,60000,obs_noise,2,70,2,0.2,119.7166943578754,1,SUCCESS
sampling,60000,obs_noise,2,90,0,0.2,121.57053854557627,1,SUCCESS
sampling,60000,obs_noise,2,90,0|1,0.2,121.74959038786054,1,SUCCESS
sampling,60000,obs_noise,2,90,0|2,0.2,121.76753630241092,1,SUCCESS
sampling,60000,obs_noise,2,90,1,0.2,119.73687729839165,1,SUCCESS
sampling,60000,obs_noise,2,90,1|2,0.2,119.7548233739233,1,SUCCESS
sampling,60000,obs_noise,2,90,2,0.2,119.8813863215869,1,SUCCESS
sampling,60000,obs_noise,3,10,0,0.4,111.4170151016015,1,SUCCESS
sampling,60000,obs_noise,3,10,0|1,0.4,109.4134049769626,1,SUCCESS
sampling,60000,obs_noise,3,10,0|2,0.4,109.21130960032943,1,SUCCESS
sampling,60000,obs_noise,3,10,1,0.4,119.72739468411994,1,SUCCESS
sampling,60000,obs_noise,3,10,1|2,0.4,119.51756347407844,1,SUCCESS
sampling,60000,obs_noise,3,10,2,0.4,119.6250770778588,1,SUCCESS
sampling,60000,obs_noise,3,30,0,0.4,125.81775892431644,1,SUCCESS
sampling,60000,obs_noise,3,30,0|1,0.4,116.41397183499595,1,SUCCESS
sampling,60000,obs_noise,3,30,0|2,0.4,117.40780350196246,1,SUCCESS
sampling,60000,obs_noise,3,30,1,0.4,119.71971181179656,1,SUCCESS
sampling,60000,obs_noise,3,30,1|2,0.4,120.70537239449757,1,SUCCESS
sampling,60000,obs_noise,3,30,2,0.4,140.6194765567285,1,SUCCESS
sampling,60000,obs_noise,3,50,0,0.4,110.87717661119478,1,SUCCESS
sampling,60000,obs_noise,3,50,0|1,0.4,107.48735378854177,1,SUCCESS
sampling,60000,obs_noise,3,50,0|2,0.4,107.39368359367806,1,SUCCESS
sampling,60000,obs_noise,3,50,1,0.4,119.83722120579029,1,SUCCESS
sampling,60000,obs_noise,3,50,1|2,0.4,119.6895571721679,1,SUCCESS
sampling,60000,obs_noise,3,50,2,0.4,119.66625071545238,1,SUCCESS
sampling,60000,obs_noise,3,70,0,0.4,121.43843343022375,1,SUCCESS
sampling,60000,obs_noise,3,70,0|1,0.4,122.10538416360853,1,SUCCESS
sampling,60000,obs_noise,3,70,0|2,0.4,122.03544627653123,1,SUCCESS
sampling,60000,obs_noise,3,70,1,0.4,119.73691503180841,1,SUCCESS
sampling,60000,obs_noise,3,70,1|2,0.4,119.66701864349753,1,SUCCESS
sampling,60000,obs_noise,3,70,2,0.4,119.67689777598872,1,SUCCESS
sampling,60000,obs_noise,3,90,0,0.4,120.82217966340411,1,SUCCESS
sampling,60000,obs_noise,3,90,0|1,0.4,122.34867790091246,1,SUCCESS
sampling,60000,obs_noise,3,90,0|2,0.4,122.31252289280702,1,SUCCESS
sampling,60000,obs_noise,3,90,1,0.4,119.73687730160354,1,SUCCESS
sampling,60000,obs_noise,3,90,1|2,0.4,119.70072245848294,1,SUCCESS
sampling,60000,obs_noise,3,90,2,0.4,119.81058727480878,1,SUCCESS
sampling,60001,act_delay,0,10,0,1.0,210.79075214266777,0,SUCCESS
sampling,60001,act_delay,0,10,1,1.0,210.79075214266777,0,SUCCESS
sampling,60001,act_delay,0,10,2,1.0,210.79075214266777,0,SUCCESS
sampling,60001,act_delay,0,30,0,1.0,210.79075214266777,0,SUCCESS
sampling,60001,act_delay,0,30,1,1.0,210.79075214266777,0,SUCCESS
sampling,60001,act_delay,0,30,2,1.0,210.79075214266777,0,SUCCESS
sampling,60001,act_delay,0,50,0,1.0,210.79075214266777,0,SUCCESS
sampling,60001,act_delay,0,50,1,1.0,210.79075214266777,0,SUCCESS
sampling,60001,act_delay,0,50,2,1.0,210.79075214266777,0,SUCCESS
sampling,60001,act_delay,0,70,0,1.0,210.79075214266777,0,SUCCESS
sampling,60001,act_delay,0,70,1,1.0,210.79075214266777,0,SUCCESS
sampling,60001,act_delay,0,70,2,1.0,210.79075214266777,0,SUCCESS
sampling,60001,act_delay,0,90,0,1.0,210.79075214266777,0,SUCCESS
sampling,60001,act_delay,0,90,1,1.0,210.79075214266777,0,SUCCESS
sampling,60001,act_delay,0,90,2,1.0,210.79075214266777,0,SUCCESS
sampling,60001,act_drop,0,10,0,0.1,210.79075214266777,0,SUCCESS
sampling,60001,act_drop,0,10,1,0.1,210.79075214266777,0,SUCCESS
sampling,60001,act_drop,0,10,2,0.1,210.79075214266777,0,SUCCESS
sampling,60001,act_drop,0,30,0,0.1,210.79075214266777,0,SUCCESS
sampling,60001,act_drop,0,30,1,0.1,210.79075214266777,0,SUCCESS
sampling,60001,act_drop,0,30,2,0.1,210.79075214266777,0,SUCCESS
sampling,60001,act_drop,0,50,0,0.1,210.79075214266777,0,SUCCESS
sampling,60001,act_drop,0,50,1,0.1,210.79075214266777,0,SUCCESS
sampling,60001,act_drop,0,50,2,0.1,210.79075214266777,0,SUCCESS
sampling,60001,act_drop,0,70,0,0.1,210.79075214266777,0,SUCCESS
sampling,60001,act_drop,0,70,1,0.1,210.79075214266777,0,SUCCESS
sampling,60001,act_drop,0,70,2,0.1,210.79075214266777,0,SUCCESS
sampling,60001,act_drop,0,90,0,0.1,210.79075214266777,0,SUCCESS
sampling,60001,act_drop,0,90,1,0.1,210.79075214266777,0,SUCCESS
sampling,60001,act_drop,0,90,2,0.1,210.79075214266777,0,SUCCESS
sampling,60001,act_drop,1,10,0,0.3,223.2365347640589,0,SUCCESS
sampling,60001,act_drop,1,10,1,0.3,207.23934423085302,0,SUCCESS
sampling,60001,act_drop,1,10,2,0.3,188.58480318635702,0,SUCCESS
sampling,60001,act_drop,1,30,0,0.3,205.38627335429192,0,SUCCESS
sampling,60001,act_drop,1,30,1,0.3,196.41546351928264,0,SUCCESS
sampling,60001,act_drop,1,30,2,0.3,209.5686203269288,0,SUCCESS
sampling,60001,act_drop,1,50,0,0.3,200.1581547120586,0,SUCCESS
sampling,60001,act_drop,1,50,1,0.3,213.59929253999144,0,SUCCESS
sampling,60001,act_drop,1,50,2,0.3,196.70869968552142,0,SUCCESS
sampling,60001,act_drop,1,70,0,0.3,204.66463961452246,0,SUCCESS
sampling,60001,act_drop,1,70,1,0.3,203.3173741120845,0,SUCCESS
sampling,60001,act_drop,1,70,2,0.3,205.2306915409863,0,SUCCESS
sampling,60001,act_drop,1,90,0,0.3,202.99981480836868,0,SUCCESS
sampling,60001,act_drop,1,90,1,0.3,208.584363296628,0,SUCCESS
sampling,60001,act_drop,1,90,2,0.3,208.68619841337204,0,SUCCESS
sampling,60001,act_noise,0,10,0,0.05,205.6120777213946,0,SUCCESS
sampling,60001,act_noise,0,10,1,0.05,212.87710422556847,0,SUCCESS
sampling,60001,act_noise,0,10,2,0.05,201.6320676393807,0,SUCCESS
sampling,60001,act_noise,0,30,0,0.05,216.4511167583987,0,SUCCESS
sampling,60001,act_noise,0,30,1,0.05,223.5941726686433,0,SUCCESS
sampling,60001,act_noise,0,30,2,0.05,201.44052343536168,0,SUCCESS
sampling,60001,act_noise,0,50,0,0.05,196.25116745755076,0,SUCCESS
sampling,60001,act_noise,0,50,1,0.05,204.19130487553775,0,SUCCESS
sampling,60001,act_noise,0,50,2,0.05,214.76843446679413,0,SUCCESS
sampling,60001,act_noise,0,70,0,0.05,202.35295450687408,0,SUCCESS
sampling,60001,act_noise,0,70,1,0.05,202.97271202504635,0,SUCCESS
sampling,60001,act_noise,0,70,2,0.05,209.86558811366558,0,SUCCESS
sampling,60001,act_noise,0,90,0,0.05,210.83922037482262,0,SUCCESS
sampling,60001,act_noise,0,90,1,0.05,210.87489160895348,0,SUCCESS
sampling,60001,act_noise,0,90,2,0.05,210.12899306416512,0,SUCCESS
sampling,60001,act_noise,1,10,0,0.2,215.29557431023568,0,SUCCESS
sampling,60001,act_noise,1,10,1,0.2,209.75764980632812,0,SUCCESS
sampling,60001,act_noise,1,10,2,0.2,216.34356809500605,0,SUCCESS
sampling,60001,act_noise,1,30,0,0.2,210.89994423743337,0,SUCCESS
sampling,60001,act_noise,1,30,1,0.2,232.68177520204335,0,SUCCESS
sampling,60001,act_noise,1,30,2,0.2,179.25627481006086,0,SUCCESS
sampling,60001,act_noise,1,50,0,0.2,198.3827911997214,0,SUCCESS
sampling,60001,act_noise,1,50,1,0.2,201.8064597202465,0,SUCCESS
sampling,60001,act_noise,1,50,2,0.2,185.04669583775103,0,SUCCESS
sampling,60001,act_noise,1,70,0,0.2,199.21693029999733,0,SUCCESS
sampling,60001,act_noise,1,70,1,0.2,203.55637213401496,0,SUCCESS
sampling,60001,act_noise,1,70,2,0.2,204.97875677794218,0,SUCCESS
sampling,60001,act_noise,1,90,0,0.2,207.3411645591259,0,SUCCESS
sampling,60001,act_noise,1,90,1,0.2,213.95447507500648,0,SUCCESS
sampling,60001,act_noise,1,90,2,0.2,210.86067643761635,0,SUCCESS
sampling,60001,dropout,0,10,0,1.0,177.51690741162747,0,SUCCESS
sampling,60001,dropout,0,10,0|1,1.0,199.49053184408695,0,SUCCESS
sampling,60001,dropout,0,10,0|2,1.0,171.84591031260788,0,SUCCESS
sampling,60001,dropout,0,10,1,1.0,202.7153779892251,0,SUCCESS
sampling,60001,dropout,0,10,1|2,1.0,217.07106911949813,0,SUCCESS
sampling,60001,dropout,0,10,2,1.0,216.78263278864324,0,SUCCESS
sampling,60001,dropout,0,30,0,1.0,192.5256681656465,0,SUCCESS
sampling,60001,dropout,0,30,0|1,1.0,206.39025944564492,0,SUCCESS
sampling,60001,dropout,0,30,0|2,1.0,209.4361447552219,0,SUCCESS
sampling,60001,dropout,0,30,1,1.0,196.08076296094805,0,SUCCESS
sampling,60001,dropout,0,30,1|2,1.0,177.49301862437278,0,SUCCESS
sampling,60001,dropout,0,30,2,1.0,168.08115068636835,0,SUCCESS
sampling,60001,dropout,0,50,0,1.0,196.98381301481277,0,SUCCESS
sampling,60001,dropout,0,50,0|1,1.0,194.38830253947526,0,SUCCESS
sampling,60001,dropout,0,50,0|2,1.0,185.28986296243966,0,SUCCESS
sampling,60001,dropout,0,50,1,1.0,190.8324657836929,0,SUCCESS
sampling,60001,dropout,0,50,1|2,1.0,179.3373619141057,0,SUCCESS
sampling,60001,dropout,0,50,2,1.0,188.3012596014887,0,SUCCESS
sampling,60001,dropout,0,70,0,1.0,190.18693786114454,0,SUCCESS
sampling,60001,dropout,0,70,0|1,1.0,162.20695640332997,0,SUCCESS
sampling,60001,dropout,0,70,0|2,1.0,187.19714886322618,0,SUCCESS
sampling,60001,dropout,0,70,1,1.0,180.4853148702532,0,SUCCESS
sampling,60001,dropout,0,70,1|2,1.0,177.4960940424353,0,SUCCESS
sampling,60001,dropout,0,70,2,1.0,204.8712088689208,0,SUCCESS
sampling,60001,dropout,0,90,0,1.0,199.36051279306412,0,SUCCESS
sampling,60001,dropout,0,90,0|1,1.0,182.18212759494781,0,SUCCESS
sampling,60001,dropout,0,90,0|2,1.0,194.8872562944889,0,SUCCESS
sampling,60001,dropout,0,90,1,1.0,193.61238487064838,0,SUCCESS
sampling,60001,dropout,0,90,1|2,1.0,189.13912823796272,0,SUCCESS
sampling,60001,dropout,0,90,2,1.0,206.31749510765076,0,SUCCESS
sampling,60001,obs_noise,0,10,0,0.05,210.8867139145732,0,SUCCESS
sampling,60001,obs_noise,0,10,0|1,0.05,198.43676151428372,0,SUCCESS
sampling,60001,obs_noise,0,10,0|2,0.05,208.83270641695708,0,SUCCESS
sampling,60001,obs_noise,0,10,1,0.05,213.74901821929961,0,SUCCESS
sampling,60001,obs_noise,0,10,1|2,0.05,231.55945620127022,0,SUCCESS
sampling,60001,obs_noise,0,10,2,0.05,196.99001432675868,0,SUCCESS
sampling,60001,obs_noise,0,30,0,0.05,184.02573068160564,0,SUCCESS
sampling,60001,obs_noise,0,30,0|1,0.05,222.37768599484116,0,SUCCESS
sampling,60001,obs_noise,0,30,0|2,0.05,205.51940430141985,0,SUCCESS
sampling,60001,obs_noise,0,30,1,0.05,217.47665092069656,0,SUCCESS
sampling,60001,obs_noise,0,30,1|2,0.05,201.57429380435497,0,SUCCESS
sampling,60001,obs_noise,0,30,2,0.05,203.5603466592729,0,SUCCESS
sampling,60001,obs_noise,0,50,0,0.05,211.2993746213615,0,SUCCESS
sampling,60001,obs_noise,0,50,0|1,0.05,202.8641179986298,0,SUCCESS
sampling,60001,obs_noise,0,50,0|2,0.05,209.828613800928,0,SUCCESS
sampling,60001,obs_noise,0,50,1,0.05,208.61997471470386,0,SUCCESS
sampling,60001,obs_noise,0,50,1|2,0.05,221.90176856238395,0,SUCCESS
sampling,60001,obs_noise,0,50,2,0.05,207.070037917234,0,SUCCESS
sampling,60001,obs_noise,0,70,0,0.05,210.82796332240105,0,SUCCESS
sampling,60001,obs_noise,0,70,0|1,0.05,204.83425414189696,0,SUCCESS
sampling,60001,obs_noise,0,70,0|2,0.05,207.56287601217628,0,SUCCESS
sampling,60001,obs_noise,0,70,1,0.05,197.06593798846006,0,SUCCESS
sampling,60001,obs_noise,0,70,1|2,0.05,193.51090524718165,0,SUCCESS
sampling,60001,obs_noise,0,70,2,0.05,207.62126218155026,0,SUCCESS
sampling,60001,obs_noise,0,90,0,0.05,209.4248729646206,0,SUCCESS
sampling,60001,obs_noise,0,90,0|1,0.05,212.76423320174217,0,SUCCESS
sampling,60001,obs_noise,0,90,0|2,0.05,212.8013914525509,0,SUCCESS
sampling,60001,obs_noise,0,90,1,0.05,208.06928506493568,0,SUCCESS
sampling,60001,obs_noise,0,90,1|2,0.05,210.80770871043205,0,SUCCESS
sampling,60001,obs_noise,0,90,2,0.05,210.03790631890297,0,SUCCESS
sampling,60001,obs_noise,1,10,0,0.1,192.11025317106396,0,SUCCESS
sampling,60001,obs_noise,1,10,0|1,0.1,234.2457395894453,0,SUCCESS
sampling,60001,obs_noise,1,10,0|2,0.1,201.726274067536,0,SUCCESS
sampling,60001,obs_noise,1,10,1,0.1,234.98883832711726,0,SUCCESS
sampling,60001,obs_noise,1,10,1|2,0.1,240.37492406275123,0,SUCCESS
sampling,60001,obs_noise,1,10,2,0.1,205.0533437943086,0,SUCCESS
sampling,60001,obs_noise,1,30,0,0.1,203.1150735905394,0,SUCCESS
sampling,60001,obs_noise,1,30,0|1,0.1,229.5286867590621,0,SUCCESS
sampling,60001,obs_noise,1,30,0|2,0.1,169.48949469812214,0,SUCCESS
sampling,60001,obs_noise,1,30,1,0.1,217.00254331994802,0,SUCCESS
sampling,60001,obs_noise,1,30,1|2,0.1,157.45531360432506,1,SUCCESS
sampling,60001,obs_noise,1,30,2,0.1,203.0943843210116,0,SUCCESS
sampling,60001,obs_noise,1,50,0,0.1,179.55789960734546,0,SUCCESS
sampling,60001,obs_noise,1,50,0|1,0.1,188.13302469905466,0,SUCCESS
sampling,60001,obs_noise,1,50,0|2,0.1,205.06964631099254,0,SUCCESS
sampling,60001,obs_noise,1,50,1,0.1,214.88519994914532,0,SUCCESS
sampling,60001,obs_noise,1,50,1|2,0.1,217.6328773777932,0,SUCCESS
sampling,60001,obs_noise,1,50,2,0.1,212.2065425394103,0,SUCCESS
sampling,60001,obs_noise,1,70,0,0.1,212.7500620186329,0,SUCCESS
sampling,60001,obs_noise,1,70,0|1,0.1,205.93494453839958,0,SUCCESS
sampling,60001,obs_noise,1,70,0|2,0.1,207.9907538406551,0,SUCCESS
sampling,60001,obs_noise,1,70,1,0.1,198.0439546275884,0,SUCCESS
sampling,60001,obs_noise,1,70,1|2,0.1,192.9759360384196,0,SUCCESS
sampling,60001,obs_noise,1,70,2,0.1,205.9078415259719,0,SUCCESS
sampling,60001,obs_noise,1,90,0,0.1,209.5309246480465,0,SUCCESS
sampling,60001,obs_noise,1,90,0|1,0.1,210.8069208562374,0,SUCCESS
sampling,60001,obs_noise,1,90,0|2,0.1,210.937146037817,0,SUCCESS
sampling,60001,obs_noise,1,90,1,0.1,205.26731295883656,0,SUCCESS
sampling,60001,obs_noise,1,90,1|2,0.1,210.84324583411217,0,SUCCESS
sampling,60001,obs_noise,1,90,2,0.1,210.75731483101845,0,SUCCESS
sampling,60001,obs_noise,2,10,0,0.2,215.84768122248352,0,SUCCESS
sampling,60001,obs_noise,2,10,0|1,0.2,255.19429400470108,0,SUCCESS
sampling,60001,obs_noise,2,10,0|2,0.2,212.19358033966273,0,SUCCESS
sampling,60001,obs_noise,2,10,1,0.2,223.38365144189447,0,SUCCESS
sampling,60001,obs_noise,2,10,1|2,0.2,181.0316217346117,0,SUCCESS
sampling,60001,obs_noise,2,10,2,0.2,186.93833028059453,0,SUCCESS
sampling,60001,obs_noise,2,30,0,0.2,220.66355524677783,0,SUCCESS
sampling,60001,obs_noise,2,30,0|1,0.2,226.93571224529296,0,SUCCESS
sampling,60001,obs_noise,2,30,0|2,0.2,196.25419740658253,0,SUCCESS
sampling,60001,obs_noise,2,30,1,0.2,207.0992729337886,0,SUCCESS
sampling,60001,obs_noise,2,30,1|2,0.2,202.71939717326313,0,SUCCESS
sampling,60001,obs_noise,2,30,2,0.2,195.12874827347696,0,SUCCESS
sampling,60001,obs_noise,2,50,0,0.2,217.5606988342479,0,SUCCESS
sampling,60001,obs_noise,2,50,0|1,0.2,226.34812086168677,0,SUCCESS
sampling,60001,obs_noise,2,50,0|2,0.2,198.8917987961322,0,SUCCESS
sampling,60001,obs_noise,2,50,1,0.2,213.54951287526637,0,SUCCESS
sampling,60001,obs_noise,2,50,1|2,0.2,205.22275280300528,0,SUCCESS
sampling,60001,obs_noise,2,50,2,0.2,195.88008889742196,0,SUCCESS
sampling,60001,obs_noise,2,70,0,0.2,206.16216883063316,0,SUCCESS
sampling,60001,obs_noise,2,70,0|1,0.2,202.7722753342241,0,SUCCESS
sampling,60001,obs_noise,2,70,0|2,0.2,211.48259145766497,0,SUCCESS
sampling,60001,obs_noise,2,70,1,0.2,195.76256565749645,0,SUCCESS
sampling,60001,obs_noise,2,70,1|2,0.2,186.6235368847847,0,SUCCESS
sampling,60001,obs_noise,2,70,2,0.2,212.2618472278118,0,SUCCESS
sampling,60001,obs_noise,2,90,0,0.2,207.01801773905754,0,SUCCESS
sampling,60001,obs_noise,2,90,0|1,0.2,205.76041558384895,0,SUCCESS
sampling,60001,obs_noise,2,90,0|2,0.2,207.8769483268261,0,SUCCESS
sampling,60001,obs_noise,2,90,1,0.2,202.42685182392597,0,SUCCESS
sampling,60001,obs_noise,2,90,1|2,0.2,204.6406818330288,0,SUCCESS
sampling,60001,obs_noise,2,90,2,0.2,209.8177538216114,0,SUCCESS
sampling,60001,obs_noise,3,10,0,0.4,208.56142106372863,0,SUCCESS
sampling,60001,obs_noise,3,10,0|1,0.4,235.29614993277937,0,SUCCESS
sampling,60001,obs_noise,3,10,0|2,0.4,188.62049170397222,0,SUCCESS
sampling,60001,obs_noise,3,10,1,0.4,202.11810210440308,0,SUCCESS
sampling,60001,obs_noise,3,10,1|2,0.4,203.04179455060512,0,SUCCESS
sampling,60001,obs_noise,3,10,2,0.4,228.1112481560558,0,SUCCESS
sampling,60001,obs_noise,3,30,0,0.4,218.44281439762563,0,SUCCESS
sampling,60001,obs_noise,3,30,0|1,0.4,228.85478325281292,0,SUCCESS
sampling,60001,obs_noise,3,30,0|2,0.4,193.74083491321653,0,SUCCESS
sampling,60001,obs_noise,3,30,1,0.4,229.18182597029954,0,SUCCESS
sampling,60001,obs_noise,3,30,1|2,0.4,187.08463550079614,0,SUCCESS
sampling,60001,obs_noise,3,30,2,0.4,189.71116513665766,0,SUCCESS
sampling,60001,obs_noise,3,50,0,0.4,224.12533532548696,0,SUCCESS
sampling,60001,obs_noise,3,50,0|1,0.4,209.88915504980832,0,SUCCESS
sampling,60001,obs_noise,3,50,0|2,0.4,187.80663801636547,0,SUCCESS
sampling,60001,obs_noise,3,50,1,0.4,209.93561087083071,0,SUCCESS
sampling,60001,obs_noise,3,50,1|2,0.4,179.96708329115063,0,SUCCESS
sampling,60001,obs_noise,3,50,2,0.4,198.464430953376,0,SUCCESS
sampling,60001,obs_noise,3,70,0,0.4,205.80184069275856,0,SUCCESS
sampling,60001,obs_noise,3,70,0|1,0.4,189.25319223292172,0,SUCCESS
sampling,60001,obs_noise,3,70,0|2,0.4,199.22930826991796,0,SUCCESS
sampling,60001,obs_noise,3,70,1,0.4,185.0928185172379,0,SUCCESS
sampling,60001,obs_noise,3,70,1|2,0.4,199.15421807393432,0,SUCCESS
sampling,60001,obs_noise,3,70,2,0.4,208.27481215819716,0,SUCCESS
sampling,60001,obs_noise,3,90,0,0.4,207.334991812706,0,SUCCESS
sampling,60001,obs_noise,3,90,0|1,0.4,209.1866384446621,0,SUCCESS
sampling,60001,obs_noise,3,90,0|2,0.4,213.16390344500542,0,SUCCESS
sampling,60001,obs_noise,3,90,1,0.4,202.34211936593056,0,SUCCESS
sampling,60001,obs_noise,3,90,1|2,0.4,206.43429163098335,0,SUCCESS
sampling,60001,obs_noise,3,90,2,0.4,209.30811086297035,0,SUCCESS
sampling,60002,act_delay,0,10,0,1.0,78.67354046592504,1,SUCCESS
sampling,60002,act_delay,0,10,1,1.0,78.67354046592504,1,SUCCESS
sampling,60002,act_delay,0,10,2,1.0,78.67354046592504,1,SUCCESS
sampling,60002,act_delay,0,30,0,1.0,78.67354046592504,1,SUCCESS
sampling,60002,act_delay,0,30,1,1.0,78.67354046592504,1,SUCCESS
sampling,60002,act_delay,0,30,2,1.0,78.67354046592504,1,SUCCESS
sampling,60002,act_delay,0,50,0,1.0,78.67354046592504,1,SUCCESS
sampling,60002,act_delay,0,50,1,1.0,78.67354046592504,1,SUCCESS
sampling,60002,act_delay,0,50,2,1.0,78.67354046592504,1,SUCCESS
sampling,60002,act_delay,0,70,0,1.0,78.67354046592504,1,SUCCESS
sampling,60002,act_delay,0,70,1,1.0,78.67354046592504,1,SUCCESS
sampling,60002,act_delay,0,70,2,1.0,78.67354046592504,1,SUCCESS
sampling,60002,act_delay,0,90,0,1.0,78.67354046592504,1,SUCCESS
sampling,60002,act_delay,0,90,1,1.0,78.67354046592504,1,SUCCESS
sampling,60002,act_delay,0,90,2,1.0,78.67354046592504,1,SUCCESS
sampling,60002,act_drop,0,10,0,0.1,78.67322592323936,1,SUCCESS
sampling,60002,act_drop,0,10,1,0.1,23.76942069619036,1,SUCCESS
sampling,60002,act_drop,0,10,2,0.1,111.77358759132159,1,SUCCESS
sampling,60002,act_drop,0,30,0,0.1,78.67374176425355,1,SUCCESS
sampling,60002,act_drop,0,30,1,0.1,80.37670227141587,1,SUCCESS
sampling,60002,act_drop,0,30,2,0.1,78.75295563247863,1,SUCCESS
sampling,60002,act_drop,0,50,0,0.1,78.67304646588656,1,SUCCESS
sampling,60002,act_drop,0,50,1,0.1,75.68424260595015,1,SUCCESS
sampling,60002,act_drop,0,50,2,0.1,77.40204091378116,1,SUCCESS
sampling,60002,act_drop,0,70,0,0.1,78.67291163910932,1,SUCCESS
sampling,60002,act_drop,0,70,1,0.1,76.91604737467401,1,SUCCESS
sampling,60002,act_drop,0,70,2,0.1,78.76194581217464,1,SUCCESS
sampling,60002,act_drop,0,90,0,0.1,78.6735392643443,1,SUCCESS
sampling,60002,act_drop,0,90,1,0.1,82.57704596418466,1,SUCCESS
sampling,60002,act_drop,0,90,2,0.1,78.67398093500219,1,SUCCESS
sampling,60002,act_drop,1,10,0,0.3,78.67293465841968,1,SUCCESS
sampling,60002,act_drop,1,10,1,0.3,87.26011223870022,1,SUCCESS
sampling,60002,act_drop,1,10,2,0.3,109.88503528387508,1,SUCCESS
sampling,60002,act_drop,1,30,0,0.3,78.6734844123373,1,SUCCESS
sampling,60002,act_drop,1,30,1,0.3,67.6675407914854,1,SUCCESS
sampling,60002,act_drop,1,30,2,0.3,78.68041074582823,1,SUCCESS
sampling,60002,act_drop,1,50,0,0.3,78.67241494509835,1,SUCCESS
sampling,60002,act_drop,1,50,1,0.3,62.21594659655262,1,SUCCESS
sampling,60002,act_drop,1,50,2,0.3,77.19327275637562,1,SUCCESS
sampling,60002,act_drop,1,70,0,0.3,78.67285499756278,1,SUCCESS
sampling,60002,act_drop,1,70,1,0.3,84.66218089131348,1,SUCCESS
sampling,60002,act_drop,1,70,2,0.3,78.68718130133607,1,SUCCESS
sampling,60002,act_drop,1,90,0,0.3,78.67354377433207,1,SUCCESS
sampling,60002,act_drop,1,90,1,0.3,82.658345846967,1,SUCCESS
sampling,60002,act_drop,1,90,2,0.3,78.67084481729239,1,SUCCESS
sampling,60002,act_noise,0,10,0,0.05,78.67361958461505,1,SUCCESS
sampling,60002,act_noise,0,10,1,0.05,76.28175658106016,1,SUCCESS
sampling,60002,act_noise,0,10,2,0.05,78.85546393847028,1,SUCCESS
sampling,60002,act_noise,0,30,0,0.05,78.67366463937655,1,SUCCESS
sampling,60002,act_noise,0,30,1,0.05,71.06517613732353,1,SUCCESS
sampling,60002,act_noise,0,30,2,0.05,79.43526883639669,1,SUCCESS
sampling,60002,act_noise,0,50,0,0.05,78.67409589043359,1,SUCCESS
sampling,60002,act_noise,0,50,1,0.05,66.01430153034909,1,SUCCESS
sampling,60002,act_noise,0,50,2,0.05,78.70554597176795,1,SUCCESS
sampling,60002,act_noise,0,70,0,0.05,78.6739866904444,1,SUCCESS
sampling,60002,act_noise,0,70,1,0.05,79.14785808281101,1,SUCCESS
sampling,60002,act_noise,0,70,2,0.05,78.64554643640736,1,SUCCESS
sampling,60002,act_noise,0,90,0,0.05,78.67355016893839,1,SUCCESS
sampling,60002,act_noise,0,90,1,0.05,78.55164372215063,1,SUCCESS
sampling,60002,act_noise,0,90,2,0.05,78.67377359153602,1,SUCCESS
sampling,60002,act_noise,1,10,0,0.2,78.67352001666524,1,SUCCESS
sampling,60002,act_noise,1,10,1,0.2,62.815721593640326,1,SUCCESS
sampling,60002,act_noise,1,10,2,0.2,78.21064632026562,1,SUCCESS
sampling,60002,act_noise,1,30,0,0.2,78.67399450229361,1,SUCCESS
sampling,60002,act_noise,1,30,1,0.2,82.09827223195519,1,SUCCESS
sampling,60002,act_noise,1,30,2,0.2,124.26630992615355,1,SUCCESS
sampling,60002,act_noise,1,50,0,0.2,78.67427057623485,1,SUCCESS
sampling,60002,act_noise,1,50,1,0.2,70.15797653110064,1,SUCCESS
sampling,60002,act_noise,1,50,2,0.2,112.77578718803997,1,SUCCESS
sampling,60002,act_noise,1,70,0,0.2,78.674653465588,1,SUCCESS
sampling,60002,act_noise,1,70,1,0.2,77.98466812932134,1,SUCCESS
sampling,60002,act_noise,1,70,2,0.2,78.79481357371185,1,SUCCESS
sampling,60002,act_noise,1,90,0,0.2,78.67357582232603,1,SUCCESS
sampling,60002,act_noise,1,90,1,0.2,79.79935871261682,1,SUCCESS
sampling,60002,act_noise,1,90,2,0.2,78.67482032456451,1,SUCCESS
sampling,60002,dropout,0,10,0,1.0,78.67225922478704,1,SUCCESS
sampling,60002,dropout,0,10,0|1,1.0,56.872000868221065,1,SUCCESS
sampling,60002,dropout,0,10,0|2,1.0,78.64047313860914,1,SUCCESS
sampling,60002,dropout,0,10,1,1.0,56.87328220519863,1,SUCCESS
sampling,60002,dropout,0,10,1|2,1.0,56.84149606712323,1,SUCCESS
sampling,60002,dropout,0,10,2,1.0,78.64175420492796,1,SUCCESS
sampling,60002,dropout,0,30,0,1.0,78.67396006496557,1,SUCCESS
sampling,60002,dropout,0,30,0|1,1.0,57.20513615062691,1,SUCCESS
sampling,60002,dropout,0,30,0|2,1.0,76.11533488106565,1,SUCCESS
sampling,60002,dropout,0,30,1,1.0,57.204716869024026,1,SUCCESS
sampling,60002,dropout,0,30,1|2,1.0,59.011628395240606,1,SUCCESS
sampling,60002,dropout,0,30,2,1.0,76.115114383914,1,SUCCESS
sampling,60002,dropout,0,50,0,1.0,78.67225299209389,1,SUCCESS
sampling,60002,dropout,0,50,0|1,1.0,77.01427919574323,1,SUCCESS
sampling,60002,dropout,0,50,0|2,1.0,77.3955189536699,1,SUCCESS
sampling,60002,dropout,0,50,1,1.0,77.01556670803245,1,SUCCESS
sampling,60002,dropout,0,50,1|2,1.0,75.73883257863662,1,SUCCESS
sampling,60002,dropout,0,50,2,1.0,77.396806415979,1,SUCCESS
sampling,60002,dropout,0,70,0,1.0,78.67268636393851,1,SUCCESS
sampling,60002,dropout,0,70,0|1,1.0,71.87572905797947,1,SUCCESS
sampling,60002,dropout,0,70,0|2,1.0,79.42334861281569,1,SUCCESS
sampling,60002,dropout,0,70,1,1.0,71.87658358558633,1,SUCCESS
sampling,60002,dropout,0,70,1|2,1.0,72.62724607888401,1,SUCCESS
sampling,60002,dropout,0,70,2,1.0,79.42420271327342,1,SUCCESS
sampling,60002,dropout,0,90,0,1.0,78.67357353649481,1,SUCCESS
sampling,60002,dropout,0,90,0|1,1.0,72.17983921762266,1,SUCCESS
sampling,60002,dropout,0,90,0|2,1.0,78.67408275780531,1,SUCCESS
sampling,60002,dropout,0,90,1,1.0,72.17980629600629,1,SUCCESS
sampling,60002,dropout,0,90,1|2,1.0,72.18031568907486,1,SUCCESS
sampling,60002,dropout,0,90,2,1.0,78.67404968735559,1,SUCCESS
sampling,60002,obs_noise,0,10,0,0.05,78.67328759098956,1,SUCCESS
sampling,60002,obs_noise,0,10,0|1,0.05,86.67632537044454,1,SUCCESS
sampling,60002,obs_noise,0,10,0|2,0.05,79.17684399346885,1,SUCCESS
sampling,60002,obs_noise,0,10,1,0.05,73.07959839501592,1,SUCCESS
sampling,60002,obs_noise,0,10,1|2,0.05,61.49922870561716,1,SUCCESS
sampling,60002,obs_noise,0,10,2,0.05,79.39477565864536,1,SUCCESS
sampling,60002,obs_noise,0,30,0,0.05,78.67361251512956,1,SUCCESS
sampling,60002,obs_noise,0,30,0|1,0.05,78.88389118569475,1,SUCCESS
sampling,60002,obs_noise,0,30,0|2,0.05,103.54647739504611,1,SUCCESS
sampling,60002,obs_noise,0,30,1,0.05,67.48144728243538,1,SUCCESS
sampling,60002,obs_noise,0,30,1|2,0.05,72.57447415313283,1,SUCCESS
sampling,60002,obs_noise,0,30,2,0.05,80.49932859343818,1,SUCCESS
sampling,60002,obs_noise,0,50,0,0.05,78.67407915223427,1,SUCCESS
sampling,60002,obs_noise,0,50,0|1,0.05,71.04374313170433,1,SUCCESS
sampling,60002,obs_noise,0,50,0|2,0.05,79.04000667633214,1,SUCCESS
sampling,60002,obs_noise,0,50,1,0.05,59.73255196405927,1,SUCCESS
sampling,60002,obs_noise,0,50,1|2,0.05,65.53575117692259,1,SUCCESS
sampling,60002,obs_noise,0,50,2,0.05,78.71320590294039,1,SUCCESS
sampling,60002,obs_noise,0,70,0,0.05,78.67465125073062,1,SUCCESS
sampling,60002,obs_noise,0,70,0|1,0.05,78.2568416813171,1,SUCCESS
sampling,60002,obs_noise,0,70,0|2,0.05,78.82783068641874,1,SUCCESS
sampling,60002,obs_noise,0,70,1,0.05,81.0036806929113,1,SUCCESS
sampling,60002,obs_noise,0,70,1|2,0.05,79.62716431350532,1,SUCCESS
sampling,60002,obs_noise,0,70,2,0.05,78.86373421728547,1,SUCCESS
sampling,60002,obs_noise,0,90,0,0.05,78.67360115857923,1,SUCCESS
sampling,60002,obs_noise,0,90,0|1,0.05,78.63038968308524,1,SUCCESS
sampling,60002,obs_noise,0,90,0|2,0.05,78.67381288526508,1,SUCCESS
sampling,60002,obs_noise,0,90,1,0.05,78.4458028603533,1,SUCCESS
sampling,60002,obs_noise,0,90,1|2,0.05,82.19484203930028,1,SUCCESS
sampling,60002,obs_noise,0,90,2,0.05,78.67377362619868,1,SUCCESS
sampling,60002,obs_noise,1,10,0,0.1,78.67406868129022,1,SUCCESS
sampling,60002,obs_noise,1,10,0|1,0.1,58.05741448011279,1,SUCCESS
sampling,60002,obs_noise,1,10,0|2,0.1,81.7434127607286,1,SUCCESS
sampling,60002,obs_noise,1,10,1,0.1,101.39535388454861,1,SUCCESS
sampling,60002,obs_noise,1,10,1|2,0.1,82.17698500400817,1,SUCCESS
sampling,60002,obs_noise,1,10,2,0.1,98.5174235160747,1,SUCCESS
sampling,60002,obs_noise,1,30,0,0.1,78.67382615904381,1,SUCCESS
sampling,60002,obs_noise,1,30,0|1,0.1,41.79478454922473,1,SUCCESS
sampling,60002,obs_noise,1,30,0|2,0.1,118.80712288543481,1,SUCCESS
sampling,60002,obs_noise,1,30,1,0.1,74.41023631893069,1,SUCCESS
sampling,60002,obs_noise,1,30,1|2,0.1,110.82388616608131,1,SUCCESS
sampling,60002,obs_noise,1,30,2,0.1,97.77408358867183,1,SUCCESS
sampling,60002,obs_noise,1,50,0,0.1,78.67366561266454,1,SUCCESS
sampling,60002,obs_noise,1,50,0|1,0.1,69.06025177431371,1,SUCCESS
sampling,60002,obs_noise,1,50,0|2,0.1,80.21333673247631,1,SUCCESS
sampling,60002,obs_noise,1,50,1,0.1,55.78241214870037,1,SUCCESS
sampling,60002,obs_noise,1,50,1|2,0.1,76.22228225784403,1,SUCCESS
sampling,60002,obs_noise,1,50,2,0.1,79.45722841414104,1,SUCCESS
sampling,60002,obs_noise,1,70,0,0.1,78.67581839592583,1,SUCCESS
sampling,60002,obs_noise,1,70,0|1,0.1,84.0754641450832,1,SUCCESS
sampling,60002,obs_noise,1,70,0|2,0.1,79.12270378784947,1,SUCCESS
sampling,60002,obs_noise,1,70,1,0.1,79.44372722640969,1,SUCCESS
sampling,60002,obs_noise,1,70,1|2,0.1,78.15865398707797,1,SUCCESS
sampling,60002,obs_noise,1,70,2,0.1,79.00241601211314,1,SUCCESS
sampling,60002,obs_noise,1,90,0,0.1,78.67354718690717,1,SUCCESS
sampling,60002,obs_noise,1,90,0|1,0.1,82.70233884437607,1,SUCCESS
sampling,60002,obs_noise,1,90,0|2,0.1,78.67289724301395,1,SUCCESS
sampling,60002,obs_noise,1,90,1,0.1,77.64169438380327,1,SUCCESS
sampling,60002,obs_noise,1,90,1|2,0.1,77.60575150546197,1,SUCCESS
sampling,60002,obs_noise,1,90,2,0.1,78.67354529763384,1,SUCCESS
sampling,60002,obs_noise,2,10,0,0.2,78.67364754692335,1,SUCCESS
sampling,60002,obs_noise,2,10,0|1,0.2,71.37171890432987,1,SUCCESS
sampling,60002,obs_noise,2,10,0|2,0.2,105.73565009640939,1,SUCCESS
sampling,60002,obs_noise,2,10,1,0.2,99.80976992214356,1,SUCCESS
sampling,60002,obs_noise,2,10,1|2,0.2,100.31868995899987,1,SUCCESS
sampling,60002,obs_noise,2,10,2,0.2,111.81968801185485,1,SUCCESS
sampling,60002,obs_noise,2,30,0,0.2,78.67512544311202,1,SUCCESS
sampling,60002,obs_noise,2,30,0|1,0.2,70.63732988209887,1,SUCCESS
sampling,60002,obs_noise,2,30,0|2,0.2,113.3276716540221,1,SUCCESS
sampling,60002,obs_noise,2,30,1,0.2,24.003378051823056,1,SUCCESS
sampling,60002,obs_noise,2,30,1|2,0.2,99.20101990941285,1,SUCCESS
sampling,60002,obs_noise,2,30,2,0.2,113.82023922385969,1,SUCCESS
sampling,60002,obs_noise,2,50,0,0.2,78.67304728159185,1,SUCCESS
sampling,60002,obs_noise,2,50,0|1,0.2,75.74930171839793,1,SUCCESS
sampling,60002,obs_noise,2,50,0|2,0.2,85.72288274219247,1,SUCCESS
sampling,60002,obs_noise,2,50,1,0.2,74.57504899576219,1,SUCCESS
sampling,60002,obs_noise,2,50,1|2,0.2,85.48342559968034,1,SUCCESS
sampling,60002,obs_noise,2,50,2,0.2,114.72956771747454,1,SUCCESS
sampling,60002,obs_noise,2,70,0,0.2,78.68077216095605,1,SUCCESS
sampling,60002,obs_noise,2,70,0|1,0.2,85.55821082519557,1,SUCCESS
sampling,60002,obs_noise,2,70,0|2,0.2,79.29365147667349,1,SUCCESS
sampling,60002,obs_noise,2,70,1,0.2,77.34055223106657,1,SUCCESS
sampling,60002,obs_noise,2,70,1|2,0.2,78.50596525719516,1,SUCCESS
sampling,60002,obs_noise,2,70,2,0.2,79.66581667974901,1,SUCCESS
sampling,60002,obs_noise,2,90,0,0.2,78.67362619639084,1,SUCCESS
sampling,60002,obs_noise,2,90,0|1,0.2,82.1830254281142,1,SUCCESS
sampling,60002,obs_noise,2,90,0|2,0.2,78.67680438670345,1,SUCCESS
sampling,60002,obs_noise,2,90,1,0.2,77.7237475593995,1,SUCCESS
sampling,60002,obs_noise,2,90,1|2,0.2,76.83393412783857,1,SUCCESS
sampling,60002,obs_noise,2,90,2,0.2,78.6736412934099,1,SUCCESS
sampling,60002,obs_noise,3,10,0,0.4,78.67415205087174,1,SUCCESS
sampling,60002,obs_noise,3,10,0|1,0.4,42.13512373727307,1,SUCCESS
sampling,60002,obs_noise,3,10,0|2,0.4,97.57465274156348,1,SUCCESS
sampling,60002,obs_noise,3,10,1,0.4,44.75607311388302,1,SUCCESS
sampling,60002,obs_noise,3,10,1|2,0.4,110.56377273148435,1,SUCCESS
sampling,60002,obs_noise,3,10,2,0.4,115.69736773634861,1,SUCCESS
sampling,60002,obs_noise,3,30,0,0.4,78.68178129796011,1,SUCCESS
sampling,60002,obs_noise,3,30,0|1,0.4,47.234069112530044,1,SUCCESS
sampling,60002,obs_noise,3,30,0|2,0.4,116.62209186629272,1,SUCCESS
sampling,60002,obs_noise,3,30,1,0.4,43.17649935514076,1,SUCCESS
sampling,60002,obs_noise,3,30,1|2,0.4,105.9054930033856,1,SUCCESS
sampling,60002,obs_noise,3,30,2,0.4,107.7748792270379,1,SUCCESS
sampling,60002,obs_noise,3,50,0,0.4,78.67277082554256,1,SUCCESS
sampling,60002,obs_noise,3,50,0|1,0.4,85.29790338571136,1,SUCCESS
sampling,60002,obs_noise,3,50,0|2,0.4,86.66471396148206,1,SUCCESS
sampling,60002,obs_noise,3,50,1,0.4,71.00215457718649,1,SUCCESS
sampling,60002,obs_noise,3,50,1|2,0.4,78.15706341766997,1,SUCCESS
sampling,60002,obs_noise,3,50,2,0.4,87.12414535612575,1,SUCCESS
sampling,60002,obs_noise,3,70,0,0.4,78.67378094565845,1,SUCCESS
sampling,60002,obs_noise,3,70,0|1,0.4,80.21342942312285,1,SUCCESS
sampling,60002,obs_noise,3,70,0|2,0.4,91.34365465785328,1,SUCCESS
sampling,60002,obs_noise,3,70,1,0.4,75.1926943023011,1,SUCCESS
sampling,60002,obs_noise,3,70,1|2,0.4,86.64682776015366,1,SUCCESS
sampling,60002,obs_noise,3,70,2,0.4,88.0810849532811,1,SUCCESS
sampling,60002,obs_noise,3,90,0,0.4,78.6736229431101,1,SUCCESS
sampling,60002,obs_noise,3,90,0|1,0.4,78.85032592310586,1,SUCCESS
sampling,60002,obs_noise,3,90,0|2,0.4,78.69726801826823,1,SUCCESS
sampling,60002,obs_noise,3,90,1,0.4,77.56570294708058,1,SUCCESS
sampling,60002,obs_noise,3,90,1|2,0.4,77.43436988814778,1,SUCCESS
sampling,60002,obs_noise,3,90,2,0.4,78.67594815175312,1,SUCCESS
sampling,60003,act_delay,0,10,0,1.0,128.32542570656204,1,SUCCESS
sampling,60003,act_delay,0,10,1,1.0,128.32542570656204,1,SUCCESS
sampling,60003,act_delay,0,10,2,1.0,128.32542570656204,1,SUCCESS
sampling,60003,act_delay,0,30,0,1.0,128.32542570656204,1,SUCCESS
sampling,60003,act_delay,0,30,1,1.0,128.32542570656204,1,SUCCESS
sampling,60003,act_delay,0,30,2,1.0,128.32542570656204,1,SUCCESS
sampling,60003,act_delay,0,50,0,1.0,128.32542570656204,1,SUCCESS
sampling,60003,act_delay,0,50,1,1.0,128.32542570656204,1,SUCCESS
sampling,60003,act_delay,0,50,2,1.0,128.32542570656204,1,SUCCESS
sampling,60003,act_delay,0,70,0,1.0,128.32542570656204,1,SUCCESS
sampling,60003,act_delay,0,70,1,1.0,128.32542570656204,1,SUCCESS
sampling,60003,act_delay,0,70,2,1.0,128.32542570656204,1,SUCCESS
sampling,60003,act_delay,0,90,0,1.0,128.32542570656204,1,SUCCESS
sampling,60003,act_delay,0,90,1,1.0,128.32542570656204,1,SUCCESS
sampling,60003,act_delay,0,90,2,1.0,128.32542570656204,1,SUCCESS
sampling,60003,act_drop,0,10,0,0.1,180.4617641905722,0,SUCCESS
sampling,60003,act_drop,0,10,1,0.1,118.66892002755034,1,SUCCESS
sampling,60003,act_drop,0,10,2,0.1,122.18035473385095,1,SUCCESS
sampling,60003,act_drop,0,30,0,0.1,121.35308307681612,1,SUCCESS
sampling,60003,act_drop,0,30,1,0.1,128.45004572053188,1,SUCCESS
sampling,60003,act_drop,0,30,2,0.1,134.83740506443172,1,SUCCESS
sampling,60003,act_drop,0,50,0,0.1,126.50838842995853,1,SUCCESS
sampling,60003,act_drop,0,50,1,0.1,128.0293850166483,1,SUCCESS
sampling,60003,act_drop,0,50,2,0.1,124.18118073602535,1,SUCCESS
sampling,60003,act_drop,0,70,0,0.1,131.50320762704922,1,SUCCESS
sampling,60003,act_drop,0,70,1,0.1,128.31819080956362,1,SUCCESS
sampling,60003,act_drop,0,70,2,0.1,128.62100109914007,1,SUCCESS
sampling,60003,act_drop,0,90,0,0.1,131.02222458049636,1,SUCCESS
sampling,60003,act_drop,0,90,1,0.1,128.3254257478466,1,SUCCESS
sampling,60003,act_drop,0,90,2,0.1,128.32509932763986,1,SUCCESS
sampling,60003,act_drop,1,10,0,0.3,88.83832423754306,1,SUCCESS
sampling,60003,act_drop,1,10,1,0.3,125.21809190469355,1,SUCCESS
sampling,60003,act_drop,1,10,2,0.3,129.24646677227415,1,SUCCESS
sampling,60003,act_drop,1,30,0,0.3,155.92001034951687,1,SUCCESS
sampling,60003,act_drop,1,30,1,0.3,131.87988743114926,1,SUCCESS
sampling,60003,act_drop,1,30,2,0.3,126.275564600576,1,SUCCESS
sampling,60003,act_drop,1,50,0,0.3,133.50969814649005,1,SUCCESS
sampling,60003,act_drop,1,50,1,0.3,127.72353991925107,1,SUCCESS
sampling,60003,act_drop,1,50,2,0.3,126.00065897988469,1,SUCCESS
sampling,60003,act_drop,1,70,0,0.3,120.65590784827742,1,SUCCESS
sampling,60003,act_drop,1,70,1,0.3,128.3473053621194,1,SUCCESS
sampling,60003,act_drop,1,70,2,0.3,129.18465534417754,1,SUCCESS
sampling,60003,act_drop,1,90,0,0.3,123.49917871934537,1,SUCCESS
sampling,60003,act_drop,1,90,1,0.3,128.32542519744874,1,SUCCESS
sampling,60003,act_drop,1,90,2,0.3,128.32520653699447,1,SUCCESS
sampling,60003,act_noise,0,10,0,0.05,140.66020579777262,1,SUCCESS
sampling,60003,act_noise,0,10,1,0.05,128.3860866714537,1,SUCCESS
sampling,60003,act_noise,0,10,2,0.05,147.99628638415282,1,SUCCESS
sampling,60003,act_noise,0,30,0,0.05,134.5529458876194,1,SUCCESS
sampling,60003,act_noise,0,30,1,0.05,128.6368854911296,1,SUCCESS
sampling,60003,act_noise,0,30,2,0.05,125.33859313785226,1,SUCCESS
sampling,60003,act_noise,0,50,0,0.05,130.6947219800482,1,SUCCESS
sampling,60003,act_noise,0,50,1,0.05,128.38360762144674,1,SUCCESS
sampling,60003,act_noise,0,50,2,0.05,128.00841324488846,1,SUCCESS
sampling,60003,act_noise,0,70,0,0.05,135.7900126592014,1,SUCCESS
sampling,60003,act_noise,0,70,1,0.05,128.34994271242812,1,SUCCESS
sampling,60003,act_noise,0,70,2,0.05,128.57454496556437,1,SUCCESS
sampling,60003,act_noise,0,90,0,0.05,128.33002819841766,1,SUCCESS
sampling,60003,act_noise,0,90,1,0.05,128.3254261029453,1,SUCCESS
sampling,60003,act_noise,0,90,2,0.05,128.3254260857122,1,SUCCESS
sampling,60003,act_noise,1,10,0,0.2,141.57425186822354,1,SUCCESS
sampling,60003,act_noise,1,10,1,0.2,112.76661414295576,1,SUCCESS
sampling,60003,act_noise,1,10,2,0.2,124.35380019441217,1,SUCCESS
sampling,60003,act_noise,1,30,0,0.2,80.42680698201974,1,SUCCESS
sampling,60003,act_noise,1,30,1,0.2,128.2238046670936,1,SUCCESS
sampling,60003,act_noise,1,30,2,0.2,145.51906227343113,1,SUCCESS
sampling,60003,act_noise,1,50,0,0.2,126.37441956048366,1,SUCCESS
sampling,60003,act_noise,1,50,1,0.2,128.42718236791887,1,SUCCESS
sampling,60003,act_noise,1,50,2,0.2,125.82580237284691,1,SUCCESS
sampling,60003,act_noise,1,70,0,0.2,135.45572564694356,1,SUCCESS
sampling,60003,act_noise,1,70,1,0.2,128.4362002470645,1,SUCCESS
sampling,60003,act_noise,1,70,2,0.2,128.68911685358114,1,SUCCESS
sampling,60003,act_noise,1,90,0,0.2,128.1517515778525,1,SUCCESS
sampling,60003,act_noise,1,90,1,0.2,128.3254271161917,1,SUCCESS
sampling,60003,act_noise,1,90,2,0.2,128.32602190821325,1,SUCCESS
sampling,60003,dropout,0,10,0,1.0,139.40963972535687,1,SUCCESS
sampling,60003,dropout,0,10,0|1,1.0,129.86267629072472,1,SUCCESS
sampling,60003,dropout,0,10,0|2,1.0,107.27706276693462,1,SUCCESS
sampling,60003,dropout,0,10,1,1.0,130.52012589158824,1,SUCCESS
sampling,60003,dropout,0,10,1|2,1.0,131.22337100058422,1,SUCCESS
sampling,60003,dropout,0,10,2,1.0,129.72789340913675,1,SUCCESS
sampling,60003,dropout,0,30,0,1.0,126.36091067819633,1,SUCCESS
sampling,60003,dropout,0,30,0|1,1.0,158.21644559910544,1,SUCCESS
sampling,60003,dropout,0,30,0|2,1.0,100.66636128008133,1,SUCCESS
sampling,60003,dropout,0,30,1,1.0,145.9625407242368,1,SUCCESS
sampling,60003,dropout,0,30,1|2,1.0,139.82097682999964,1,SUCCESS
sampling,60003,dropout,0,30,2,1.0,113.14663303433406,1,SUCCESS
sampling,60003,dropout,0,50,0,1.0,115.81707387971443,1,SUCCESS
sampling,60003,dropout,0,50,0|1,1.0,115.2123649870432,1,SUCCESS
sampling,60003,dropout,0,50,0|2,1.0,112.63387738590858,1,SUCCESS
sampling,60003,dropout,0,50,1,1.0,127.72071707005917,1,SUCCESS
sampling,60003,dropout,0,50,1|2,1.0,124.53752170986857,1,SUCCESS
sampling,60003,dropout,0,50,2,1.0,125.14222939442487,1,SUCCESS
sampling,60003,dropout,0,70,0,1.0,115.19949368038084,1,SUCCESS
sampling,60003,dropout,0,70,0|1,1.0,115.32551869629441,1,SUCCESS
sampling,60003,dropout,0,70,0|2,1.0,118.34780540415879,1,SUCCESS
sampling,60003,dropout,0,70,1,1.0,128.45145111723303,1,SUCCESS
sampling,60003,dropout,0,70,1|2,1.0,131.5997632453238,1,SUCCESS
sampling,60003,dropout,0,70,2,1.0,131.4737377156909,1,SUCCESS
sampling,60003,dropout,0,90,0,1.0,117.74512816521252,1,SUCCESS
sampling,60003,dropout,0,90,0|1,1.0,117.74512848878857,1,SUCCESS
sampling,60003,dropout,0,90,0|2,1.0,117.7440630712108,1,SUCCESS
sampling,60003,dropout,0,90,1,1.0,128.32542591009604,1,SUCCESS
sampling,60003,dropout,0,90,1|2,1.0,128.32436068606734,1,SUCCESS
sampling,60003,dropout,0,90,2,1.0,128.32436048252646,1,SUCCESS
sampling,60003,obs_noise,0,10,0,0.05,147.7262993585556,1,SUCCESS
sampling,60003,obs_noise,0,10,0|1,0.05,130.59305453026886,1,SUCCESS
sampling,60003,obs_noise,0,10,0|2,0.05,127.95256629814706,1,SUCCESS
sampling,60003,obs_noise,0,10,1,0.05,128.4363122446233,1,SUCCESS
sampling,60003,obs_noise,0,10,1|2,0.05,125.21870547654056,1,SUCCESS
sampling,60003,obs_noise,0,10,2,0.05,158.62914373844976,1,SUCCESS
sampling,60003,obs_noise,0,30,0,0.05,144.73437769626338,1,SUCCESS
sampling,60003,obs_noise,0,30,0|1,0.05,136.32324063455403,1,SUCCESS
sampling,60003,obs_noise,0,30,0|2,0.05,154.690983688946,1,SUCCESS
sampling,60003,obs_noise,0,30,1,0.05,128.34261218209906,1,SUCCESS
sampling,60003,obs_noise,0,30,1|2,0.05,139.76585429389075,1,SUCCESS
sampling,60003,obs_noise,0,30,2,0.05,125.70205740599994,1,SUCCESS
sampling,60003,obs_noise,0,50,0,0.05,132.91816556820282,1,SUCCESS
sampling,60003,obs_noise,0,50,0|1,0.05,133.09876362159997,1,SUCCESS
sampling,60003,obs_noise,0,50,0|2,0.05,130.9864928737761,1,SUCCESS
sampling,60003,obs_noise,0,50,1,0.05,128.30549163616905,1,SUCCESS
sampling,60003,obs_noise,0,50,1|2,0.05,125.49673374137063,1,SUCCESS
sampling,60003,obs_noise,0,50,2,0.05,125.5001343242774,1,SUCCESS
sampling,60003,obs_noise,0,70,0,0.05,127.9498218448885,1,SUCCESS
sampling,60003,obs_noise,0,70,0|1,0.05,133.28189586988094,1,SUCCESS
sampling,60003,obs_noise,0,70,0|2,0.05,133.19818673103163,1,SUCCESS
sampling,60003,obs_noise,0,70,1,0.05,128.28920512134044,1,SUCCESS
sampling,60003,obs_noise,0,70,1|2,0.05,128.25551454493433,1,SUCCESS
sampling,60003,obs_noise,0,70,2,0.05,128.32389199678516,1,SUCCESS
sampling,60003,obs_noise,0,90,0,0.05,128.26015780161669,1,SUCCESS
sampling,60003,obs_noise,0,90,0|1,0.05,126.18513395835343,1,SUCCESS
sampling,60003,obs_noise,0,90,0|2,0.05,126.18470116580482,1,SUCCESS
sampling,60003,obs_noise,0,90,1,0.05,128.32542297606977,1,SUCCESS
sampling,60003,obs_noise,0,90,1|2,0.05,128.3249895025352,1,SUCCESS
sampling,60003,obs_noise,0,90,2,0.05,128.32486949043675,1,SUCCESS
sampling,60003,obs_noise,1,10,0,0.1,130.5865560063122,1,SUCCESS
sampling,60003,obs_noise,1,10,0|1,0.1,125.79116415068111,1,SUCCESS
sampling,60003,obs_noise,1,10,0|2,0.1,67.42936044373882,1,SUCCESS
sampling,60003,obs_noise,1,10,1,0.1,128.15081450242644,1,SUCCESS
sampling,60003,obs_noise,1,10,1|2,0.1,133.75723779912025,1,SUCCESS
sampling,60003,obs_noise,1,10,2,0.1,139.41843470561332,1,SUCCESS
sampling,60003,obs_noise,1,30,0,0.1,128.31865594211405,1,SUCCESS
sampling,60003,obs_noise,1,30,0|1,0.1,113.99762316628586,1,SUCCESS
sampling,60003,obs_noise,1,30,0|2,0.1,131.4618282548478,1,SUCCESS
sampling,60003,obs_noise,1,30,1,0.1,128.2639685105425,1,SUCCESS
sampling,60003,obs_noise,1,30,1|2,0.1,128.96433608931176,1,SUCCESS
sampling,60003,obs_noise,1,30,2,0.1,139.20970611499257,1,SUCCESS
sampling,60003,obs_noise,1,50,0,0.1,125.91104814037186,1,SUCCESS
sampling,60003,obs_noise,1,50,0|1,0.1,128.79447799963918,1,SUCCESS
sampling,60003,obs_noise,1,50,0|2,0.1,129.8030902513775,1,SUCCESS
sampling,60003,obs_noise,1,50,1,0.1,127.98709793367988,1,SUCCESS
sampling,60003,obs_noise,1,50,1|2,0.1,128.32510309049775,1,SUCCESS
sampling,60003,obs_noise,1,50,2,0.1,125.37891558396785,1,SUCCESS
sampling,60003,obs_noise,1,70,0,0.1,133.00349750622098,1,SUCCESS
sampling,60003,obs_noise,1,70,0|1,0.1,132.28542257537464,1,SUCCESS
sampling,60003,obs_noise,1,70,0|2,0.1,132.67584578714647,1,SUCCESS
sampling,60003,obs_noise,1,70,1,0.1,128.2509757634827,1,SUCCESS
sampling,60003,obs_noise,1,70,1|2,0.1,128.74143543433655,1,SUCCESS
sampling,60003,obs_noise,1,70,2,0.1,128.30062192477715,1,SUCCESS
sampling,60003,obs_noise,1,90,0,0.1,128.3922986168747,1,SUCCESS
sampling,60003,obs_noise,1,90,0|1,0.1,128.22869839911968,1,SUCCESS
sampling,60003,obs_noise,1,90,0|2,0.1,128.2278306219925,1,SUCCESS
sampling,60003,obs_noise,1,90,1,0.1,128.32542296733874,1,SUCCESS
sampling,60003,obs_noise,1,90,1|2,0.1,128.32455471102907,1,SUCCESS
sampling,60003,obs_noise,1,90,2,0.1,128.32472275344287,1,SUCCESS
sampling,60003,obs_noise,2,10,0,0.2,156.74352431927525,1,SUCCESS
sampling,60003,obs_noise,2,10,0|1,0.2,93.13032540822527,1,SUCCESS
sampling,60003,obs_noise,2,10,0|2,0.2,89.47151730007629,1,SUCCESS
sampling,60003,obs_noise,2,10,1,0.2,127.92553885615068,1,SUCCESS
sampling,60003,obs_noise,2,10,1|2,0.2,129.05318746871524,1,SUCCESS
sampling,60003,obs_noise,2,10,2,0.2,124.3103773018488,1,SUCCESS
sampling,60003,obs_noise,2,30,0,0.2,138.9905154993006,1,SUCCESS
sampling,60003,obs_noise,2,30,0|1,0.2,132.61276265249523,1,SUCCESS
sampling,60003,obs_noise,2,30,0|2,0.2,98.58417950305592,1,SUCCESS
sampling,60003,obs_noise,2,30,1,0.2,137.09809069792294,1,SUCCESS
sampling,60003,obs_noise,2,30,1|2,0.2,146.5753757609574,1,SUCCESS
sampling,60003,obs_noise,2,30,2,0.2,127.33595892791573,1,SUCCESS
sampling,60003,obs_noise,2,50,0,0.2,122.98114590172707,1,SUCCESS
sampling,60003,obs_noise,2,50,0|1,0.2,129.09658992225883,1,SUCCESS
sampling,60003,obs_noise,2,50,0|2,0.2,127.26644878045562,1,SUCCESS
sampling,60003,obs_noise,2,50,1,0.2,127.79818883280967,1,SUCCESS
sampling,60003,obs_noise,2,50,1|2,0.2,125.29832063093866,1,SUCCESS
sampling,60003,obs_noise,2,50,2,0.2,125.69670865283632,1,SUCCESS
sampling,60003,obs_noise,2,70,0,0.2,121.7170883803579,1,SUCCESS
sampling,60003,obs_noise,2,70,0|1,0.2,136.26670695538832,1,SUCCESS
sampling,60003,obs_noise,2,70,0|2,0.2,136.96423869975763,1,SUCCESS
sampling,60003,obs_noise,2,70,1,0.2,128.28524911587,1,SUCCESS
sampling,60003,obs_noise,2,70,1|2,0.2,128.87678636544268,1,SUCCESS
sampling,60003,obs_noise,2,70,2,0.2,128.9609197994149,1,SUCCESS
sampling,60003,obs_noise,2,90,0,0.2,126.24277520411687,1,SUCCESS
sampling,60003,obs_noise,2,90,0|1,0.2,128.37959609175056,1,SUCCESS
sampling,60003,obs_noise,2,90,0|2,0.2,128.37867930187622,1,SUCCESS
sampling,60003,obs_noise,2,90,1,0.2,128.32542315845257,1,SUCCESS
sampling,60003,obs_noise,2,90,1|2,0.2,128.32450138750661,1,SUCCESS
sampling,60003,obs_noise,2,90,2,0.2,128.3245364576798,1,SUCCESS
sampling,60003,obs_noise,3,10,0,0.4,149.5333746438931,1,SUCCESS
sampling,60003,obs_noise,3,10,0|1,0.4,87.75244211302808,1,SUCCESS
sampling,60003,obs_noise,3,10,0|2,0.4,62.11072374768235,1,SUCCESS
sampling,60003,obs_noise,3,10,1,0.4,160.17347685581785,1,SUCCESS
sampling,60003,obs_noise,3,10,1|2,0.4,72.60276660928822,1,SUCCESS
sampling,60003,obs_noise,3,10,2,0.4,121.79224736695215,1,SUCCESS
sampling,60003,obs_noise,3,30,0,0.4,153.2566311663355,1,SUCCESS
sampling,60003,obs_noise,3,30,0|1,0.4,168.6018729784206,0,SUCCESS
sampling,60003,obs_noise,3,30,0|2,0.4,108.4979882237685,1,SUCCESS
sampling,60003,obs_noise,3,30,1,0.4,149.58208472300433,1,SUCCESS
sampling,60003,obs_noise,3,30,1|2,0.4,143.78566795936183,1,SUCCESS
sampling,60003,obs_noise,3,30,2,0.4,120.96151425173183,1,SUCCESS
sampling,60003,obs_noise,3,50,0,0.4,103.71382799362772,1,SUCCESS
sampling,60003,obs_noise,3,50,0|1,0.4,111.94765088329711,1,SUCCESS
sampling,60003,obs_noise,3,50,0|2,0.4,114.08289298654834,1,SUCCESS
sampling,60003,obs_noise,3,50,1,0.4,127.93326439331452,1,SUCCESS
sampling,60003,obs_noise,3,50,1|2,0.4,127.41284994466962,1,SUCCESS
sampling,60003,obs_noise,3,50,2,0.4,125.74420773828469,1,SUCCESS
sampling,60003,obs_noise,3,70,0,0.4,114.24279218213104,1,SUCCESS
sampling,60003,obs_noise,3,70,0|1,0.4,128.9515119259882,1,SUCCESS
sampling,60003,obs_noise,3,70,0|2,0.4,129.06789362674238,1,SUCCESS
sampling,60003,obs_noise,3,70,1,0.4,128.29637428179848,1,SUCCESS
sampling,60003,obs_noise,3,70,1|2,0.4,128.26140052007594,1,SUCCESS
sampling,60003,obs_noise,3,70,2,0.4,137.7916157628796,1,SUCCESS
sampling,60003,obs_noise,3,90,0,0.4,123.56386630922731,1,SUCCESS
sampling,60003,obs_noise,3,90,0|1,0.4,126.10189359495615,1,SUCCESS
sampling,60003,obs_noise,3,90,0|2,0.4,126.10105677946102,1,SUCCESS
sampling,60003,obs_noise,3,90,1,0.4,128.32542436586135,1,SUCCESS
sampling,60003,obs_noise,3,90,1|2,0.4,128.32458323009104,1,SUCCESS
sampling,60003,obs_noise,3,90,2,0.4,128.32446166795643,1,SUCCESS
sampling,60004,act_delay,0,10,0,1.0,219.64616710343398,0,SUCCESS
sampling,60004,act_delay,0,10,1,1.0,219.64616710343398,0,SUCCESS
sampling,60004,act_delay,0,10,2,1.0,219.64616710343398,0,SUCCESS
sampling,60004,act_delay,0,30,0,1.0,219.64616710343398,0,SUCCESS
sampling,60004,act_delay,0,30,1,1.0,219.64616710343398,0,SUCCESS
sampling,60004,act_delay,0,30,2,1.0,219.64616710343398,0,SUCCESS
sampling,60004,act_delay,0,50,0,1.0,219.64616710343398,0,SUCCESS
sampling,60004,act_delay,0,50,1,1.0,219.64616710343398,0,SUCCESS
sampling,60004,act_delay,0,50,2,1.0,219.64616710343398,0,SUCCESS
sampling,60004,act_delay,0,70,0,1.0,219.64616710343398,0,SUCCESS
sampling,60004,act_delay,0,70,1,1.0,219.64616710343398,0,SUCCESS
sampling,60004,act_delay,0,70,2,1.0,219.64616710343398,0,SUCCESS
sampling,60004,act_delay,0,90,0,1.0,219.64616710343398,0,SUCCESS
sampling,60004,act_delay,0,90,1,1.0,219.64616710343398,0,SUCCESS
sampling,60004,act_delay,0,90,2,1.0,219.64616710343398,0,SUCCESS
sampling,60004,act_drop,0,10,0,0.1,224.70180278643966,0,SUCCESS
sampling,60004,act_drop,0,10,1,0.1,228.5878562629223,0,SUCCESS
sampling,60004,act_drop,0,10,2,0.1,196.83954296819866,0,SUCCESS
sampling,60004,act_drop,0,30,0,0.1,217.28297040984035,0,SUCCESS
sampling,60004,act_drop,0,30,1,0.1,268.64002894610167,0,SUCCESS
sampling,60004,act_drop,0,30,2,0.1,218.82090633362532,0,SUCCESS
sampling,60004,act_drop,0,50,0,0.1,218.21323446929455,0,SUCCESS
sampling,60004,act_drop,0,50,1,0.1,214.79049451765604,0,SUCCESS
sampling,60004,act_drop,0,50,2,0.1,204.28804510831833,0,SUCCESS
sampling,60004,act_drop,0,70,0,0.1,215.3937031365931,0,SUCCESS
sampling,60004,act_drop,0,70,1,0.1,212.48499613883905,0,SUCCESS
sampling,60004,act_drop,0,70,2,0.1,221.46336896717548,0,SUCCESS
sampling,60004,act_drop,0,90,0,0.1,218.1602145473007,0,SUCCESS
sampling,60004,act_drop,0,90,1,0.1,216.93456931225955,0,SUCCESS
sampling,60004,act_drop,0,90,2,0.1,219.6429321533069,0,SUCCESS
sampling,60004,act_drop,1,10,0,0.3,210.80263191461563,0,SUCCESS
sampling,60004,act_drop,1,10,1,0.3,209.04187755659223,0,SUCCESS
sampling,60004,act_drop,1,10,2,0.3,198.50622298568487,0,SUCCESS
sampling,60004,act_drop,1,30,0,0.3,195.96993251144886,0,SUCCESS
sampling,60004,act_drop,1,30,1,0.3,241.89490266144276,0,SUCCESS
sampling,60004,act_drop,1,30,2,0.3,220.704236805439,0,SUCCESS
sampling,60004,act_drop,1,50,0,0.3,225.71698508039117,0,SUCCESS
sampling,60004,act_drop,1,50,1,0.3,213.85932267294265,0,SUCCESS
sampling,60004,act_drop,1,50,2,0.3,206.33411002904177,0,SUCCESS
sampling,60004,act_drop,1,70,0,0.3,212.75454591214657,0,SUCCESS
sampling,60004,act_drop,1,70,1,0.3,210.60599650698714,0,SUCCESS
sampling,60004,act_drop,1,70,2,0.3,219.9809519648552,0,SUCCESS
sampling,60004,act_drop,1,90,0,0.3,216.29864856996574,0,SUCCESS
sampling,60004,act_drop,1,90,1,0.3,211.1946233343333,0,SUCCESS
sampling,60004,act_drop,1,90,2,0.3,219.60930320620537,0,SUCCESS
sampling,60004,act_noise,0,10,0,0.05,213.05110307782888,0,SUCCESS
sampling,60004,act_noise,0,10,1,0.05,221.8512237800751,0,SUCCESS
sampling,60004,act_noise,0,10,2,0.05,220.4789081811905,0,SUCCESS
sampling,60004,act_noise,0,30,0,0.05,224.87306218966842,0,SUCCESS
sampling,60004,act_noise,0,30,1,0.05,212.03661029040813,0,SUCCESS
sampling,60004,act_noise,0,30,2,0.05,226.47904362156987,0,SUCCESS
sampling,60004,act_noise,0,50,0,0.05,206.46878213435411,0,SUCCESS
sampling,60004,act_noise,0,50,1,0.05,211.26980718621053,0,SUCCESS
sampling,60004,act_noise,0,50,2,0.05,220.13083492219448,0,SUCCESS
sampling,60004,act_noise,0,70,0,0.05,221.0633431712631,0,SUCCESS
sampling,60004,act_noise,0,70,1,0.05,221.3510050352197,0,SUCCESS
sampling,60004,act_noise,0,70,2,0.05,218.38073815824464,0,SUCCESS
sampling,60004,act_noise,0,90,0,0.05,219.47995043196715,0,SUCCESS
sampling,60004,act_noise,0,90,1,0.05,215.6638134161476,0,SUCCESS
sampling,60004,act_noise,0,90,2,0.05,219.63589436444454,0,SUCCESS
sampling,60004,act_noise,1,10,0,0.2,199.31174080073833,0,SUCCESS
sampling,60004,act_noise,1,10,1,0.2,248.76339101046324,0,SUCCESS
sampling,60004,act_noise,1,10,2,0.2,206.62692698836327,0,SUCCESS
sampling,60004,act_noise,1,30,0,0.2,220.8424574956298,0,SUCCESS
sampling,60004,act_noise,1,30,1,0.2,207.7089362712577,0,SUCCESS
sampling,60004,act_noise,1,30,2,0.2,229.97202396020293,0,SUCCESS
sampling,60004,act_noise,1,50,0,0.2,207.71224848926067,0,SUCCESS
sampling,60004,act_noise,1,50,1,0.2,212.8355759724509,0,SUCCESS
sampling,60004,act_noise,1,50,2,0.2,225.611301317811,0,SUCCESS
sampling,60004,act_noise,1,70,0,0.2,219.77353582286742,0,SUCCESS
sampling,60004,act_noise,1,70,1,0.2,213.72766147577204,0,SUCCESS
sampling,60004,act_noise,1,70,2,0.2,218.47440006304532,0,SUCCESS
sampling,60004,act_noise,1,90,0,0.2,216.6044748465065,0,SUCCESS
sampling,60004,act_noise,1,90,1,0.2,215.50938988127746,0,SUCCESS
sampling,60004,act_noise,1,90,2,0.2,219.61483615636826,0,SUCCESS
sampling,60004,dropout,0,10,0,1.0,185.2452780136373,0,SUCCESS
sampling,60004,dropout,0,10,0|1,1.0,210.22748163342476,0,SUCCESS
sampling,60004,dropout,0,10,0|2,1.0,203.5966389477253,0,SUCCESS
sampling,60004,dropout,0,10,1,1.0,231.6881268946454,0,SUCCESS
sampling,60004,dropout,0,10,1|2,1.0,206.68905492872,0,SUCCESS
sampling,60004,dropout,0,10,2,1.0,240.18572352826595,0,SUCCESS
sampling,60004,dropout,0,30,0,1.0,205.69970989809372,0,SUCCESS
sampling,60004,dropout,0,30,0|1,1.0,244.92301496118307,0,SUCCESS
sampling,60004,dropout,0,30,0|2,1.0,195.60924704675563,0,SUCCESS
sampling,60004,dropout,0,30,1,1.0,251.70889580994844,0,SUCCESS
sampling,60004,dropout,0,30,1|2,1.0,235.71582790464163,0,SUCCESS
sampling,60004,dropout,0,30,2,1.0,213.9286254644394,0,SUCCESS
sampling,60004,dropout,0,50,0,1.0,213.82233050465584,0,SUCCESS
sampling,60004,dropout,0,50,0|1,1.0,211.75871229171753,0,SUCCESS
sampling,60004,dropout,0,50,0|2,1.0,208.0166127383709,0,SUCCESS
sampling,60004,dropout,0,50,1,1.0,213.3833924123319,0,SUCCESS
sampling,60004,dropout,0,50,1|2,1.0,210.86051335930824,0,SUCCESS
sampling,60004,dropout,0,50,2,1.0,233.91233356297016,0,SUCCESS
sampling,60004,dropout,0,70,0,1.0,211.8238434449304,0,SUCCESS
sampling,60004,dropout,0,70,0|1,1.0,206.56932681868784,0,SUCCESS
sampling,60004,dropout,0,70,0|2,1.0,212.95733334124088,0,SUCCESS
sampling,60004,dropout,0,70,1,1.0,211.46233510854654,0,SUCCESS
sampling,60004,dropout,0,70,1|2,1.0,212.59582500904799,0,SUCCESS
sampling,60004,dropout,0,70,2,1.0,220.77965703606606,0,SUCCESS
sampling,60004,dropout,0,90,0,1.0,214.64747605123557,0,SUCCESS
sampling,60004,dropout,0,90,0|1,1.0,203.37826418189798,0,SUCCESS
sampling,60004,dropout,0,90,0|2,1.0,214.68708005547523,0,SUCCESS
sampling,60004,dropout,0,90,1,1.0,208.37695545167662,0,SUCCESS
sampling,60004,dropout,0,90,1|2,1.0,208.4165592994541,0,SUCCESS
sampling,60004,dropout,0,90,2,1.0,219.68577110767365,0,SUCCESS
sampling,60004,obs_noise,0,10,0,0.05,199.02738105214667,0,SUCCESS
sampling,60004,obs_noise,0,10,0|1,0.05,209.7581364288926,0,SUCCESS
sampling,60004,obs_noise,0,10,0|2,0.05,217.47403219342232,0,SUCCESS
sampling,60004,obs_noise,0,10,1,0.05,217.77042546779558,0,SUCCESS
sampling,60004,obs_noise,0,10,1|2,0.05,213.3104162849486,0,SUCCESS
sampling,60004,obs_noise,0,10,2,0.05,207.76257609575987,0,SUCCESS
sampling,60004,obs_noise,0,30,0,0.05,207.50023095309734,0,SUCCESS
sampling,60004,obs_noise,0,30,0|1,0.05,174.742209546268,0,SUCCESS
sampling,60004,obs_noise,0,30,0|2,0.05,199.98134272545576,0,SUCCESS
sampling,60004,obs_noise,0,30,1,0.05,226.7343290783465,0,SUCCESS
sampling,60004,obs_noise,0,30,1|2,0.05,224.71462417580187,0,SUCCESS
sampling,60004,obs_noise,0,30,2,0.05,215.21970991417766,0,SUCCESS
sampling,60004,obs_noise,0,50,0,0.05,202.98789142258465,0,SUCCESS
sampling,60004,obs_noise,0,50,0|1,0.05,213.0296311425045,0,SUCCESS
sampling,60004,obs_noise,0,50,0|2,0.05,234.1578706651926,0,SUCCESS
sampling,60004,obs_noise,0,50,1,0.05,218.0343727497384,0,SUCCESS
sampling,60004,obs_noise,0,50,1|2,0.05,227.27133536338806,0,SUCCESS
sampling,60004,obs_noise,0,50,2,0.05,212.97343419492245,0,SUCCESS
sampling,60004,obs_noise,0,70,0,0.05,220.258112374926,0,SUCCESS
sampling,60004,obs_noise,0,70,0|1,0.05,216.6253045059275,0,SUCCESS
sampling,60004,obs_noise,0,70,0|2,0.05,218.05890281056054,0,SUCCESS
sampling,60004,obs_noise,0,70,1,0.05,219.25028798379935,0,SUCCESS
sampling,60004,obs_noise,0,70,1|2,0.05,219.6810393605847,0,SUCCESS
sampling,60004,obs_noise,0,70,2,0.05,219.88698744401336,0,SUCCESS
sampling,60004,obs_noise,0,90,0,0.05,219.6599447170738,0,SUCCESS
sampling,60004,obs_noise,0,90,0|1,0.05,215.37425220909063,0,SUCCESS
sampling,60004,obs_noise,0,90,0|2,0.05,217.95901217940263,0,SUCCESS
sampling,60004,obs_noise,0,90,1,0.05,219.68005073466338,0,SUCCESS
sampling,60004,obs_noise,0,90,1|2,0.05,218.05615723016672,0,SUCCESS
sampling,60004,obs_noise,0,90,2,0.05,219.64099523238838,0,SUCCESS
sampling,60004,obs_noise,1,10,0,0.1,217.16366390883923,0,SUCCESS
sampling,60004,obs_noise,1,10,0|1,0.1,236.38325301138684,0,SUCCESS
sampling,60004,obs_noise,1,10,0|2,0.1,245.0265223234892,0,SUCCESS
sampling,60004,obs_noise,1,10,1,0.1,221.05452855303884,0,SUCCESS
sampling,60004,obs_noise,1,10,1|2,0.1,214.0061299324734,0,SUCCESS
sampling,60004,obs_noise,1,10,2,0.1,221.28580132126808,0,SUCCESS
sampling,60004,obs_noise,1,30,0,0.1,218.77999457716942,0,SUCCESS
sampling,60004,obs_noise,1,30,0|1,0.1,204.50787738338113,0,SUCCESS
sampling,60004,obs_noise,1,30,0|2,0.1,195.4664244018495,0,SUCCESS
sampling,60004,obs_noise,1,30,1,0.1,200.5392951539252,0,SUCCESS
sampling,60004,obs_noise,1,30,1|2,0.1,225.06991331788595,0,SUCCESS
sampling,60004,obs_noise,1,30,2,0.1,213.72735299170017,0,SUCCESS
sampling,60004,obs_noise,1,50,0,0.1,202.73815708549228,0,SUCCESS
sampling,60004,obs_noise,1,50,0|1,0.1,216.99791157245636,0,SUCCESS
sampling,60004,obs_noise,1,50,0|2,0.1,206.7872190400958,0,SUCCESS
sampling,60004,obs_noise,1,50,1,0.1,215.20829175738618,0,SUCCESS
sampling,60004,obs_noise,1,50,1|2,0.1,221.90385353565216,0,SUCCESS
sampling,60004,obs_noise,1,50,2,0.1,207.53071396797895,0,SUCCESS
sampling,60004,obs_noise,1,70,0,0.1,214.80191328527872,0,SUCCESS
sampling,60004,obs_noise,1,70,0|1,0.1,209.4825046788901,0,SUCCESS
sampling,60004,obs_noise,1,70,0|2,0.1,218.19035893678665,0,SUCCESS
sampling,60004,obs_noise,1,70,1,0.1,214.65581488609314,0,SUCCESS
sampling,60004,obs_noise,1,70,1|2,0.1,220.19722297007684,0,SUCCESS
sampling,60004,obs_noise,1,70,2,0.1,219.6062902668491,0,SUCCESS
sampling,60004,obs_noise,1,90,0,0.1,216.67105487384833,0,SUCCESS
sampling,60004,obs_noise,1,90,0|1,0.1,217.1749577721348,0,SUCCESS
sampling,60004,obs_noise,1,90,0|2,0.1,217.90619940217584,0,SUCCESS
sampling,60004,obs_noise,1,90,1,0.1,221.86297684907913,0,SUCCESS
sampling,60004,obs_noise,1,90,1|2,0.1,220.54226490855217,0,SUCCESS
sampling,60004,obs_noise,1,90,2,0.1,219.6171059589833,0,SUCCESS
sampling,60004,obs_noise,2,10,0,0.2,180.86903061519843,0,SUCCESS
sampling,60004,obs_noise,2,10,0|1,0.2,238.82281801616773,0,SUCCESS
sampling,60004,obs_noise,2,10,0|2,0.2,238.9589192282874,0,SUCCESS
sampling,60004,obs_noise,2,10,1,0.2,225.7912187576294,0,SUCCESS
sampling,60004,obs_noise,2,10,1|2,0.2,197.38176700472832,0,SUCCESS
sampling,60004,obs_noise,2,10,2,0.2,214.0244613289833,0,SUCCESS
sampling,60004,obs_noise,2,30,0,0.2,192.73578224843368,0,SUCCESS
sampling,60004,obs_noise,2,30,0|1,0.2,238.0937378704548,0,SUCCESS
sampling,60004,obs_noise,2,30,0|2,0.2,200.20942810177803,0,SUCCESS
sampling,60004,obs_noise,2,30,1,0.2,203.85701635479927,0,SUCCESS
sampling,60004,obs_noise,2,30,1|2,0.2,207.29704147204757,0,SUCCESS
sampling,60004,obs_noise,2,30,2,0.2,218.8482775837183,0,SUCCESS
sampling,60004,obs_noise,2,50,0,0.2,202.50176249071956,0,SUCCESS
sampling,60004,obs_noise,2,50,0|1,0.2,190.53560425923206,0,SUCCESS
sampling,60004,obs_noise,2,50,0|2,0.2,220.65724534308538,0,SUCCESS
sampling,60004,obs_noise,2,50,1,0.2,213.76829291449394,0,SUCCESS
sampling,60004,obs_noise,2,50,1|2,0.2,222.5327729433775,0,SUCCESS
sampling,60004,obs_noise,2,50,2,0.2,205.73032961413264,0,SUCCESS
sampling,60004,obs_noise,2,70,0,0.2,220.97784312162548,0,SUCCESS
sampling,60004,obs_noise,2,70,0|1,0.2,211.32748210430145,0,SUCCESS
sampling,60004,obs_noise,2,70,0|2,0.2,216.43184342980385,0,SUCCESS
sampling,60004,obs_noise,2,70,1,0.2,215.47632290550973,0,SUCCESS
sampling,60004,obs_noise,2,70,1|2,0.2,215.4632306015119,0,SUCCESS
sampling,60004,obs_noise,2,70,2,0.2,219.9414400602691,0,SUCCESS
sampling,60004,obs_noise,2,90,0,0.2,219.64520055055618,0,SUCCESS
sampling,60004,obs_noise,2,90,0|1,0.2,216.37942205183208,0,SUCCESS
sampling,60004,obs_noise,2,90,0|2,0.2,219.7149901986122,0,SUCCESS
sampling,60004,obs_noise,2,90,1,0.2,219.983028575778,0,SUCCESS
sampling,60004,obs_noise,2,90,1|2,0.2,220.107634216547,0,SUCCESS
sampling,60004,obs_noise,2,90,2,0.2,219.6121601164341,0,SUCCESS
sampling,60004,obs_noise,3,10,0,0.4,216.36630184203386,0,SUCCESS
sampling,60004,obs_noise,3,10,0|1,0.4,239.96323656477034,0,SUCCESS
sampling,60004,obs_noise,3,10,0|2,0.4,204.8309661434032,0,SUCCESS
sampling,60004,obs_noise,3,10,1,0.4,204.61898300237954,0,SUCCESS
sampling,60004,obs_noise,3,10,1|2,0.4,224.34472440183163,0,SUCCESS
sampling,60004,obs_noise,3,10,2,0.4,183.6174517320469,0,SUCCESS
sampling,60004,obs_noise,3,30,0,0.4,211.0506493113935,0,SUCCESS
sampling,60004,obs_noise,3,30,0|1,0.4,219.54485964775085,0,SUCCESS
sampling,60004,obs_noise,3,30,0|2,0.4,232.09571383148432,0,SUCCESS
sampling,60004,obs_noise,3,30,1,0.4,220.94549372792244,0,SUCCESS
sampling,60004,obs_noise,3,30,1|2,0.4,222.52812803909183,0,SUCCESS
sampling,60004,obs_noise,3,30,2,0.4,236.22429378703237,0,SUCCESS
sampling,60004,obs_noise,3,50,0,0.4,215.88742554187775,0,SUCCESS
sampling,60004,obs_noise,3,50,0|1,0.4,205.64487746357918,0,SUCCESS
sampling,60004,obs_noise,3,50,0|2,0.4,210.11319386959076,0,SUCCESS
sampling,60004,obs_noise,3,50,1,0.4,212.48239304102026,0,SUCCESS
sampling,60004,obs_noise,3,50,1|2,0.4,213.47904847562313,0,SUCCESS
sampling,60004,obs_noise,3,50,2,0.4,222.15478120744228,0,SUCCESS
sampling,60004,obs_noise,3,70,0,0.4,212.46851165802218,0,SUCCESS
sampling,60004,obs_noise,3,70,0|1,0.4,205.77520298212767,0,SUCCESS
sampling,60004,obs_noise,3,70,0|2,0.4,207.24022553488612,0,SUCCESS
sampling,60004,obs_noise,3,70,1,0.4,205.47746125340927,0,SUCCESS
sampling,60004,obs_noise,3,70,1|2,0.4,211.41182550787926,0,SUCCESS
sampling,60004,obs_noise,3,70,2,0.4,219.8988240212202,0,SUCCESS
sampling,60004,obs_noise,3,90,0,0.4,217.73400923609734,0,SUCCESS
sampling,60004,obs_noise,3,90,0|1,0.4,210.11367848329246,0,SUCCESS
sampling,60004,obs_noise,3,90,0|2,0.4,216.42577010393143,0,SUCCESS
sampling,60004,obs_noise,3,90,1,0.4,214.93230005004443,0,SUCCESS
sampling,60004,obs_noise,3,90,1|2,0.4,217.51005274057388,0,SUCCESS
sampling,60004,obs_noise,3,90,2,0.4,219.55021449923515,0,SUCCESS
sampling,60005,act_delay,0,10,0,1.0,243.41778380423784,0,SUCCESS
sampling,60005,act_delay,0,10,1,1.0,243.41778380423784,0,SUCCESS
sampling,60005,act_delay,0,10,2,1.0,243.41778380423784,0,SUCCESS
sampling,60005,act_delay,0,30,0,1.0,243.41778380423784,0,SUCCESS
sampling,60005,act_delay,0,30,1,1.0,243.41778380423784,0,SUCCESS
sampling,60005,act_delay,0,30,2,1.0,243.41778380423784,0,SUCCESS
sampling,60005,act_delay,0,50,0,1.0,243.41778380423784,0,SUCCESS
sampling,60005,act_delay,0,50,1,1.0,243.41778380423784,0,SUCCESS
sampling,60005,act_delay,0,50,2,1.0,243.41778380423784,0,SUCCESS
sampling,60005,act_delay,0,70,0,1.0,243.41778380423784,0,SUCCESS
sampling,60005,act_delay,0,70,1,1.0,243.41778380423784,0,SUCCESS
sampling,60005,act_delay,0,70,2,1.0,243.41778380423784,0,SUCCESS
sampling,60005,act_delay,0,90,0,1.0,243.41778380423784,0,SUCCESS
sampling,60005,act_delay,0,90,1,1.0,243.41778380423784,0,SUCCESS
sampling,60005,act_delay,0,90,2,1.0,243.41778380423784,0,SUCCESS
sampling,60005,act_drop,0,10,0,0.1,250.37332990765572,0,SUCCESS
sampling,60005,act_drop,0,10,1,0.1,246.84716371446848,0,SUCCESS
sampling,60005,act_drop,0,10,2,0.1,247.83941520005465,0,SUCCESS
sampling,60005,act_drop,0,30,0,0.1,247.58899984136224,0,SUCCESS
sampling,60005,act_drop,0,30,1,0.1,244.40696098655462,0,SUCCESS
sampling,60005,act_drop,0,30,2,0.1,252.9673794284463,0,SUCCESS
sampling,60005,act_drop,0,50,0,0.1,259.6703185066581,0,SUCCESS
sampling,60005,act_drop,0,50,1,0.1,244.0091923624277,0,SUCCESS
sampling,60005,act_drop,0,50,2,0.1,245.00979924201965,0,SUCCESS
sampling,60005,act_drop,0,70,0,0.1,241.12443928420544,0,SUCCESS
sampling,60005,act_drop,0,70,1,0.1,243.44591054320335,0,SUCCESS
sampling,60005,act_drop,0,70,2,0.1,248.16393327713013,0,SUCCESS
sampling,60005,act_drop,0,90,0,0.1,243.4083205461502,0,SUCCESS
sampling,60005,act_drop,0,90,1,0.1,244.06426414847374,0,SUCCESS
sampling,60005,act_drop,0,90,2,0.1,243.47993702441454,0,SUCCESS
sampling,60005,act_drop,1,10,0,0.3,244.81585527956486,0,SUCCESS
sampling,60005,act_drop,1,10,1,0.3,243.37433503568172,0,SUCCESS
sampling,60005,act_drop,1,10,2,0.3,248.67606638744473,0,SUCCESS
sampling,60005,act_drop,1,30,0,0.3,241.3500081449747,0,SUCCESS
sampling,60005,act_drop,1,30,1,0.3,247.2653830870986,0,SUCCESS
sampling,60005,act_drop,1,30,2,0.3,250.6058115363121,0,SUCCESS
sampling,60005,act_drop,1,50,0,0.3,250.01474625617266,0,SUCCESS
sampling,60005,act_drop,1,50,1,0.3,244.36149372160435,0,SUCCESS
sampling,60005,act_drop,1,50,2,0.3,239.09905714541674,0,SUCCESS
sampling,60005,act_drop,1,70,0,0.3,241.535416290164,0,SUCCESS
sampling,60005,act_drop,1,70,1,0.3,239.7557491734624,0,SUCCESS
sampling,60005,act_drop,1,70,2,0.3,227.89698906987906,0,SUCCESS
sampling,60005,act_drop,1,90,0,0.3,242.60863575339317,0,SUCCESS
sampling,60005,act_drop,1,90,1,0.3,236.70928490906954,0,SUCCESS
sampling,60005,act_drop,1,90,2,0.3,243.0425236299634,0,SUCCESS
sampling,60005,act_noise,0,10,0,0.05,247.8296161070466,0,SUCCESS
sampling,60005,act_noise,0,10,1,0.05,268.22780431061983,0,SUCCESS
sampling,60005,act_noise,0,10,2,0.05,251.54440670460463,0,SUCCESS
sampling,60005,act_noise,0,30,0,0.05,234.03755778679624,0,SUCCESS
sampling,60005,act_noise,0,30,1,0.05,246.4140097796917,0,SUCCESS
sampling,60005,act_noise,0,30,2,0.05,242.94812554121017,0,SUCCESS
sampling,60005,act_noise,0,50,0,0.05,252.76029809564352,0,SUCCESS
sampling,60005,act_noise,0,50,1,0.05,240.82017901539803,0,SUCCESS
sampling,60005,act_noise,0,50,2,0.05,247.13783050328493,0,SUCCESS
sampling,60005,act_noise,0,70,0,0.05,243.62566156312823,0,SUCCESS
sampling,60005,act_noise,0,70,1,0.05,242.69322301447392,0,SUCCESS
sampling,60005,act_noise,0,70,2,0.05,246.10659167915583,0,SUCCESS
sampling,60005,act_noise,0,90,0,0.05,243.46301637589931,0,SUCCESS
sampling,60005,act_noise,0,90,1,0.05,240.15626216679811,0,SUCCESS
sampling,60005,act_noise,0,90,2,0.05,243.44252306967974,0,SUCCESS
sampling,60005,act_noise,1,10,0,0.2,254.96155851334333,0,SUCCESS
sampling,60005,act_noise,1,10,1,0.2,270.69922790676355,0,SUCCESS
sampling,60005,act_noise,1,10,2,0.2,275.7920154109597,0,SUCCESS
sampling,60005,act_noise,1,30,0,0.2,238.01070691645145,0,SUCCESS
sampling,60005,act_noise,1,30,1,0.2,265.3674676939845,0,SUCCESS
sampling,60005,act_noise,1,30,2,0.2,241.4854425340891,0,SUCCESS
sampling,60005,act_noise,1,50,0,0.2,253.8871188238263,0,SUCCESS
sampling,60005,act_noise,1,50,1,0.2,247.64413695037365,0,SUCCESS
sampling,60005,act_noise,1,50,2,0.2,254.3245108947158,0,SUCCESS
sampling,60005,act_noise,1,70,0,0.2,243.38282657694072,0,SUCCESS
sampling,60005,act_noise,1,70,1,0.2,243.43748793751,0,SUCCESS
sampling,60005,act_noise,1,70,2,0.2,226.77347807586193,0,SUCCESS
sampling,60005,act_noise,1,90,0,0.2,243.3661534488201,0,SUCCESS
sampling,60005,act_noise,1,90,1,0.2,242.1312014758587,0,SUCCESS
sampling,60005,act_noise,1,90,2,0.2,243.2995746061206,0,SUCCESS
sampling,60005,dropout,0,10,0,1.0,242.18548243492842,0,SUCCESS
sampling,60005,dropout,0,10,0|1,1.0,254.14135559275746,0,SUCCESS
sampling,60005,dropout,0,10,0|2,1.0,226.8225949779153,0,SUCCESS
sampling,60005,dropout,0,10,1,1.0,255.37365672178566,0,SUCCESS
sampling,60005,dropout,0,10,1|2,1.0,244.8924221098423,0,SUCCESS
sampling,60005,dropout,0,10,2,1.0,228.05489697307348,0,SUCCESS
sampling,60005,dropout,0,30,0,1.0,236.14302695542574,0,SUCCESS
sampling,60005,dropout,0,30,0|1,1.0,235.40622798353434,0,SUCCESS
sampling,60005,dropout,0,30,0|2,1.0,223.5456588305533,0,SUCCESS
sampling,60005,dropout,0,30,1,1.0,242.6809871122241,0,SUCCESS
sampling,60005,dropout,0,30,1|2,1.0,240.3039445951581,0,SUCCESS
sampling,60005,dropout,0,30,2,1.0,230.82041670754552,0,SUCCESS
sampling,60005,dropout,0,50,0,1.0,243.85028059780598,0,SUCCESS
sampling,60005,dropout,0,50,0|1,1.0,236.25906191021204,0,SUCCESS
sampling,60005,dropout,0,50,0|2,1.0,240.61213271319866,0,SUCCESS
sampling,60005,dropout,0,50,1,1.0,235.82656482607126,0,SUCCESS
sampling,60005,dropout,0,50,1|2,1.0,232.59725388139486,0,SUCCESS
sampling,60005,dropout,0,50,2,1.0,240.17963583022356,0,SUCCESS
sampling,60005,dropout,0,70,0,1.0,237.51954245567322,0,SUCCESS
sampling,60005,dropout,0,70,0|1,1.0,230.10413067787886,0,SUCCESS
sampling,60005,dropout,0,70,0|2,1.0,221.222119666636,0,SUCCESS
sampling,60005,dropout,0,70,1,1.0,236.00237254053354,0,SUCCESS
sampling,60005,dropout,0,70,1|2,1.0,219.7049496844411,0,SUCCESS
sampling,60005,dropout,0,70,2,1.0,227.120361328125,0,SUCCESS
sampling,60005,dropout,0,90,0,1.0,241.11358711123466,0,SUCCESS
sampling,60005,dropout,0,90,0|1,1.0,231.92198583483696,0,SUCCESS
sampling,60005,dropout,0,90,0|2,1.0,233.43032097816467,0,SUCCESS
sampling,60005,dropout,0,90,1,1.0,234.2261823490262,0,SUCCESS
sampling,60005,dropout,0,90,1|2,1.0,226.54291628301144,0,SUCCESS
sampling,60005,dropout,0,90,2,1.0,235.73451762646437,0,SUCCESS
sampling,60005,obs_noise,0,10,0,0.05,248.54922817647457,0,SUCCESS
sampling,60005,obs_noise,0,10,0|1,0.05,252.531195089221,0,SUCCESS
sampling,60005,obs_noise,0,10,0|2,0.05,260.7237685471773,0,SUCCESS
sampling,60005,obs_noise,0,10,1,0.05,253.01841592043638,0,SUCCESS
sampling,60005,obs_noise,0,10,1|2,0.05,228.65072690695524,0,SUCCESS
sampling,60005,obs_noise,0,10,2,0.05,235.1811177288182,0,SUCCESS
sampling,60005,obs_noise,0,30,0,0.05,254.07952143251896,0,SUCCESS
sampling,60005,obs_noise,0,30,0|1,0.05,262.2339970394969,0,SUCCESS
sampling,60005,obs_noise,0,30,0|2,0.05,251.33653443865478,0,SUCCESS
sampling,60005,obs_noise,0,30,1,0.05,260.303470261395,0,SUCCESS
sampling,60005,obs_noise,0,30,1|2,0.05,244.1981201916933,0,SUCCESS
sampling,60005,obs_noise,0,30,2,0.05,242.61584106087685,0,SUCCESS
sampling,60005,obs_noise,0,50,0,0.05,250.31462690234184,0,SUCCESS
sampling,60005,obs_noise,0,50,0|1,0.05,237.78277116268873,0,SUCCESS
sampling,60005,obs_noise,0,50,0|2,0.05,244.63141552358866,0,SUCCESS
sampling,60005,obs_noise,0,50,1,0.05,242.58107509464025,0,SUCCESS
sampling,60005,obs_noise,0,50,1|2,0.05,244.42247430235147,0,SUCCESS
sampling,60005,obs_noise,0,50,2,0.05,248.61903085559607,0,SUCCESS
sampling,60005,obs_noise,0,70,0,0.05,244.62846546247602,0,SUCCESS
sampling,60005,obs_noise,0,70,0|1,0.05,245.38468947261572,0,SUCCESS
sampling,60005,obs_noise,0,70,0|2,0.05,243.67320638895035,0,SUCCESS
sampling,60005,obs_noise,0,70,1,0.05,241.39683017134666,0,SUCCESS
sampling,60005,obs_noise,0,70,1|2,0.05,243.98837707936764,0,SUCCESS
sampling,60005,obs_noise,0,70,2,0.05,242.60287269204855,0,SUCCESS
sampling,60005,obs_noise,0,90,0,0.05,243.56596595048904,0,SUCCESS
sampling,60005,obs_noise,0,90,0|1,0.05,243.0036421045661,0,SUCCESS
sampling,60005,obs_noise,0,90,0|2,0.05,242.71976566314697,0,SUCCESS
sampling,60005,obs_noise,0,90,1,0.05,241.63115570694208,0,SUCCESS
sampling,60005,obs_noise,0,90,1|2,0.05,241.57632496207952,0,SUCCESS
sampling,60005,obs_noise,0,90,2,0.05,240.83974861353636,0,SUCCESS
sampling,60005,obs_noise,1,10,0,0.1,251.10283912718296,0,SUCCESS
sampling,60005,obs_noise,1,10,0|1,0.1,241.81069905683398,0,SUCCESS
sampling,60005,obs_noise,1,10,0|2,0.1,233.41176149994135,0,SUCCESS
sampling,60005,obs_noise,1,10,1,0.1,282.18442161753774,0,SUCCESS
sampling,60005,obs_noise,1,10,1|2,0.1,280.88931722939014,0,SUCCESS
sampling,60005,obs_noise,1,10,2,0.1,252.2932562828064,0,SUCCESS
sampling,60005,obs_noise,1,30,0,0.1,242.73635921627283,0,SUCCESS
sampling,60005,obs_noise,1,30,0|1,0.1,226.11980076134205,0,SUCCESS
sampling,60005,obs_noise,1,30,0|2,0.1,242.4151375964284,0,SUCCESS
sampling,60005,obs_noise,1,30,1,0.1,230.02121338248253,0,SUCCESS
sampling,60005,obs_noise,1,30,1|2,0.1,261.91756776720285,0,SUCCESS
sampling,60005,obs_noise,1,30,2,0.1,253.37518537044525,0,SUCCESS
sampling,60005,obs_noise,1,50,0,0.1,245.07303301244974,0,SUCCESS
sampling,60005,obs_noise,1,50,0|1,0.1,246.40913929603994,0,SUCCESS
sampling,60005,obs_noise,1,50,0|2,0.1,247.6428563296795,0,SUCCESS
sampling,60005,obs_noise,1,50,1,0.1,243.64095494896173,0,SUCCESS
sampling,60005,obs_noise,1,50,1|2,0.1,252.19394167140126,0,SUCCESS
sampling,60005,obs_noise,1,50,2,0.1,232.0529368892312,0,SUCCESS
sampling,60005,obs_noise,1,70,0,0.1,246.52866133488715,0,SUCCESS
sampling,60005,obs_noise,1,70,0|1,0.1,235.270791772753,0,SUCCESS
sampling,60005,obs_noise,1,70,0|2,0.1,243.25724178180099,0,SUCCESS
sampling,60005,obs_noise,1,70,1,0.1,242.1457844004035,0,SUCCESS
sampling,60005,obs_noise,1,70,1|2,0.1,242.98424821346998,0,SUCCESS
sampling,60005,obs_noise,1,70,2,0.1,245.81986624002457,0,SUCCESS
sampling,60005,obs_noise,1,90,0,0.1,243.55904665589333,0,SUCCESS
sampling,60005,obs_noise,1,90,0|1,0.1,242.30047946423292,0,SUCCESS
sampling,60005,obs_noise,1,90,0|2,0.1,240.6857809200883,0,SUCCESS
sampling,60005,obs_noise,1,90,1,0.1,241.65985722094774,0,SUCCESS
sampling,60005,obs_noise,1,90,1|2,0.1,241.09237041324377,0,SUCCESS
sampling,60005,obs_noise,1,90,2,0.1,240.9978592917323,0,SUCCESS
sampling,60005,obs_noise,2,10,0,0.2,263.7327561378479,0,SUCCESS
sampling,60005,obs_noise,2,10,0|1,0.2,270.14147686958313,0,SUCCESS
sampling,60005,obs_noise,2,10,0|2,0.2,266.6110728532076,0,SUCCESS
sampling,60005,obs_noise,2,10,1,0.2,250.46693316847086,0,SUCCESS
sampling,60005,obs_noise,2,10,1|2,0.2,257.41781137045473,0,SUCCESS
sampling,60005,obs_noise,2,10,2,0.2,218.99448810203467,0,SUCCESS
sampling,60005,obs_noise,2,30,0,0.2,239.6979522407055,0,SUCCESS
sampling,60005,obs_noise,2,30,0|1,0.2,249.03594939701725,0,SUCCESS
sampling,60005,obs_noise,2,30,0|2,0.2,238.5138545371592,0,SUCCESS
sampling,60005,obs_noise,2,30,1,0.2,237.6216857805848,0,SUCCESS
sampling,60005,obs_noise,2,30,1|2,0.2,279.24138367921114,0,SUCCESS
sampling,60005,obs_noise,2,30,2,0.2,229.62471221387386,0,SUCCESS
sampling,60005,obs_noise,2,50,0,0.2,247.13387440145016,0,SUCCESS
sampling,60005,obs_noise,2,50,0|1,0.2,232.29273549467325,0,SUCCESS
sampling,60005,obs_noise,2,50,0|2,0.2,247.9806744530797,0,SUCCESS
sampling,60005,obs_noise,2,50,1,0.2,238.7315537855029,0,SUCCESS
sampling,60005,obs_noise,2,50,1|2,0.2,235.43466939032078,0,SUCCESS
sampling,60005,obs_noise,2,50,2,0.2,249.44611738622189,0,SUCCESS
sampling,60005,obs_noise,2,70,0,0.2,239.8381169392378,0,SUCCESS
sampling,60005,obs_noise,2,70,0|1,0.2,227.1789979096502,0,SUCCESS
sampling,60005,obs_noise,2,70,0|2,0.2,235.8051615692675,0,SUCCESS
sampling,60005,obs_noise,2,70,1,0.2,239.4570287168026,0,SUCCESS
sampling,60005,obs_noise,2,70,1|2,0.2,227.7525189332664,0,SUCCESS
sampling,60005,obs_noise,2,70,2,0.2,247.31103663146496,0,SUCCESS
sampling,60005,obs_noise,2,90,0,0.2,243.6450316607952,0,SUCCESS
sampling,60005,obs_noise,2,90,0|1,0.2,240.4918610304594,0,SUCCESS
sampling,60005,obs_noise,2,90,0|2,0.2,245.70585384964943,0,SUCCESS
sampling,60005,obs_noise,2,90,1,0.2,242.27983588725328,0,SUCCESS
sampling,60005,obs_noise,2,90,1|2,0.2,246.0669139176607,0,SUCCESS
sampling,60005,obs_noise,2,90,2,0.2,240.95925099402666,0,SUCCESS
sampling,60005,obs_noise,3,10,0,0.4,247.6921547949314,0,SUCCESS
sampling,60005,obs_noise,3,10,0|1,0.4,231.66867439448833,0,SUCCESS
sampling,60005,obs_noise,3,10,0|2,0.4,255.6429701121524,0,SUCCESS
sampling,60005,obs_noise,3,10,1,0.4,275.4991973116994,0,SUCCESS
sampling,60005,obs_noise,3,10,1|2,0.4,284.8490524291992,0,SUCCESS
sampling,60005,obs_noise,3,10,2,0.4,221.9639047265009,0,SUCCESS
sampling,60005,obs_noise,3,30,0,0.4,232.75046419724822,0,SUCCESS
sampling,60005,obs_noise,3,30,0|1,0.4,278.4253829419613,0,SUCCESS
sampling,60005,obs_noise,3,30,0|2,0.4,260.1870847865939,0,SUCCESS
sampling,60005,obs_noise,3,30,1,0.4,240.79996486008167,0,SUCCESS
sampling,60005,obs_noise,3,30,1|2,0.4,250.3516239747405,0,SUCCESS
sampling,60005,obs_noise,3,30,2,0.4,228.07332897931337,0,SUCCESS
sampling,60005,obs_noise,3,50,0,0.4,236.9630697593093,0,SUCCESS
sampling,60005,obs_noise,3,50,0|1,0.4,242.94688537716866,0,SUCCESS
sampling,60005,obs_noise,3,50,0|2,0.4,256.31507789343596,0,SUCCESS
sampling,60005,obs_noise,3,50,1,0.4,237.14809660613537,0,SUCCESS
sampling,60005,obs_noise,3,50,1|2,0.4,248.15015441179276,0,SUCCESS
sampling,60005,obs_noise,3,50,2,0.4,235.24255880713463,0,SUCCESS
sampling,60005,obs_noise,3,70,0,0.4,239.21818131330656,0,SUCCESS
sampling,60005,obs_noise,3,70,0|1,0.4,228.72590709663928,0,SUCCESS
sampling,60005,obs_noise,3,70,0|2,0.4,246.13262408226728,0,SUCCESS
sampling,60005,obs_noise,3,70,1,0.4,237.56696286052465,0,SUCCESS
sampling,60005,obs_noise,3,70,1|2,0.4,231.0382983237505,0,SUCCESS
sampling,60005,obs_noise,3,70,2,0.4,235.94525755941868,0,SUCCESS
sampling,60005,obs_noise,3,90,0,0.4,243.97133016586304,0,SUCCESS
sampling,60005,obs_noise,3,90,0|1,0.4,233.65089851617813,0,SUCCESS
sampling,60005,obs_noise,3,90,0|2,0.4,237.66730338335037,0,SUCCESS
sampling,60005,obs_noise,3,90,1,0.4,240.8787400200963,0,SUCCESS
sampling,60005,obs_noise,3,90,1|2,0.4,235.6862163171172,0,SUCCESS
sampling,60005,obs_noise,3,90,2,0.4,235.73451762646437,0,SUCCESS
sampling,60006,act_delay,0,10,0,1.0,144.88662949276093,1,SUCCESS
sampling,60006,act_delay,0,10,1,1.0,144.88662949276093,1,SUCCESS
sampling,60006,act_delay,0,10,2,1.0,144.88662949276093,1,SUCCESS
sampling,60006,act_delay,0,30,0,1.0,144.88662949276093,1,SUCCESS
sampling,60006,act_delay,0,30,1,1.0,144.88662949276093,1,SUCCESS
sampling,60006,act_delay,0,30,2,1.0,144.88662949276093,1,SUCCESS
sampling,60006,act_delay,0,50,0,1.0,144.88662949276093,1,SUCCESS
sampling,60006,act_delay,0,50,1,1.0,144.88662949276093,1,SUCCESS
sampling,60006,act_delay,0,50,2,1.0,144.88662949276093,1,SUCCESS
sampling,60006,act_delay,0,70,0,1.0,144.88662949276093,1,SUCCESS
sampling,60006,act_delay,0,70,1,1.0,144.88662949276093,1,SUCCESS
sampling,60006,act_delay,0,70,2,1.0,144.88662949276093,1,SUCCESS
sampling,60006,act_delay,0,90,0,1.0,144.88662949276093,1,SUCCESS
sampling,60006,act_delay,0,90,1,1.0,144.88662949276093,1,SUCCESS
sampling,60006,act_delay,0,90,2,1.0,144.88662949276093,1,SUCCESS
sampling,60006,act_drop,0,10,0,0.1,182.57099713454318,0,SUCCESS
sampling,60006,act_drop,0,10,1,0.1,144.8801613748069,1,SUCCESS
sampling,60006,act_drop,0,10,2,0.1,173.3298375036906,0,SUCCESS
sampling,60006,act_drop,0,30,0,0.1,161.17166576087791,0,SUCCESS
sampling,60006,act_drop,0,30,1,0.1,144.8754196040094,1,SUCCESS
sampling,60006,act_drop,0,30,2,0.1,153.39486638850943,1,SUCCESS
sampling,60006,act_drop,0,50,0,0.1,138.9034817483255,1,SUCCESS
sampling,60006,act_drop,0,50,1,0.1,144.75429443784222,1,SUCCESS
sampling,60006,act_drop,0,50,2,0.1,117.48144439709702,1,SUCCESS
sampling,60006,act_drop,0,70,0,0.1,143.0733706376598,1,SUCCESS
sampling,60006,act_drop,0,70,1,0.1,144.91980981009672,1,SUCCESS
sampling,60006,act_drop,0,70,2,0.1,143.09330872210992,1,SUCCESS
sampling,60006,act_drop,0,90,0,0.1,144.7806731618655,1,SUCCESS
sampling,60006,act_drop,0,90,1,0.1,144.88661290374537,1,SUCCESS
sampling,60006,act_drop,0,90,2,0.1,143.54548721230483,1,SUCCESS
sampling,60006,act_drop,1,10,0,0.3,138.2881627354034,1,SUCCESS
sampling,60006,act_drop,1,10,1,0.3,144.79426165803716,1,SUCCESS
sampling,60006,act_drop,1,10,2,0.3,139.42878314172862,1,SUCCESS
sampling,60006,act_drop,1,30,0,0.3,171.23768990295846,0,SUCCESS
sampling,60006,act_drop,1,30,1,0.3,144.88069835712668,1,SUCCESS
sampling,60006,act_drop,1,30,2,0.3,112.6781300529658,1,SUCCESS
sampling,60006,act_drop,1,50,0,0.3,150.24348993858055,1,SUCCESS
sampling,60006,act_drop,1,50,1,0.3,144.68497387909545,1,SUCCESS
sampling,60006,act_drop,1,50,2,0.3,121.44295714058651,1,SUCCESS
sampling,60006,act_drop,1,70,0,0.3,146.18769549421884,1,SUCCESS
sampling,60006,act_drop,1,70,1,0.3,145.07027289780697,1,SUCCESS
sampling,60006,act_drop,1,70,2,0.3,150.03670483437625,1,SUCCESS
sampling,60006,act_drop,1,90,0,0.3,144.73997909805556,1,SUCCESS
sampling,60006,act_drop,1,90,1,0.3,144.88665345926464,1,SUCCESS
sampling,60006,act_drop,1,90,2,0.3,141.93772181940201,1,SUCCESS
sampling,60006,act_noise,0,10,0,0.05,186.80722071220706,0,SUCCESS
sampling,60006,act_noise,0,10,1,0.05,144.88816425183498,1,SUCCESS
sampling,60006,act_noise,0,10,2,0.05,132.11945621229975,1,SUCCESS
sampling,60006,act_noise,0,30,0,0.05,142.565853269384,1,SUCCESS
sampling,60006,act_noise,0,30,1,0.05,144.8880629755913,1,SUCCESS
sampling,60006,act_noise,0,30,2,0.05,141.2599221263229,1,SUCCESS
sampling,60006,act_noise,0,50,0,0.05,143.5922276283707,1,SUCCESS
sampling,60006,act_noise,0,50,1,0.05,144.88676033929258,1,SUCCESS
sampling,60006,act_noise,0,50,2,0.05,145.2080528502618,1,SUCCESS
sampling,60006,act_noise,0,70,0,0.05,138.5909236718692,1,SUCCESS
sampling,60006,act_noise,0,70,1,0.05,144.8910728503404,1,SUCCESS
sampling,60006,act_noise,0,70,2,0.05,141.3096550530088,1,SUCCESS
sampling,60006,act_noise,0,90,0,0.05,144.85004617345456,1,SUCCESS
sampling,60006,act_noise,0,90,1,0.05,144.8866205672114,1,SUCCESS
sampling,60006,act_noise,0,90,2,0.05,143.5119902200711,1,SUCCESS
sampling,60006,act_noise,1,10,0,0.2,181.34605643125178,0,SUCCESS
sampling,60006,act_noise,1,10,1,0.2,144.89676649577675,1,SUCCESS
sampling,60006,act_noise,1,10,2,0.2,162.4622530367592,0,SUCCESS
sampling,60006,act_noise,1,30,0,0.2,148.28257740470735,1,SUCCESS
sampling,60006,act_noise,1,30,1,0.2,144.88872567398266,1,SUCCESS
sampling,60006,act_noise,1,30,2,0.2,110.65338126517895,1,SUCCESS
sampling,60006,act_noise,1,50,0,0.2,145.62943578570028,1,SUCCESS
sampling,60006,act_noise,1,50,1,0.2,144.90489938292265,1,SUCCESS
sampling,60006,act_noise,1,50,2,0.2,119.05290931619064,1,SUCCESS
sampling,60006,act_noise,1,70,0,0.2,143.1232119663371,1,SUCCESS
sampling,60006,act_noise,1,70,1,0.2,144.89282947806194,1,SUCCESS
sampling,60006,act_noise,1,70,2,0.2,148.88723713055904,1,SUCCESS
sampling,60006,act_noise,1,90,0,0.2,146.19176513931532,1,SUCCESS
sampling,60006,act_noise,1,90,1,0.2,144.88658029858132,1,SUCCESS
sampling,60006,act_noise,1,90,2,0.2,143.70079051789688,1,SUCCESS
sampling,60006,dropout,0,10,0,1.0,144.46549402898336,1,SUCCESS
sampling,60006,dropout,0,10,0|1,1.0,144.2713308055445,1,SUCCESS
sampling,60006,dropout,0,10,0|2,1.0,145.5164015539582,1,SUCCESS
sampling,60006,dropout,0,10,1,1.0,144.69246611778522,1,SUCCESS
sampling,60006,dropout,0,10,1|2,1.0,142.6853383272155,1,SUCCESS
sampling,60006,dropout,0,10,2,1.0,142.87950236167717,1,SUCCESS
sampling,60006,dropout,0,30,0,1.0,166.1754977821145,0,SUCCESS
sampling,60006,dropout,0,30,0|1,1.0,166.1948183292643,0,SUCCESS
sampling,60006,dropout,0,30,0|2,1.0,147.09182517379966,1,SUCCESS
sampling,60006,dropout,0,30,1,1.0,144.90594811956544,1,SUCCESS
sampling,60006,dropout,0,30,1|2,1.0,103.60304923393005,1,SUCCESS
sampling,60006,dropout,0,30,2,1.0,103.58373023852516,1,SUCCESS
sampling,60006,dropout,0,50,0,1.0,154.05546278019008,1,SUCCESS
sampling,60006,dropout,0,50,0|1,1.0,153.85229603517885,1,SUCCESS
sampling,60006,dropout,0,50,0|2,1.0,126.70501499493619,1,SUCCESS
sampling,60006,dropout,0,50,1,1.0,144.68346289116974,1,SUCCESS
sampling,60006,dropout,0,50,1|2,1.0,108.91985093921497,1,SUCCESS
sampling,60006,dropout,0,50,2,1.0,109.12301759571827,1,SUCCESS
sampling,60006,dropout,0,70,0,1.0,143.01862574129999,1,SUCCESS
sampling,60006,dropout,0,70,0|1,1.0,143.02433971903545,1,SUCCESS
sampling,60006,dropout,0,70,0|2,1.0,130.9162236453706,1,SUCCESS
sampling,60006,dropout,0,70,1,1.0,144.89234236517248,1,SUCCESS
sampling,60006,dropout,0,70,1|2,1.0,132.78994039882699,1,SUCCESS
sampling,60006,dropout,0,70,2,1.0,132.78422737076224,1,SUCCESS
sampling,60006,dropout,0,90,0,1.0,143.41921819818143,1,SUCCESS
sampling,60006,dropout,0,90,0|1,1.0,143.4191667242633,1,SUCCESS
sampling,60006,dropout,0,90,0|2,1.0,138.87139584195737,1,SUCCESS
sampling,60006,dropout,0,90,1,1.0,144.8865780188428,1,SUCCESS
sampling,60006,dropout,0,90,1|2,1.0,140.33875566261875,1,SUCCESS
sampling,60006,dropout,0,90,2,1.0,140.33880713653687,1,SUCCESS
sampling,60006,obs_noise,0,10,0,0.05,110.90104094926463,1,SUCCESS
sampling,60006,obs_noise,0,10,0|1,0.05,180.7461431402792,0,SUCCESS
sampling,60006,obs_noise,0,10,0|2,0.05,110.92792292829733,1,SUCCESS
sampling,60006,obs_noise,0,10,1,0.05,144.8135739696777,1,SUCCESS
sampling,60006,obs_noise,0,10,1|2,0.05,161.39726102398146,0,SUCCESS
sampling,60006,obs_noise,0,10,2,0.05,176.30825600528286,0,SUCCESS
sampling,60006,obs_noise,0,30,0,0.05,204.20239184829168,0,SUCCESS
sampling,60006,obs_noise,0,30,0|1,0.05,162.5446735264043,0,SUCCESS
sampling,60006,obs_noise,0,30,0|2,0.05,173.3837961560474,0,SUCCESS
sampling,60006,obs_noise,0,30,1,0.05,144.8854442247711,1,SUCCESS
sampling,60006,obs_noise,0,30,1|2,0.05,139.9975244653665,1,SUCCESS
sampling,60006,obs_noise,0,30,2,0.05,115.11559350032823,1,SUCCESS
sampling,60006,obs_noise,0,50,0,0.05,143.3645482972345,1,SUCCESS
sampling,60006,obs_noise,0,50,0|1,0.05,143.6842104702312,1,SUCCESS
sampling,60006,obs_noise,0,50,0|2,0.05,115.33500466902777,1,SUCCESS
sampling,60006,obs_noise,0,50,1,0.05,145.0018858175538,1,SUCCESS
sampling,60006,obs_noise,0,50,1|2,0.05,120.72827922331024,1,SUCCESS
sampling,60006,obs_noise,0,50,2,0.05,118.1831060964262,1,SUCCESS
sampling,60006,obs_noise,0,70,0,0.05,140.7174561030877,1,SUCCESS
sampling,60006,obs_noise,0,70,0|1,0.05,140.54031617818626,1,SUCCESS
sampling,60006,obs_noise,0,70,0|2,0.05,137.04445096751377,1,SUCCESS
sampling,60006,obs_noise,0,70,1,0.05,144.85442267904116,1,SUCCESS
sampling,60006,obs_noise,0,70,1|2,0.05,141.37891207146438,1,SUCCESS
sampling,60006,obs_noise,0,70,2,0.05,143.05569765186763,1,SUCCESS
sampling,60006,obs_noise,0,90,0,0.05,148.54664874594144,1,SUCCESS
sampling,60006,obs_noise,0,90,0|1,0.05,148.5183253518592,1,SUCCESS
sampling,60006,obs_noise,0,90,0|2,0.05,149.836180582832,1,SUCCESS
sampling,60006,obs_noise,0,90,1,0.05,144.8866369955629,1,SUCCESS
sampling,60006,obs_noise,0,90,1|2,0.05,146.20439199599267,1,SUCCESS
sampling,60006,obs_noise,0,90,2,0.05,143.2706885494006,1,SUCCESS
sampling,60006,obs_noise,1,10,0,0.1,146.25029353506488,1,SUCCESS
sampling,60006,obs_noise,1,10,0|1,0.1,141.29160907878986,1,SUCCESS
sampling,60006,obs_noise,1,10,0|2,0.1,154.81774755220138,1,SUCCESS
sampling,60006,obs_noise,1,10,1,0.1,144.69099087463428,1,SUCCESS
sampling,60006,obs_noise,1,10,1|2,0.1,142.82478213989543,1,SUCCESS
sampling,60006,obs_noise,1,10,2,0.1,114.54408168096052,1,SUCCESS
sampling,60006,obs_noise,1,30,0,0.1,189.1468616066013,0,SUCCESS
sampling,60006,obs_noise,1,30,0|1,0.1,180.11706705300818,0,SUCCESS
sampling,60006,obs_noise,1,30,0|2,0.1,176.818997092294,0,SUCCESS
sampling,60006,obs_noise,1,30,1,0.1,144.89048344489674,1,SUCCESS
sampling,60006,obs_noise,1,30,1|2,0.1,147.0290400957565,1,SUCCESS
sampling,60006,obs_noise,1,30,2,0.1,107.97603017772713,1,SUCCESS
sampling,60006,obs_noise,1,50,0,0.1,144.402947297873,1,SUCCESS
sampling,60006,obs_noise,1,50,0|1,0.1,146.62046292383755,1,SUCCESS
sampling,60006,obs_noise,1,50,0|2,0.1,113.36903541186965,1,SUCCESS
sampling,60006,obs_noise,1,50,1,0.1,144.97920921881385,1,SUCCESS
sampling,60006,obs_noise,1,50,1|2,0.1,119.88601331679118,1,SUCCESS
sampling,60006,obs_noise,1,50,2,0.1,142.46321362463667,1,SUCCESS
sampling,60006,obs_noise,1,70,0,0.1,150.03482803917385,1,SUCCESS
sampling,60006,obs_noise,1,70,0|1,0.1,147.69532358611676,1,SUCCESS
sampling,60006,obs_noise,1,70,0|2,0.1,142.4076277858251,1,SUCCESS
sampling,60006,obs_noise,1,70,1,0.1,144.8589118938983,1,SUCCESS
sampling,60006,obs_noise,1,70,1|2,0.1,139.62589084739037,1,SUCCESS
sampling,60006,obs_noise,1,70,2,0.1,135.43749369659398,1,SUCCESS
sampling,60006,obs_noise,1,90,0,0.1,148.52220406885752,1,SUCCESS
sampling,60006,obs_noise,1,90,0|1,0.1,148.39689401092554,1,SUCCESS
sampling,60006,obs_noise,1,90,0|2,0.1,149.88859358187327,1,SUCCESS
sampling,60006,obs_noise,1,90,1,0.1,144.88682387458928,1,SUCCESS
sampling,60006,obs_noise,1,90,1|2,0.1,146.37849404577017,1,SUCCESS
sampling,60006,obs_noise,1,90,2,0.1,143.15826170977996,1,SUCCESS
sampling,60006,obs_noise,2,10,0,0.2,140.16695970064546,1,SUCCESS
sampling,60006,obs_noise,2,10,0|1,0.2,154.82486053692608,1,SUCCESS
sampling,60006,obs_noise,2,10,0|2,0.2,145.31484023074302,1,SUCCESS
sampling,60006,obs_noise,2,10,1,0.2,144.80221524367425,1,SUCCESS
sampling,60006,obs_noise,2,10,1|2,0.2,153.4353643244567,1,SUCCESS
sampling,60006,obs_noise,2,10,2,0.2,132.58206206778533,1,SUCCESS
sampling,60006,obs_noise,2,30,0,0.2,188.7037075753722,0,SUCCESS
sampling,60006,obs_noise,2,30,0|1,0.2,166.94770428078576,0,SUCCESS
sampling,60006,obs_noise,2,30,0|2,0.2,155.25576095368018,1,SUCCESS
sampling,60006,obs_noise,2,30,1,0.2,144.87915565691355,1,SUCCESS
sampling,60006,obs_noise,2,30,1|2,0.2,108.48729615449793,1,SUCCESS
sampling,60006,obs_noise,2,30,2,0.2,115.30933337956068,1,SUCCESS
sampling,60006,obs_noise,2,50,0,0.2,160.19348282509625,1,SUCCESS
sampling,60006,obs_noise,2,50,0|1,0.2,163.09807183612455,0,SUCCESS
sampling,60006,obs_noise,2,50,0|2,0.2,151.9886762917088,1,SUCCESS
sampling,60006,obs_noise,2,50,1,0.2,145.02683983375871,1,SUCCESS
sampling,60006,obs_noise,2,50,1|2,0.2,120.82190977928283,1,SUCCESS
sampling,60006,obs_noise,2,50,2,0.2,112.04883667052789,1,SUCCESS
sampling,60006,obs_noise,2,70,0,0.2,150.47784982615784,1,SUCCESS
sampling,60006,obs_noise,2,70,0|1,0.2,146.2390484151695,1,SUCCESS
sampling,60006,obs_noise,2,70,0|2,0.2,141.35205562174022,1,SUCCESS
sampling,60006,obs_noise,2,70,1,0.2,146.25844425946732,1,SUCCESS
sampling,60006,obs_noise,2,70,1|2,0.2,140.80173237991428,1,SUCCESS
sampling,60006,obs_noise,2,70,2,0.2,129.3565394812065,1,SUCCESS
sampling,60006,obs_noise,2,90,0,0.2,148.44945081095628,1,SUCCESS
sampling,60006,obs_noise,2,90,0|1,0.2,150.5836818425835,1,SUCCESS
sampling,60006,obs_noise,2,90,0|2,0.2,153.1017047083881,1,SUCCESS
sampling,60006,obs_noise,2,90,1,0.2,144.8875901597569,1,SUCCESS
sampling,60006,obs_noise,2,90,1|2,0.2,147.40520377457167,1,SUCCESS
sampling,60006,obs_noise,2,90,2,0.2,144.3405926066114,1,SUCCESS
sampling,60006,obs_noise,3,10,0,0.4,115.32297853572845,1,SUCCESS
sampling,60006,obs_noise,3,10,0|1,0.4,161.4324813862777,0,SUCCESS
sampling,60006,obs_noise,3,10,0|2,0.4,141.28168893092194,1,SUCCESS
sampling,60006,obs_noise,3,10,1,0.4,144.8132616640969,1,SUCCESS
sampling,60006,obs_noise,3,10,1|2,0.4,112.5942424528173,1,SUCCESS
sampling,60006,obs_noise,3,10,2,0.4,108.39297794528184,1,SUCCESS
sampling,60006,obs_noise,3,30,0,0.4,207.98072872961302,0,SUCCESS
sampling,60006,obs_noise,3,30,0|1,0.4,182.27201892930293,0,SUCCESS
sampling,60006,obs_noise,3,30,0|2,0.4,165.8658382238387,0,SUCCESS
sampling,60006,obs_noise,3,30,1,0.4,144.87303592035596,1,SUCCESS
sampling,60006,obs_noise,3,30,1|2,0.4,115.8211746823572,1,SUCCESS
sampling,60006,obs_noise,3,30,2,0.4,92.12460333024481,1,SUCCESS
sampling,60006,obs_noise,3,50,0,0.4,168.32304092375878,0,SUCCESS
sampling,60006,obs_noise,3,50,0|1,0.4,162.57302959994584,0,SUCCESS
sampling,60006,obs_noise,3,50,0|2,0.4,144.77160402838743,1,SUCCESS
sampling,60006,obs_noise,3,50,1,0.4,144.93260033428058,1,SUCCESS
sampling,60006,obs_noise,3,50,1|2,0.4,111.57260159976002,1,SUCCESS
sampling,60006,obs_noise,3,50,2,0.4,107.48965157777755,1,SUCCESS
sampling,60006,obs_noise,3,70,0,0.4,145.30046754439562,1,SUCCESS
sampling,60006,obs_noise,3,70,0|1,0.4,138.5643501222951,1,SUCCESS
sampling,60006,obs_noise,3,70,0|2,0.4,129.52927294993358,1,SUCCESS
sampling,60006,obs_noise,3,70,1,0.4,149.05884966283364,1,SUCCESS
sampling,60006,obs_noise,3,70,1|2,0.4,138.15626959997488,1,SUCCESS
sampling,60006,obs_noise,3,70,2,0.4,147.9152923780196,1,SUCCESS
sampling,60006,obs_noise,3,90,0,0.4,148.15117588396677,1,SUCCESS
sampling,60006,obs_noise,3,90,0|1,0.4,149.3278935066376,1,SUCCESS
sampling,60006,obs_noise,3,90,0|2,0.4,150.1822756729596,1,SUCCESS
sampling,60006,obs_noise,3,90,1,0.4,144.88781249272895,1,SUCCESS
sampling,60006,obs_noise,3,90,1|2,0.4,145.74192727427024,1,SUCCESS
sampling,60006,obs_noise,3,90,2,0.4,144.39391348371717,1,SUCCESS
sampling,60007,act_delay,0,10,0,1.0,260.6184150176123,0,SUCCESS
sampling,60007,act_delay,0,10,1,1.0,260.6184150176123,0,SUCCESS
sampling,60007,act_delay,0,10,2,1.0,260.6184150176123,0,SUCCESS
sampling,60007,act_delay,0,30,0,1.0,260.6184150176123,0,SUCCESS
sampling,60007,act_delay,0,30,1,1.0,260.6184150176123,0,SUCCESS
sampling,60007,act_delay,0,30,2,1.0,260.6184150176123,0,SUCCESS
sampling,60007,act_delay,0,50,0,1.0,260.6184150176123,0,SUCCESS
sampling,60007,act_delay,0,50,1,1.0,260.6184150176123,0,SUCCESS
sampling,60007,act_delay,0,50,2,1.0,260.6184150176123,0,SUCCESS
sampling,60007,act_delay,0,70,0,1.0,260.6184150176123,0,SUCCESS
sampling,60007,act_delay,0,70,1,1.0,260.6184150176123,0,SUCCESS
sampling,60007,act_delay,0,70,2,1.0,260.6184150176123,0,SUCCESS
sampling,60007,act_delay,0,90,0,1.0,260.6184150176123,0,SUCCESS
sampling,60007,act_delay,0,90,1,1.0,260.6184150176123,0,SUCCESS
sampling,60007,act_delay,0,90,2,1.0,260.6184150176123,0,SUCCESS
sampling,60007,act_drop,0,10,0,0.1,267.2960059940815,0,SUCCESS
sampling,60007,act_drop,0,10,1,0.1,289.35415099561214,0,SUCCESS
sampling,60007,act_drop,0,10,2,0.1,294.6717864498496,0,SUCCESS
sampling,60007,act_drop,0,30,0,0.1,289.5203343182802,0,SUCCESS
sampling,60007,act_drop,0,30,1,0.1,274.68303319858387,0,SUCCESS
sampling,60007,act_drop,0,30,2,0.1,306.7275392264128,0,SUCCESS
sampling,60007,act_drop,0,50,0,0.1,292.1381827443838,0,SUCCESS
sampling,60007,act_drop,0,50,1,0.1,276.6185078769922,0,SUCCESS
sampling,60007,act_drop,0,50,2,0.1,297.83513671159744,0,SUCCESS
sampling,60007,act_drop,0,70,0,0.1,268.04470598185435,0,SUCCESS
sampling,60007,act_drop,0,70,1,0.1,273.8427054975182,0,SUCCESS
sampling,60007,act_drop,0,70,2,0.1,260.18998093530536,0,SUCCESS
sampling,60007,act_drop,0,90,0,0.1,260.6184150176123,0,SUCCESS
sampling,60007,act_drop,0,90,1,0.1,259.377969043795,0,SUCCESS
sampling,60007,act_drop,0,90,2,0.1,260.52510210871696,0,SUCCESS
sampling,60007,act_drop,1,10,0,0.3,284.5223231166601,0,SUCCESS
sampling,60007,act_drop,1,10,1,0.3,229.86589540049317,0,SUCCESS
sampling,60007,act_drop,1,10,2,0.3,271.05719505250454,0,SUCCESS
sampling,60007,act_drop,1,30,0,0.3,275.7021556645632,0,SUCCESS
sampling,60007,act_drop,1,30,1,0.3,291.4607502669096,0,SUCCESS
sampling,60007,act_drop,1,30,2,0.3,301.5165541023016,0,SUCCESS
sampling,60007,act_drop,1,50,0,0.3,289.27858623862267,0,SUCCESS
sampling,60007,act_drop,1,50,1,0.3,256.4348435634747,0,SUCCESS
sampling,60007,act_drop,1,50,2,0.3,263.601261600852,0,SUCCESS
sampling,60007,act_drop,1,70,0,0.3,266.6841673152521,0,SUCCESS
sampling,60007,act_drop,1,70,1,0.3,273.22980374470353,0,SUCCESS
sampling,60007,act_drop,1,70,2,0.3,260.1316768974066,0,SUCCESS
sampling,60007,act_drop,1,90,0,0.3,260.6184150176123,0,SUCCESS
sampling,60007,act_drop,1,90,1,0.3,260.52562063978985,0,SUCCESS
sampling,60007,act_drop,1,90,2,0.3,260.5307538807392,0,SUCCESS
sampling,60007,act_noise,0,10,0,0.05,280.886933516711,0,SUCCESS
sampling,60007,act_noise,0,10,1,0.05,297.4309298247099,0,SUCCESS
sampling,60007,act_noise,0,10,2,0.05,253.2718203663826,0,SUCCESS
sampling,60007,act_noise,0,30,0,0.05,284.2592915408313,0,SUCCESS
sampling,60007,act_noise,0,30,1,0.05,278.1431318235118,0,SUCCESS
sampling,60007,act_noise,0,30,2,0.05,285.9847118407488,0,SUCCESS
sampling,60007,act_noise,0,50,0,0.05,282.3231763886288,0,SUCCESS
sampling,60007,act_noise,0,50,1,0.05,271.611024543643,0,SUCCESS
sampling,60007,act_noise,0,50,2,0.05,257.7777818888426,0,SUCCESS
sampling,60007,act_noise,0,70,0,0.05,260.6203970806673,0,SUCCESS
sampling,60007,act_noise,0,70,1,0.05,260.77065997291356,0,SUCCESS
sampling,60007,act_noise,0,70,2,0.05,260.99199118372053,0,SUCCESS
sampling,60007,act_noise,0,90,0,0.05,260.6184150176123,0,SUCCESS
sampling,60007,act_noise,0,90,1,0.05,260.66798206139356,0,SUCCESS
sampling,60007,act_noise,0,90,2,0.05,260.6424590628594,0,SUCCESS
sampling,60007,act_noise,1,10,0,0.2,312.023622661829,0,SUCCESS
sampling,60007,act_noise,1,10,1,0.2,312.97937782108784,0,SUCCESS
sampling,60007,act_noise,1,10,2,0.2,276.8176343590021,0,SUCCESS
sampling,60007,act_noise,1,30,0,0.2,284.47318176180124,0,SUCCESS
sampling,60007,act_noise,1,30,1,0.2,274.796254131943,0,SUCCESS
sampling,60007,act_noise,1,30,2,0.2,295.28827448934317,0,SUCCESS
sampling,60007,act_noise,1,50,0,0.2,289.9552536159754,0,SUCCESS
sampling,60007,act_noise,1,50,1,0.2,270.94911544024944,0,SUCCESS
sampling,60007,act_noise,1,50,2,0.2,284.3160430043936,0,SUCCESS
sampling,60007,act_noise,1,70,0,0.2,272.2231618585065,0,SUCCESS
sampling,60007,act_noise,1,70,1,0.2,259.3050402710214,0,SUCCESS
sampling,60007,act_noise,1,70,2,0.2,256.5859043598175,0,SUCCESS
sampling,60007,act_noise,1,90,0,0.2,260.6184150176123,0,SUCCESS
sampling,60007,act_noise,1,90,1,0.2,260.5644155340269,0,SUCCESS
sampling,60007,act_noise,1,90,2,0.2,260.67108836537227,0,SUCCESS
sampling,60007,dropout,0,10,0,1.0,285.42039071023464,0,SUCCESS
sampling,60007,dropout,0,10,0|1,1.0,255.33680941164494,0,SUCCESS
sampling,60007,dropout,0,10,0|2,1.0,299.2168922871351,0,SUCCESS
sampling,60007,dropout,0,10,1,1.0,261.5915380194783,0,SUCCESS
sampling,60007,dropout,0,10,1|2,1.0,262.50458405166864,0,SUCCESS
sampling,60007,dropout,0,10,2,1.0,244.9997139084153,0,SUCCESS
sampling,60007,dropout,0,30,0,1.0,273.9627097696066,0,SUCCESS
sampling,60007,dropout,0,30,0|1,1.0,231.7365010860376,0,SUCCESS
sampling,60007,dropout,0,30,0|2,1.0,269.3483171314001,0,SUCCESS
sampling,60007,dropout,0,30,1,1.0,249.80405852990225,0,SUCCESS
sampling,60007,dropout,0,30,1|2,1.0,206.7997518242919,0,SUCCESS
sampling,60007,dropout,0,30,2,1.0,237.7566994623885,0,SUCCESS
sampling,60007,dropout,0,50,0,1.0,279.79904030263424,0,SUCCESS
sampling,60007,dropout,0,50,0|1,1.0,272.9823162406683,0,SUCCESS
sampling,60007,dropout,0,50,0|2,1.0,283.1197488605976,0,SUCCESS
sampling,60007,dropout,0,50,1,1.0,282.00518323481083,0,SUCCESS
sampling,60007,dropout,0,50,1|2,1.0,275.01601253449917,0,SUCCESS
sampling,60007,dropout,0,50,2,1.0,283.48925180733204,0,SUCCESS
sampling,60007,dropout,0,70,0,1.0,266.66405582707375,0,SUCCESS
sampling,60007,dropout,0,70,0|1,1.0,259.75493992399424,0,SUCCESS
sampling,60007,dropout,0,70,0|2,1.0,270.2828349620104,0,SUCCESS
sampling,60007,dropout,0,70,1,1.0,269.509632086847,0,SUCCESS
sampling,60007,dropout,0,70,1|2,1.0,275.49336437880993,0,SUCCESS
sampling,60007,dropout,0,70,2,1.0,264.23751769959927,0,SUCCESS
sampling,60007,dropout,0,90,0,1.0,260.6184150176123,0,SUCCESS
sampling,60007,dropout,0,90,0|1,1.0,256.7471974273212,0,SUCCESS
sampling,60007,dropout,0,90,0|2,1.0,260.17304257303476,0,SUCCESS
sampling,60007,dropout,0,90,1,1.0,256.7471974273212,0,SUCCESS
sampling,60007,dropout,0,90,1|2,1.0,256.3018250092864,0,SUCCESS
sampling,60007,dropout,0,90,2,1.0,260.17304257303476,0,SUCCESS
sampling,60007,obs_noise,0,10,0,0.05,280.78633783757687,0,SUCCESS
sampling,60007,obs_noise,0,10,0|1,0.05,241.32452334836125,0,SUCCESS
sampling,60007,obs_noise,0,10,0|2,0.05,247.23371151834726,0,SUCCESS
sampling,60007,obs_noise,0,10,1,0.05,300.5760726034641,0,SUCCESS
sampling,60007,obs_noise,0,10,1|2,0.05,282.03884618729353,0,SUCCESS
sampling,60007,obs_noise,0,10,2,0.05,289.2576504126191,0,SUCCESS
sampling,60007,obs_noise,0,30,0,0.05,289.6704384237528,0,SUCCESS
sampling,60007,obs_noise,0,30,0|1,0.05,310.35225950181484,0,SUCCESS
sampling,60007,obs_noise,0,30,0|2,0.05,305.28117240965366,0,SUCCESS
sampling,60007,obs_noise,0,30,1,0.05,264.5005466697039,0,SUCCESS
sampling,60007,obs_noise,0,30,1|2,0.05,295.0314388945699,0,SUCCESS
sampling,60007,obs_noise,0,30,2,0.05,292.9159777611494,0,SUCCESS
sampling,60007,obs_noise,0,50,0,0.05,260.4337477935478,0,SUCCESS
sampling,60007,obs_noise,0,50,0|1,0.05,271.6792620867491,0,SUCCESS
sampling,60007,obs_noise,0,50,0|2,0.05,298.9353682100773,0,SUCCESS
sampling,60007,obs_noise,0,50,1,0.05,277.92543845577165,0,SUCCESS
sampling,60007,obs_noise,0,50,1|2,0.05,291.28179194033146,0,SUCCESS
sampling,60007,obs_noise,0,50,2,0.05,292.1168361157179,0,SUCCESS
sampling,60007,obs_noise,0,70,0,0.05,281.3664893405512,0,SUCCESS
sampling,60007,obs_noise,0,70,0|1,0.05,269.2778498218395,0,SUCCESS
sampling,60007,obs_noise,0,70,0|2,0.05,273.4149630814791,0,SUCCESS
sampling,60007,obs_noise,0,70,1,0.05,258.550406164024,0,SUCCESS
sampling,60007,obs_noise,0,70,1|2,0.05,263.7550473958254,0,SUCCESS
sampling,60007,obs_noise,0,70,2,0.05,260.0550439534709,0,SUCCESS
sampling,60007,obs_noise,0,90,0,0.05,263.5638818638399,0,SUCCESS
sampling,60007,obs_noise,0,90,0|1,0.05,260.5999426441267,0,SUCCESS
sampling,60007,obs_noise,0,90,0|2,0.05,260.6288476679474,0,SUCCESS
sampling,60007,obs_noise,0,90,1,0.05,260.74674110580236,0,SUCCESS
sampling,60007,obs_noise,0,90,1|2,0.05,260.6697979392484,0,SUCCESS
sampling,60007,obs_noise,0,90,2,0.05,260.6733943708241,0,SUCCESS
sampling,60007,obs_noise,1,10,0,0.1,289.90000730752945,0,SUCCESS
sampling,60007,obs_noise,1,10,0|1,0.1,262.44607785344124,0,SUCCESS
sampling,60007,obs_noise,1,10,0|2,0.1,266.4647553116083,0,SUCCESS
sampling,60007,obs_noise,1,10,1,0.1,286.21628554165363,0,SUCCESS
sampling,60007,obs_noise,1,10,1|2,0.1,244.32265590853058,0,SUCCESS
sampling,60007,obs_noise,1,10,2,0.1,310.81475223228335,0,SUCCESS
sampling,60007,obs_noise,1,30,0,0.1,280.04391030594707,0,SUCCESS
sampling,60007,obs_noise,1,30,0|1,0.1,260.82395531237125,0,SUCCESS
sampling,60007,obs_noise,1,30,0|2,0.1,287.98726697824895,0,SUCCESS
sampling,60007,obs_noise,1,30,1,0.1,266.4994490593672,0,SUCCESS
sampling,60007,obs_noise,1,30,1|2,0.1,291.7287968248129,0,SUCCESS
sampling,60007,obs_noise,1,30,2,0.1,294.5660916119814,0,SUCCESS
sampling,60007,obs_noise,1,50,0,0.1,286.22909822361544,0,SUCCESS
sampling,60007,obs_noise,1,50,0|1,0.1,301.6556132286787,0,SUCCESS
sampling,60007,obs_noise,1,50,0|2,0.1,302.3045351654291,0,SUCCESS
sampling,60007,obs_noise,1,50,1,0.1,282.1747893244028,0,SUCCESS
sampling,60007,obs_noise,1,50,1|2,0.1,295.61199013888836,0,SUCCESS
sampling,60007,obs_noise,1,50,2,0.1,306.3196681290865,0,SUCCESS
sampling,60007,obs_noise,1,70,0,0.1,283.1507092611864,0,SUCCESS
sampling,60007,obs_noise,1,70,0|1,0.1,268.01400505704805,0,SUCCESS
sampling,60007,obs_noise,1,70,0|2,0.1,285.45819368585944,0,SUCCESS
sampling,60007,obs_noise,1,70,1,0.1,256.77412466844544,0,SUCCESS
sampling,60007,obs_noise,1,70,1|2,0.1,259.7338129095733,0,SUCCESS
sampling,60007,obs_noise,1,70,2,0.1,262.87107829749584,0,SUCCESS
sampling,60007,obs_noise,1,90,0,0.1,263.5612436430529,0,SUCCESS
sampling,60007,obs_noise,1,90,0|1,0.1,263.5668079806492,0,SUCCESS
sampling,60007,obs_noise,1,90,0|2,0.1,263.59895250946283,0,SUCCESS
sampling,60007,obs_noise,1,90,1,0.1,259.36118181282654,0,SUCCESS
sampling,60007,obs_noise,1,90,1|2,0.1,260.7534192055464,0,SUCCESS
sampling,60007,obs_noise,1,90,2,0.1,260.6085896641016,0,SUCCESS
sampling,60007,obs_noise,2,10,0,0.2,248.68871336646043,0,SUCCESS
sampling,60007,obs_noise,2,10,0|1,0.2,237.2924135094654,0,SUCCESS
sampling,60007,obs_noise,2,10,0|2,0.2,271.96231584995985,0,SUCCESS
sampling,60007,obs_noise,2,10,1,0.2,246.9165051067248,0,SUCCESS
sampling,60007,obs_noise,2,10,1|2,0.2,275.7302370965481,0,SUCCESS
sampling,60007,obs_noise,2,10,2,0.2,294.4460550248623,0,SUCCESS
sampling,60007,obs_noise,2,30,0,0.2,292.59129372239113,0,SUCCESS
sampling,60007,obs_noise,2,30,0|1,0.2,304.97910864651203,0,SUCCESS
sampling,60007,obs_noise,2,30,0|2,0.2,296.3624112457037,0,SUCCESS
sampling,60007,obs_noise,2,30,1,0.2,250.94763754075393,0,SUCCESS
sampling,60007,obs_noise,2,30,1|2,0.2,300.2909384518862,0,SUCCESS
sampling,60007,obs_noise,2,30,2,0.2,274.9797061085701,0,SUCCESS
sampling,60007,obs_noise,2,50,0,0.2,296.33374348282814,0,SUCCESS
sampling,60007,obs_noise,2,50,0|1,0.2,274.11032988131046,0,SUCCESS
sampling,60007,obs_noise,2,50,0|2,0.2,271.70197896659374,0,SUCCESS
sampling,60007,obs_noise,2,50,1,0.2,273.4877407103777,0,SUCCESS
sampling,60007,obs_noise,2,50,1|2,0.2,290.21588538587093,0,SUCCESS
sampling,60007,obs_noise,2,50,2,0.2,293.401931270957,0,SUCCESS
sampling,60007,obs_noise,2,70,0,0.2,293.16870226711035,0,SUCCESS
sampling,60007,obs_noise,2,70,0|1,0.2,265.4594010449946,0,SUCCESS
sampling,60007,obs_noise,2,70,0|2,0.2,284.98964371718466,0,SUCCESS
sampling,60007,obs_noise,2,70,1,0.2,265.5434675021097,0,SUCCESS
sampling,60007,obs_noise,2,70,1|2,0.2,257.80193909816444,0,SUCCESS
sampling,60007,obs_noise,2,70,2,0.2,269.6509432643652,0,SUCCESS
sampling,60007,obs_noise,2,90,0,0.2,260.6184150176123,0,SUCCESS
sampling,60007,obs_noise,2,90,0|1,0.2,261.6674032942392,0,SUCCESS
sampling,60007,obs_noise,2,90,0|2,0.2,263.8461743295193,0,SUCCESS
sampling,60007,obs_noise,2,90,1,0.2,259.4759004288353,0,SUCCESS
sampling,60007,obs_noise,2,90,1|2,0.2,261.1647865176201,0,SUCCESS
sampling,60007,obs_noise,2,90,2,0.2,261.1098779216409,0,SUCCESS
sampling,60007,obs_noise,3,10,0,0.4,259.41169264912605,0,SUCCESS
sampling,60007,obs_noise,3,10,0|1,0.4,247.74662435799837,0,SUCCESS
sampling,60007,obs_noise,3,10,0|2,0.4,284.7018242776394,0,SUCCESS
sampling,60007,obs_noise,3,10,1,0.4,272.2176340967417,0,SUCCESS
sampling,60007,obs_noise,3,10,1|2,0.4,208.9694520989433,0,SUCCESS
sampling,60007,obs_noise,3,10,2,0.4,253.8266114294529,0,SUCCESS
sampling,60007,obs_noise,3,30,0,0.4,273.2680702060461,0,SUCCESS
sampling,60007,obs_noise,3,30,0|1,0.4,304.3119216710329,0,SUCCESS
sampling,60007,obs_noise,3,30,0|2,0.4,298.2505757063627,0,SUCCESS
sampling,60007,obs_noise,3,30,1,0.4,252.52984428213676,0,SUCCESS
sampling,60007,obs_noise,3,30,1|2,0.4,278.5566421598196,0,SUCCESS
sampling,60007,obs_noise,3,30,2,0.4,295.33431319892406,0,SUCCESS
sampling,60007,obs_noise,3,50,0,0.4,290.6879329830408,0,SUCCESS
sampling,60007,obs_noise,3,50,0|1,0.4,284.8627624064684,0,SUCCESS
sampling,60007,obs_noise,3,50,0|2,0.4,285.51436994969845,0,SUCCESS
sampling,60007,obs_noise,3,50,1,0.4,282.89571560919285,0,SUCCESS
sampling,60007,obs_noise,3,50,1|2,0.4,297.4219099134207,0,SUCCESS
sampling,60007,obs_noise,3,50,2,0.4,301.2179342061281,0,SUCCESS
sampling,60007,obs_noise,3,70,0,0.4,285.2391880173236,0,SUCCESS
sampling,60007,obs_noise,3,70,0|1,0.4,267.0203369795345,0,SUCCESS
sampling,60007,obs_noise,3,70,0|2,0.4,264.8063486041501,0,SUCCESS
sampling,60007,obs_noise,3,70,1,0.4,256.8134409491904,0,SUCCESS
sampling,60007,obs_noise,3,70,1|2,0.4,270.7693574912846,0,SUCCESS
sampling,60007,obs_noise,3,70,2,0.4,260.10240514576435,0,SUCCESS
sampling,60007,obs_noise,3,90,0,0.4,260.6184150176123,0,SUCCESS
sampling,60007,obs_noise,3,90,0|1,0.4,260.8963139425032,0,SUCCESS
sampling,60007,obs_noise,3,90,0|2,0.4,263.9031686335802,0,SUCCESS
sampling,60007,obs_noise,3,90,1,0.4,259.2320391093381,0,SUCCESS
sampling,60007,obs_noise,3,90,1|2,0.4,259.3041698858142,0,SUCCESS
sampling,60007,obs_noise,3,90,2,0.4,261.25706742703915,0,SUCCESS
sampling,60008,act_delay,0,10,0,1.0,217.14384344186692,0,SUCCESS
sampling,60008,act_delay,0,10,1,1.0,217.14384344186692,0,SUCCESS
sampling,60008,act_delay,0,10,2,1.0,217.14384344186692,0,SUCCESS
sampling,60008,act_delay,0,30,0,1.0,217.14384344186692,0,SUCCESS
sampling,60008,act_delay,0,30,1,1.0,217.14384344186692,0,SUCCESS
sampling,60008,act_delay,0,30,2,1.0,217.14384344186692,0,SUCCESS
sampling,60008,act_delay,0,50,0,1.0,217.14384344186692,0,SUCCESS
sampling,60008,act_delay,0,50,1,1.0,217.14384344186692,0,SUCCESS
sampling,60008,act_delay,0,50,2,1.0,217.14384344186692,0,SUCCESS
sampling,60008,act_delay,0,70,0,1.0,217.14384344186692,0,SUCCESS
sampling,60008,act_delay,0,70,1,1.0,217.14384344186692,0,SUCCESS
sampling,60008,act_delay,0,70,2,1.0,217.14384344186692,0,SUCCESS
sampling,60008,act_delay,0,90,0,1.0,217.14384344186692,0,SUCCESS
sampling,60008,act_delay,0,90,1,1.0,217.14384344186692,0,SUCCESS
sampling,60008,act_delay,0,90,2,1.0,217.14384344186692,0,SUCCESS
sampling,60008,act_drop,0,10,0,0.1,207.02930487059348,0,SUCCESS
sampling,60008,act_drop,0,10,1,0.1,224.9402153303381,0,SUCCESS
sampling,60008,act_drop,0,10,2,0.1,182.6713614625769,0,SUCCESS
sampling,60008,act_drop,0,30,0,0.1,208.93724448799185,0,SUCCESS
sampling,60008,act_drop,0,30,1,0.1,220.10058730878518,0,SUCCESS
sampling,60008,act_drop,0,30,2,0.1,191.96039785916219,0,SUCCESS
sampling,60008,act_drop,0,50,0,0.1,218.3361279170931,0,SUCCESS
sampling,60008,act_drop,0,50,1,0.1,217.87209266232094,0,SUCCESS
sampling,60008,act_drop,0,50,2,0.1,203.4811183350248,0,SUCCESS
sampling,60008,act_drop,0,70,0,0.1,216.6736853907496,0,SUCCESS
sampling,60008,act_drop,0,70,1,0.1,217.11610425270192,0,SUCCESS
sampling,60008,act_drop,0,70,2,0.1,214.49893509766844,0,SUCCESS
sampling,60008,act_drop,0,90,0,0.1,217.12571170892625,0,SUCCESS
sampling,60008,act_drop,0,90,1,0.1,217.1368754204741,0,SUCCESS
sampling,60008,act_drop,0,90,2,0.1,217.19372788038163,0,SUCCESS
sampling,60008,act_drop,1,10,0,0.3,210.33391183137428,0,SUCCESS
sampling,60008,act_drop,1,10,1,0.3,211.1008349283179,0,SUCCESS
sampling,60008,act_drop,1,10,2,0.3,199.9661160246469,0,SUCCESS
sampling,60008,act_drop,1,30,0,0.3,201.95912642095936,0,SUCCESS
sampling,60008,act_drop,1,30,1,0.3,215.92511587467743,0,SUCCESS
sampling,60008,act_drop,1,30,2,0.3,212.1647137942782,0,SUCCESS
sampling,60008,act_drop,1,50,0,0.3,210.7213007199025,0,SUCCESS
sampling,60008,act_drop,1,50,1,0.3,210.6959134354911,0,SUCCESS
sampling,60008,act_drop,1,50,2,0.3,217.87305120602832,0,SUCCESS
sampling,60008,act_drop,1,70,0,0.3,208.7689803212561,0,SUCCESS
sampling,60008,act_drop,1,70,1,0.3,218.02211313910084,0,SUCCESS
sampling,60008,act_drop,1,70,2,0.3,191.69778728214442,0,SUCCESS
sampling,60008,act_drop,1,90,0,0.3,215.19732788171677,0,SUCCESS
sampling,60008,act_drop,1,90,1,0.3,217.06028026704735,0,SUCCESS
sampling,60008,act_drop,1,90,2,0.3,213.40303125944047,0,SUCCESS
sampling,60008,act_noise,0,10,0,0.05,213.55709816434683,0,SUCCESS
sampling,60008,act_noise,0,10,1,0.05,220.29986050142907,0,SUCCESS
sampling,60008,act_noise,0,10,2,0.05,204.65342892009357,0,SUCCESS
sampling,60008,act_noise,0,30,0,0.05,210.63641072704922,0,SUCCESS
sampling,60008,act_noise,0,30,1,0.05,219.9185833545198,0,SUCCESS
sampling,60008,act_noise,0,30,2,0.05,203.1885757176642,0,SUCCESS
sampling,60008,act_noise,0,50,0,0.05,219.09270330826985,0,SUCCESS
sampling,60008,act_noise,0,50,1,0.05,218.04684187453677,0,SUCCESS
sampling,60008,act_noise,0,50,2,0.05,205.9004340236279,0,SUCCESS
sampling,60008,act_noise,0,70,0,0.05,215.77867317240452,0,SUCCESS
sampling,60008,act_noise,0,70,1,0.05,216.97887939772045,0,SUCCESS
sampling,60008,act_noise,0,70,2,0.05,217.15685752000718,0,SUCCESS
sampling,60008,act_noise,0,90,0,0.05,218.54643093295454,0,SUCCESS
sampling,60008,act_noise,0,90,1,0.05,217.1455256332556,0,SUCCESS
sampling,60008,act_noise,0,90,2,0.05,215.42389944162278,0,SUCCESS
sampling,60008,act_noise,1,10,0,0.2,201.95449175918475,0,SUCCESS
sampling,60008,act_noise,1,10,1,0.2,218.710666696541,0,SUCCESS
sampling,60008,act_noise,1,10,2,0.2,204.3114766695653,0,SUCCESS
sampling,60008,act_noise,1,30,0,0.2,220.2169735902571,0,SUCCESS
sampling,60008,act_noise,1,30,1,0.2,231.10752486926503,0,SUCCESS
sampling,60008,act_noise,1,30,2,0.2,172.23381674537086,0,SUCCESS
sampling,60008,act_noise,1,50,0,0.2,215.92324008088326,0,SUCCESS
sampling,60008,act_noise,1,50,1,0.2,215.8631539278722,0,SUCCESS
sampling,60008,act_noise,1,50,2,0.2,213.00863371531887,0,SUCCESS
sampling,60008,act_noise,1,70,0,0.2,221.62226266988728,0,SUCCESS
sampling,60008,act_noise,1,70,1,0.2,217.98402599369,0,SUCCESS
sampling,60008,act_noise,1,70,2,0.2,205.24583459402493,0,SUCCESS
sampling,60008,act_noise,1,90,0,0.2,216.1858396561729,0,SUCCESS
sampling,60008,act_noise,1,90,1,0.2,217.13624946832715,0,SUCCESS
sampling,60008,act_noise,1,90,2,0.2,215.46341678466706,0,SUCCESS
sampling,60008,dropout,0,10,0,1.0,188.38966476812493,0,SUCCESS
sampling,60008,dropout,0,10,0|1,1.0,178.60960122654797,0,SUCCESS
sampling,60008,dropout,0,10,0|2,1.0,130.10654658882413,1,SUCCESS
sampling,60008,dropout,0,10,1,1.0,210.83125529863173,0,SUCCESS
sampling,60008,dropout,0,10,1|2,1.0,152.54813627958197,1,SUCCESS
sampling,60008,dropout,0,10,2,1.0,158.86072584170324,1,SUCCESS
sampling,60008,dropout,0,30,0,1.0,215.58568305669178,0,SUCCESS
sampling,60008,dropout,0,30,0|1,1.0,207.91724258094473,0,SUCCESS
sampling,60008,dropout,0,30,0|2,1.0,195.90871199173853,0,SUCCESS
sampling,60008,dropout,0,30,1,1.0,239.2305634757504,0,SUCCESS
sampling,60008,dropout,0,30,1|2,1.0,219.55359159735963,0,SUCCESS
sampling,60008,dropout,0,30,2,1.0,197.46687114010274,0,SUCCESS
sampling,60008,dropout,0,50,0,1.0,178.09600068081636,0,SUCCESS
sampling,60008,dropout,0,50,0|1,1.0,189.41569301558775,0,SUCCESS
sampling,60008,dropout,0,50,0|2,1.0,156.31956624487066,1,SUCCESS
sampling,60008,dropout,0,50,1,1.0,229.10511880583363,0,SUCCESS
sampling,60008,dropout,0,50,1|2,1.0,207.32868493261049,0,SUCCESS
sampling,60008,dropout,0,50,2,1.0,195.36740943112818,0,SUCCESS
sampling,60008,dropout,0,70,0,1.0,217.07497962962952,0,SUCCESS
sampling,60008,dropout,0,70,0|1,1.0,217.91791580118297,0,SUCCESS
sampling,60008,dropout,0,70,0|2,1.0,208.39644319127547,0,SUCCESS
sampling,60008,dropout,0,70,1,1.0,217.98677967637195,0,SUCCESS
sampling,60008,dropout,0,70,1|2,1.0,209.30824343516724,0,SUCCESS
sampling,60008,dropout,0,70,2,1.0,208.4653069695487,0,SUCCESS
sampling,60008,dropout,0,90,0,1.0,208.59336031148268,0,SUCCESS
sampling,60008,dropout,0,90,0|1,1.0,208.46030329885252,0,SUCCESS
sampling,60008,dropout,0,90,0|2,1.0,202.86202428945398,0,SUCCESS
sampling,60008,dropout,0,90,1,1.0,217.0107862450095,0,SUCCESS
sampling,60008,dropout,0,90,1|2,1.0,211.27945055703458,0,SUCCESS
sampling,60008,dropout,0,90,2,1.0,211.41250764335564,0,SUCCESS
sampling,60008,obs_noise,0,10,0,0.05,207.16867464726238,0,SUCCESS
sampling,60008,obs_noise,0,10,0|1,0.05,224.51541870448273,0,SUCCESS
sampling,60008,obs_noise,0,10,0|2,0.05,224.71273661342275,0,SUCCESS
sampling,60008,obs_noise,0,10,1,0.05,222.23911917081568,0,SUCCESS
sampling,60008,obs_noise,0,10,1|2,0.05,224.01452265889384,0,SUCCESS
sampling,60008,obs_noise,0,10,2,0.05,198.69101122758002,0,SUCCESS
sampling,60008,obs_noise,0,30,0,0.05,223.51299232325982,0,SUCCESS
sampling,60008,obs_noise,0,30,0|1,0.05,222.0088992234305,0,SUCCESS
sampling,60008,obs_noise,0,30,0|2,0.05,200.0364126381901,0,SUCCESS
sampling,60008,obs_noise,0,30,1,0.05,218.99463942679722,0,SUCCESS
sampling,60008,obs_noise,0,30,1|2,0.05,210.35818731917243,0,SUCCESS
sampling,60008,obs_noise,0,30,2,0.05,181.51651038063574,0,SUCCESS
sampling,60008,obs_noise,0,50,0,0.05,224.8292368962866,0,SUCCESS
sampling,60008,obs_noise,0,50,0|1,0.05,219.39711743830412,0,SUCCESS
sampling,60008,obs_noise,0,50,0|2,0.05,209.32721867783403,0,SUCCESS
sampling,60008,obs_noise,0,50,1,0.05,218.03528007174464,0,SUCCESS
sampling,60008,obs_noise,0,50,1|2,0.05,206.24887970612326,0,SUCCESS
sampling,60008,obs_noise,0,50,2,0.05,204.47155927063432,0,SUCCESS
sampling,60008,obs_noise,0,70,0,0.05,217.5691612195369,0,SUCCESS
sampling,60008,obs_noise,0,70,0|1,0.05,217.3726280922565,0,SUCCESS
sampling,60008,obs_noise,0,70,0|2,0.05,219.11206715797016,0,SUCCESS
sampling,60008,obs_noise,0,70,1,0.05,217.61316862866806,0,SUCCESS
sampling,60008,obs_noise,0,70,1|2,0.05,219.54967568343272,0,SUCCESS
sampling,60008,obs_noise,0,70,2,0.05,216.95517321712396,0,SUCCESS
sampling,60008,obs_noise,0,90,0,0.05,215.74666073884873,0,SUCCESS
sampling,60008,obs_noise,0,90,0|1,0.05,215.66396583979076,0,SUCCESS
sampling,60008,obs_noise,0,90,0|2,0.05,215.88116793301015,0,SUCCESS
sampling,60008,obs_noise,0,90,1,0.05,217.1601463738043,0,SUCCESS
sampling,60008,obs_noise,0,90,1|2,0.05,217.3642127908679,0,SUCCESS
sampling,60008,obs_noise,0,90,2,0.05,215.4248539504042,0,SUCCESS
sampling,60008,obs_noise,1,10,0,0.1,202.1531667456802,0,SUCCESS
sampling,60008,obs_noise,1,10,0|1,0.1,195.12991468359178,0,SUCCESS
sampling,60008,obs_noise,1,10,0|2,0.1,162.64128742099274,0,SUCCESS
sampling,60008,obs_noise,1,10,1,0.1,221.7891024944256,0,SUCCESS
sampling,60008,obs_noise,1,10,1|2,0.1,157.01668354636695,1,SUCCESS
sampling,60008,obs_noise,1,10,2,0.1,171.33941541479726,0,SUCCESS
sampling,60008,obs_noise,1,30,0,0.1,225.36707238072268,0,SUCCESS
sampling,60008,obs_noise,1,30,0|1,0.1,221.07842420734232,0,SUCCESS
sampling,60008,obs_noise,1,30,0|2,0.1,195.7116939724947,0,SUCCESS
sampling,60008,obs_noise,1,30,1,0.1,217.99701893712336,0,SUCCESS
sampling,60008,obs_noise,1,30,1|2,0.1,187.9640888463473,0,SUCCESS
sampling,60008,obs_noise,1,30,2,0.1,182.34260391928547,0,SUCCESS
sampling,60008,obs_noise,1,50,0,0.1,228.10562457883498,0,SUCCESS
sampling,60008,obs_noise,1,50,0|1,0.1,224.6798232740548,0,SUCCESS
sampling,60008,obs_noise,1,50,0|2,0.1,218.2514865341509,0,SUCCESS
sampling,60008,obs_noise,1,50,1,0.1,217.64903030321875,0,SUCCESS
sampling,60008,obs_noise,1,50,1|2,0.1,211.876308573992,0,SUCCESS
sampling,60008,obs_noise,1,50,2,0.1,223.76141715094855,0,SUCCESS
sampling,60008,obs_noise,1,70,0,0.1,215.94944316215697,0,SUCCESS
sampling,60008,obs_noise,1,70,0|1,0.1,214.7610341591353,0,SUCCESS
sampling,60008,obs_noise,1,70,0|2,0.1,219.20197724738682,0,SUCCESS
sampling,60008,obs_noise,1,70,1,0.1,217.26195578224724,0,SUCCESS
sampling,60008,obs_noise,1,70,1|2,0.1,221.92184301595262,0,SUCCESS
sampling,60008,obs_noise,1,70,2,0.1,217.31657664744125,0,SUCCESS
sampling,60008,obs_noise,1,90,0,0.1,215.6951211985579,0,SUCCESS
sampling,60008,obs_noise,1,90,0|1,0.1,216.87418720965798,0,SUCCESS
sampling,60008,obs_noise,1,90,0|2,0.1,220.54404793925642,0,SUCCESS
sampling,60008,obs_noise,1,90,1,0.1,217.1365872387687,0,SUCCESS
sampling,60008,obs_noise,1,90,1|2,0.1,220.65429900785966,0,SUCCESS
sampling,60008,obs_noise,1,90,2,0.1,213.3850043114653,0,SUCCESS
sampling,60008,obs_noise,2,10,0,0.2,196.92568260699045,0,SUCCESS
sampling,60008,obs_noise,2,10,0|1,0.2,204.02156641359602,0,SUCCESS
sampling,60008,obs_noise,2,10,0|2,0.2,201.04732752738346,0,SUCCESS
sampling,60008,obs_noise,2,10,1,0.2,211.9113146546606,0,SUCCESS
sampling,60008,obs_noise,2,10,1|2,0.2,203.81881450529335,0,SUCCESS
sampling,60008,obs_noise,2,10,2,0.2,210.589365625754,0,SUCCESS
sampling,60008,obs_noise,2,30,0,0.2,228.6394007205963,0,SUCCESS
sampling,60008,obs_noise,2,30,0|1,0.2,222.63250306231203,0,SUCCESS
sampling,60008,obs_noise,2,30,0|2,0.2,200.6287056969304,0,SUCCESS
sampling,60008,obs_noise,2,30,1,0.2,217.2810758370906,0,SUCCESS
sampling,60008,obs_noise,2,30,1|2,0.2,201.3837682219455,0,SUCCESS
sampling,60008,obs_noise,2,30,2,0.2,158.89731613951153,1,SUCCESS
sampling,60008,obs_noise,2,50,0,0.2,223.5322948661924,0,SUCCESS
sampling,60008,obs_noise,2,50,0|1,0.2,173.32378938101465,0,SUCCESS
sampling,60008,obs_noise,2,50,0|2,0.2,175.43005449936027,0,SUCCESS
sampling,60008,obs_noise,2,50,1,0.2,209.7385220148135,0,SUCCESS
sampling,60008,obs_noise,2,50,1|2,0.2,211.9360971368078,0,SUCCESS
sampling,60008,obs_noise,2,50,2,0.2,212.50395739870146,0,SUCCESS
sampling,60008,obs_noise,2,70,0,0.2,215.4671158126148,0,SUCCESS
sampling,60008,obs_noise,2,70,0|1,0.2,216.3417882839567,0,SUCCESS
sampling,60008,obs_noise,2,70,0|2,0.2,222.12372652842896,0,SUCCESS
sampling,60008,obs_noise,2,70,1,0.2,217.33192848722683,0,SUCCESS
sampling,60008,obs_noise,2,70,1|2,0.2,223.2645667908364,0,SUCCESS
sampling,60008,obs_noise,2,70,2,0.2,219.92124913491716,0,SUCCESS
sampling,60008,obs_noise,2,90,0,0.2,214.04887929525285,0,SUCCESS
sampling,60008,obs_noise,2,90,0|1,0.2,215.41778210272605,0,SUCCESS
sampling,60008,obs_noise,2,90,0|2,0.2,213.88425801428093,0,SUCCESS
sampling,60008,obs_noise,2,90,1,0.2,217.0666685335018,0,SUCCESS
sampling,60008,obs_noise,2,90,1|2,0.2,215.44566931728332,0,SUCCESS
sampling,60008,obs_noise,2,90,2,0.2,215.2402888235083,0,SUCCESS
sampling,60008,obs_noise,3,10,0,0.4,195.6906347685872,0,SUCCESS
sampling,60008,obs_noise,3,10,0|1,0.4,204.93564940438955,0,SUCCESS
sampling,60008,obs_noise,3,10,0|2,0.4,217.56363025994506,0,SUCCESS
sampling,60008,obs_noise,3,10,1,0.4,211.1594911157299,0,SUCCESS
sampling,60008,obs_noise,3,10,1|2,0.4,211.1243008597594,0,SUCCESS
sampling,60008,obs_noise,3,10,2,0.4,200.42489556489454,0,SUCCESS
sampling,60008,obs_noise,3,30,0,0.4,209.8350828707189,0,SUCCESS
sampling,60008,obs_noise,3,30,0|1,0.4,209.9288066678855,0,SUCCESS
sampling,60008,obs_noise,3,30,0|2,0.4,192.4883590854588,0,SUCCESS
sampling,60008,obs_noise,3,30,1,0.4,241.0337360179983,0,SUCCESS
sampling,60008,obs_noise,3,30,1|2,0.4,208.88498968430213,0,SUCCESS
sampling,60008,obs_noise,3,30,2,0.4,201.8638133630011,0,SUCCESS
sampling,60008,obs_noise,3,50,0,0.4,187.6736145754403,0,SUCCESS
sampling,60008,obs_noise,3,50,0|1,0.4,190.73798785425606,0,SUCCESS
sampling,60008,obs_noise,3,50,0|2,0.4,179.66291556082433,0,SUCCESS
sampling,60008,obs_noise,3,50,1,0.4,222.4182958782767,0,SUCCESS
sampling,60008,obs_noise,3,50,1|2,0.4,209.8733657295088,0,SUCCESS
sampling,60008,obs_noise,3,50,2,0.4,207.99111583012564,0,SUCCESS
sampling,60008,obs_noise,3,70,0,0.4,217.20130873336166,0,SUCCESS
sampling,60008,obs_noise,3,70,0|1,0.4,215.34583559304883,0,SUCCESS
sampling,60008,obs_noise,3,70,0|2,0.4,220.30113551842805,0,SUCCESS
sampling,60008,obs_noise,3,70,1,0.4,218.3464998046984,0,SUCCESS
sampling,60008,obs_noise,3,70,1|2,0.4,222.8308683152427,0,SUCCESS
sampling,60008,obs_noise,3,70,2,0.4,215.55990640478558,0,SUCCESS
sampling,60008,obs_noise,3,90,0,0.4,214.02780420672207,0,SUCCESS
sampling,60008,obs_noise,3,90,0|1,0.4,214.7462108956097,0,SUCCESS
sampling,60008,obs_noise,3,90,0|2,0.4,211.18475599180965,0,SUCCESS
sampling,60008,obs_noise,3,90,1,0.4,217.0727513962338,0,SUCCESS
sampling,60008,obs_noise,3,90,1|2,0.4,213.3711889382248,0,SUCCESS
sampling,60008,obs_noise,3,90,2,0.4,214.0822352249088,0,SUCCESS
sampling,60009,act_delay,0,10,0,1.0,48.198929142368684,1,SUCCESS
sampling,60009,act_delay,0,10,1,1.0,48.198929142368684,1,SUCCESS
sampling,60009,act_delay,0,10,2,1.0,48.198929142368684,1,SUCCESS
sampling,60009,act_delay,0,30,0,1.0,48.198929142368684,1,SUCCESS
sampling,60009,act_delay,0,30,1,1.0,48.198929142368684,1,SUCCESS
sampling,60009,act_delay,0,30,2,1.0,48.198929142368684,1,SUCCESS
sampling,60009,act_delay,0,50,0,1.0,48.198929142368684,1,SUCCESS
sampling,60009,act_delay,0,50,1,1.0,48.198929142368684,1,SUCCESS
sampling,60009,act_delay,0,50,2,1.0,48.198929142368684,1,SUCCESS
sampling,60009,act_delay,0,70,0,1.0,48.198929142368684,1,SUCCESS
sampling,60009,act_delay,0,70,1,1.0,48.198929142368684,1,SUCCESS
sampling,60009,act_delay,0,70,2,1.0,48.198929142368684,1,SUCCESS
sampling,60009,act_delay,0,90,0,1.0,48.198929142368684,1,SUCCESS
sampling,60009,act_delay,0,90,1,1.0,48.198929142368684,1,SUCCESS
sampling,60009,act_delay,0,90,2,1.0,48.198929142368684,1,SUCCESS
sampling,60009,act_drop,0,10,0,0.1,42.42020349034297,1,SUCCESS
sampling,60009,act_drop,0,10,1,0.1,47.1548820094814,1,SUCCESS
sampling,60009,act_drop,0,10,2,0.1,48.20775126081651,1,SUCCESS
sampling,60009,act_drop,0,30,0,0.1,40.36854466332724,1,SUCCESS
sampling,60009,act_drop,0,30,1,0.1,48.1940582760061,1,SUCCESS
sampling,60009,act_drop,0,30,2,0.1,48.244056752173606,1,SUCCESS
sampling,60009,act_drop,0,50,0,0.1,71.25850841975068,1,SUCCESS
sampling,60009,act_drop,0,50,1,0.1,48.1895636757489,1,SUCCESS
sampling,60009,act_drop,0,50,2,0.1,48.20217079166912,1,SUCCESS
sampling,60009,act_drop,0,70,0,0.1,47.85634695732904,1,SUCCESS
sampling,60009,act_drop,0,70,1,0.1,48.20825372666775,1,SUCCESS
sampling,60009,act_drop,0,70,2,0.1,48.20202539065838,1,SUCCESS
sampling,60009,act_drop,0,90,0,0.1,48.198929142368684,1,SUCCESS
sampling,60009,act_drop,0,90,1,0.1,48.198929142368684,1,SUCCESS
sampling,60009,act_drop,0,90,2,0.1,48.198929142368684,1,SUCCESS
sampling,60009,act_drop,1,10,0,0.3,37.231114117348106,1,SUCCESS
sampling,60009,act_drop,1,10,1,0.3,47.42212295993546,1,SUCCESS
sampling,60009,act_drop,1,10,2,0.3,48.19081256902143,1,SUCCESS
sampling,60009,act_drop,1,30,0,0.3,31.33091945161243,1,SUCCESS
sampling,60009,act_drop,1,30,1,0.3,47.8161533395564,1,SUCCESS
sampling,60009,act_drop,1,30,2,0.3,48.36785888523548,1,SUCCESS
sampling,60009,act_drop,1,50,0,0.3,85.66997800829334,1,SUCCESS
sampling,60009,act_drop,1,50,1,0.3,48.207816877213986,1,SUCCESS
sampling,60009,act_drop,1,50,2,0.3,48.19264589991951,1,SUCCESS
sampling,60009,act_drop,1,70,0,0.3,48.061792418919026,1,SUCCESS
sampling,60009,act_drop,1,70,1,0.3,48.24578512219057,1,SUCCESS
sampling,60009,act_drop,1,70,2,0.3,48.18875559464948,1,SUCCESS
sampling,60009,act_drop,1,90,0,0.3,47.969059244936375,1,SUCCESS
sampling,60009,act_drop,1,90,1,0.3,48.1991375686365,1,SUCCESS
sampling,60009,act_drop,1,90,2,0.3,48.20354253969151,1,SUCCESS
sampling,60009,act_noise,0,10,0,0.05,48.61409812998802,1,SUCCESS
sampling,60009,act_noise,0,10,1,0.05,48.02826264287512,1,SUCCESS
sampling,60009,act_noise,0,10,2,0.05,48.19777422934783,1,SUCCESS
sampling,60009,act_noise,0,30,0,0.05,48.6547062181924,1,SUCCESS
sampling,60009,act_noise,0,30,1,0.05,47.51183435955579,1,SUCCESS
sampling,60009,act_noise,0,30,2,0.05,48.198754643417374,1,SUCCESS
sampling,60009,act_noise,0,50,0,0.05,56.07670367848357,1,SUCCESS
sampling,60009,act_noise,0,50,1,0.05,48.198834272989984,1,SUCCESS
sampling,60009,act_noise,0,50,2,0.05,48.19894253341465,1,SUCCESS
sampling,60009,act_noise,0,70,0,0.05,48.545091298672446,1,SUCCESS
sampling,60009,act_noise,0,70,1,0.05,48.19890452951847,1,SUCCESS
sampling,60009,act_noise,0,70,2,0.05,48.198270750156894,1,SUCCESS
sampling,60009,act_noise,0,90,0,0.05,48.252662193191895,1,SUCCESS
sampling,60009,act_noise,0,90,1,0.05,48.19892460801282,1,SUCCESS
sampling,60009,act_noise,0,90,2,0.05,48.20307950135782,1,SUCCESS
sampling,60009,act_noise,1,10,0,0.2,76.19602540599578,1,SUCCESS
sampling,60009,act_noise,1,10,1,0.2,44.97117511394124,1,SUCCESS
sampling,60009,act_noise,1,10,2,0.2,48.19625239498157,1,SUCCESS
sampling,60009,act_noise,1,30,0,0.2,49.15541627294181,1,SUCCESS
sampling,60009,act_noise,1,30,1,0.2,47.2436757548599,1,SUCCESS
sampling,60009,act_noise,1,30,2,0.2,48.204641195219324,1,SUCCESS
sampling,60009,act_noise,1,50,0,0.2,49.38353672845449,1,SUCCESS
sampling,60009,act_noise,1,50,1,0.2,48.182789505920596,1,SUCCESS
sampling,60009,act_noise,1,50,2,0.2,48.202987681811805,1,SUCCESS
sampling,60009,act_noise,1,70,0,0.2,48.5560523499106,1,SUCCESS
sampling,60009,act_noise,1,70,1,0.2,48.1867429789728,1,SUCCESS
sampling,60009,act_noise,1,70,2,0.2,48.21213647247612,1,SUCCESS
sampling,60009,act_noise,1,90,0,0.2,48.73108041653484,1,SUCCESS
sampling,60009,act_noise,1,90,1,0.2,48.19890004421802,1,SUCCESS
sampling,60009,act_noise,1,90,2,0.2,48.20242667019363,1,SUCCESS
sampling,60009,dropout,0,10,0,1.0,44.97465539459891,1,SUCCESS
sampling,60009,dropout,0,10,0|1,1.0,44.366317979089324,1,SUCCESS
sampling,60009,dropout,0,10,0|2,1.0,44.976969548532566,1,SUCCESS
sampling,60009,dropout,0,10,1,1.0,47.590591928920695,1,SUCCESS
sampling,60009,dropout,0,10,1|2,1.0,47.60394156080099,1,SUCCESS
sampling,60009,dropout,0,10,2,1.0,48.20764511838104,1,SUCCESS
sampling,60009,dropout,0,30,0,1.0,29.112389948767145,1,SUCCESS
sampling,60009,dropout,0,30,0|1,1.0,27.658846287807123,1,SUCCESS
sampling,60009,dropout,0,30,0|2,1.0,29.10571694114799,1,SUCCESS
sampling,60009,dropout,0,30,1,1.0,46.74538547168392,1,SUCCESS
sampling,60009,dropout,0,30,1|2,1.0,46.740115090598806,1,SUCCESS
sampling,60009,dropout,0,30,2,1.0,48.19365868839566,1,SUCCESS
sampling,60009,dropout,0,50,0,1.0,78.22316845466047,1,SUCCESS
sampling,60009,dropout,0,50,0|1,1.0,78.37332618464993,1,SUCCESS
sampling,60009,dropout,0,50,0|2,1.0,78.21351178440241,1,SUCCESS
sampling,60009,dropout,0,50,1,1.0,48.349087096833394,1,SUCCESS
sampling,60009,dropout,0,50,1|2,1.0,48.33943518949147,1,SUCCESS
sampling,60009,dropout,0,50,2,1.0,48.189272526334605,1,SUCCESS
sampling,60009,dropout,0,70,0,1.0,55.70176272232982,1,SUCCESS
sampling,60009,dropout,0,70,0|1,1.0,55.69833654667832,1,SUCCESS
sampling,60009,dropout,0,70,0|2,1.0,55.690583986224624,1,SUCCESS
sampling,60009,dropout,0,70,1,1.0,48.19550292020915,1,SUCCESS
sampling,60009,dropout,0,70,1|2,1.0,48.18432411153378,1,SUCCESS
sampling,60009,dropout,0,70,2,1.0,48.187750333123745,1,SUCCESS
sampling,60009,dropout,0,90,0,1.0,47.74764419933797,1,SUCCESS
sampling,60009,dropout,0,90,0|1,1.0,47.747447875407374,1,SUCCESS
sampling,60009,dropout,0,90,0|2,1.0,47.73766193260542,1,SUCCESS
sampling,60009,dropout,0,90,1,1.0,48.19873269707648,1,SUCCESS
sampling,60009,dropout,0,90,1|2,1.0,48.188750423424494,1,SUCCESS
sampling,60009,dropout,0,90,2,1.0,48.18894686891315,1,SUCCESS
sampling,60009,obs_noise,0,10,0,0.05,49.718551493095106,1,SUCCESS
sampling,60009,obs_noise,0,10,0|1,0.05,41.68141138890735,1,SUCCESS
sampling,60009,obs_noise,0,10,0|2,0.05,45.39468954417032,1,SUCCESS
sampling,60009,obs_noise,0,10,1,0.05,54.39870726447086,1,SUCCESS
sampling,60009,obs_noise,0,10,1|2,0.05,45.64296158245986,1,SUCCESS
sampling,60009,obs_noise,0,10,2,0.05,48.2110939328378,1,SUCCESS
sampling,60009,obs_noise,0,30,0,0.05,58.50557039093853,1,SUCCESS
sampling,60009,obs_noise,0,30,0|1,0.05,48.64358503617706,1,SUCCESS
sampling,60009,obs_noise,0,30,0|2,0.05,49.085832970182764,1,SUCCESS
sampling,60009,obs_noise,0,30,1,0.05,47.05507744693521,1,SUCCESS
sampling,60009,obs_noise,0,30,1|2,0.05,48.10401850053578,1,SUCCESS
sampling,60009,obs_noise,0,30,2,0.05,48.2136142073125,1,SUCCESS
sampling,60009,obs_noise,0,50,0,0.05,50.2525125365313,1,SUCCESS
sampling,60009,obs_noise,0,50,0|1,0.05,47.62268711120521,1,SUCCESS
sampling,60009,obs_noise,0,50,0|2,0.05,47.67065188634194,1,SUCCESS
sampling,60009,obs_noise,0,50,1,0.05,48.20831116247439,1,SUCCESS
sampling,60009,obs_noise,0,50,1|2,0.05,48.30400359715452,1,SUCCESS
sampling,60009,obs_noise,0,50,2,0.05,48.20448276893228,1,SUCCESS
sampling,60009,obs_noise,0,70,0,0.05,52.89198988576425,1,SUCCESS
sampling,60009,obs_noise,0,70,0|1,0.05,48.32124374894636,1,SUCCESS
sampling,60009,obs_noise,0,70,0|2,0.05,48.342475102815,1,SUCCESS
sampling,60009,obs_noise,0,70,1,0.05,48.19907053910799,1,SUCCESS
sampling,60009,obs_noise,0,70,1|2,0.05,48.2136907176415,1,SUCCESS
sampling,60009,obs_noise,0,70,2,0.05,48.19976765859508,1,SUCCESS
sampling,60009,obs_noise,0,90,0,0.05,48.06045968851129,1,SUCCESS
sampling,60009,obs_noise,0,90,0|1,0.05,48.00707902456986,1,SUCCESS
sampling,60009,obs_noise,0,90,0|2,0.05,48.00765666249379,1,SUCCESS
sampling,60009,obs_noise,0,90,1,0.05,48.198802004640925,1,SUCCESS
sampling,60009,obs_noise,0,90,1|2,0.05,48.199609233752085,1,SUCCESS
sampling,60009,obs_noise,0,90,2,0.05,48.19912581639244,1,SUCCESS
sampling,60009,obs_noise,1,10,0,0.1,83.65695907571222,1,SUCCESS
sampling,60009,obs_noise,1,10,0|1,0.1,58.37951490592857,1,SUCCESS
sampling,60009,obs_noise,1,10,0|2,0.1,48.328839929269066,1,SUCCESS
sampling,60009,obs_noise,1,10,1,0.1,44.059400241968326,1,SUCCESS
sampling,60009,obs_noise,1,10,1|2,0.1,47.19140649744077,1,SUCCESS
sampling,60009,obs_noise,1,10,2,0.1,48.16682766331803,1,SUCCESS
sampling,60009,obs_noise,1,30,0,0.1,44.890838863910446,1,SUCCESS
sampling,60009,obs_noise,1,30,0|1,0.1,57.174500522120255,1,SUCCESS
sampling,60009,obs_noise,1,30,0|2,0.1,57.96324796586328,1,SUCCESS
sampling,60009,obs_noise,1,30,1,0.1,47.84799873452682,1,SUCCESS
sampling,60009,obs_noise,1,30,1|2,0.1,48.292343497830984,1,SUCCESS
sampling,60009,obs_noise,1,30,2,0.1,48.55735004601149,1,SUCCESS
sampling,60009,obs_noise,1,50,0,0.1,53.539924841808215,1,SUCCESS
sampling,60009,obs_noise,1,50,0|1,0.1,49.25547545951258,1,SUCCESS
sampling,60009,obs_noise,1,50,0|2,0.1,49.30578702164155,1,SUCCESS
sampling,60009,obs_noise,1,50,1,0.1,48.233416875133,1,SUCCESS
sampling,60009,obs_noise,1,50,1|2,0.1,48.36673501820076,1,SUCCESS
sampling,60009,obs_noise,1,50,2,0.1,48.20119502743239,1,SUCCESS
sampling,60009,obs_noise,1,70,0,0.1,63.451103287712044,1,SUCCESS
sampling,60009,obs_noise,1,70,0|1,0.1,54.590932326058805,1,SUCCESS
sampling,60009,obs_noise,1,70,0|2,0.1,54.62401439171674,1,SUCCESS
sampling,60009,obs_noise,1,70,1,0.1,48.18697736334332,1,SUCCESS
sampling,60009,obs_noise,1,70,1|2,0.1,48.21185813406089,1,SUCCESS
sampling,60009,obs_noise,1,70,2,0.1,48.1982278680606,1,SUCCESS
sampling,60009,obs_noise,1,90,0,0.1,48.29289256976506,1,SUCCESS
sampling,60009,obs_noise,1,90,0|1,0.1,48.13760644289039,1,SUCCESS
sampling,60009,obs_noise,1,90,0|2,0.1,48.163695206704574,1,SUCCESS
sampling,60009,obs_noise,1,90,1,0.1,48.19873706169062,1,SUCCESS
sampling,60009,obs_noise,1,90,1|2,0.1,48.22530737553359,1,SUCCESS
sampling,60009,obs_noise,1,90,2,0.1,48.200498642973685,1,SUCCESS
sampling,60009,obs_noise,2,10,0,0.2,58.2506185537746,1,SUCCESS
sampling,60009,obs_noise,2,10,0|1,0.2,73.73470868207244,1,SUCCESS
sampling,60009,obs_noise,2,10,0|2,0.2,78.79926401547539,1,SUCCESS
sampling,60009,obs_noise,2,10,1,0.2,44.13347843330291,1,SUCCESS
sampling,60009,obs_noise,2,10,1|2,0.2,46.18861211187675,1,SUCCESS
sampling,60009,obs_noise,2,10,2,0.2,48.18548812003144,1,SUCCESS
sampling,60009,obs_noise,2,30,0,0.2,35.158463798234884,1,SUCCESS
sampling,60009,obs_noise,2,30,0|1,0.2,47.901968586107984,1,SUCCESS
sampling,60009,obs_noise,2,30,0|2,0.2,48.46039679104632,1,SUCCESS
sampling,60009,obs_noise,2,30,1,0.2,49.50179003523522,1,SUCCESS
sampling,60009,obs_noise,2,30,1|2,0.2,57.86319112052024,1,SUCCESS
sampling,60009,obs_noise,2,30,2,0.2,49.800761543696694,1,SUCCESS
sampling,60009,obs_noise,2,50,0,0.2,83.32385482724851,1,SUCCESS
sampling,60009,obs_noise,2,50,0|1,0.2,82.17134187166607,1,SUCCESS
sampling,60009,obs_noise,2,50,0|2,0.2,82.13975537051519,1,SUCCESS
sampling,60009,obs_noise,2,50,1,0.2,48.2787387697955,1,SUCCESS
sampling,60009,obs_noise,2,50,1|2,0.2,48.30648546590885,1,SUCCESS
sampling,60009,obs_noise,2,50,2,0.2,48.21364106509634,1,SUCCESS
sampling,60009,obs_noise,2,70,0,0.2,68.01394334635359,1,SUCCESS
sampling,60009,obs_noise,2,70,0|1,0.2,69.90896796636639,1,SUCCESS
sampling,60009,obs_noise,2,70,0|2,0.2,69.92873281925529,1,SUCCESS
sampling,60009,obs_noise,2,70,1,0.2,48.18206129750513,1,SUCCESS
sampling,60009,obs_noise,2,70,1|2,0.2,48.182681325733824,1,SUCCESS
sampling,60009,obs_noise,2,70,2,0.2,48.19997072604917,1,SUCCESS
sampling,60009,obs_noise,2,90,0,0.2,48.494445275677094,1,SUCCESS
sampling,60009,obs_noise,2,90,0|1,0.2,47.74765579113489,1,SUCCESS
sampling,60009,obs_noise,2,90,0|2,0.2,47.74665844498247,1,SUCCESS
sampling,60009,obs_noise,2,90,1,0.2,48.19867409065671,1,SUCCESS
sampling,60009,obs_noise,2,90,1|2,0.2,48.19769112082838,1,SUCCESS
sampling,60009,obs_noise,2,90,2,0.2,48.19466843451107,1,SUCCESS
sampling,60009,obs_noise,3,10,0,0.4,70.81641440011381,1,SUCCESS
sampling,60009,obs_noise,3,10,0|1,0.4,44.486652407928716,1,SUCCESS
sampling,60009,obs_noise,3,10,0|2,0.4,60.33194370080048,1,SUCCESS
sampling,60009,obs_noise,3,10,1,0.4,31.845101115733073,1,SUCCESS
sampling,60009,obs_noise,3,10,1|2,0.4,43.92293157053632,1,SUCCESS
sampling,60009,obs_noise,3,10,2,0.4,48.19469564359031,1,SUCCESS
sampling,60009,obs_noise,3,30,0,0.4,29.70292696633021,1,SUCCESS
sampling,60009,obs_noise,3,30,0|1,0.4,42.37377367498153,1,SUCCESS
sampling,60009,obs_noise,3,30,0|2,0.4,41.00580586333524,1,SUCCESS
sampling,60009,obs_noise,3,30,1,0.4,46.01390774442931,1,SUCCESS
sampling,60009,obs_noise,3,30,1|2,0.4,46.28193661049397,1,SUCCESS
sampling,60009,obs_noise,3,30,2,0.4,48.20051702405624,1,SUCCESS
sampling,60009,obs_noise,3,50,0,0.4,71.93143022042135,1,SUCCESS
sampling,60009,obs_noise,3,50,0|1,0.4,68.99878791819889,1,SUCCESS
sampling,60009,obs_noise,3,50,0|2,0.4,68.94438415247815,1,SUCCESS
sampling,60009,obs_noise,3,50,1,0.4,48.30341666415723,1,SUCCESS
sampling,60009,obs_noise,3,50,1|2,0.4,48.29785140524166,1,SUCCESS
sampling,60009,obs_noise,3,50,2,0.4,48.19155826211505,1,SUCCESS
sampling,60009,obs_noise,3,70,0,0.4,67.68645449037092,1,SUCCESS
sampling,60009,obs_noise,3,70,0|1,0.4,65.95325763330607,1,SUCCESS
sampling,60009,obs_noise,3,70,0|2,0.4,65.96342953481587,1,SUCCESS
sampling,60009,obs_noise,3,70,1,0.4,48.18105342671231,1,SUCCESS
sampling,60009,obs_noise,3,70,1|2,0.4,48.16845864674724,1,SUCCESS
sampling,60009,obs_noise,3,70,2,0.4,48.18839779657526,1,SUCCESS
sampling,60009,obs_noise,3,90,0,0.4,47.02303612274261,1,SUCCESS
sampling,60009,obs_noise,3,90,0|1,0.4,47.46368904156304,1,SUCCESS
sampling,60009,obs_noise,3,90,0|2,0.4,47.463113215664976,1,SUCCESS
sampling,60009,obs_noise,3,90,1,0.4,48.19879143138576,1,SUCCESS
sampling,60009,obs_noise,3,90,1|2,0.4,48.19832341791232,1,SUCCESS
sampling,60009,obs_noise,3,90,2,0.4,48.19411102930633,1,SUCCESS
sampling,60010,act_delay,0,10,0,1.0,301.03804323618533,0,SUCCESS
sampling,60010,act_delay,0,10,1,1.0,301.03804323618533,0,SUCCESS
sampling,60010,act_delay,0,10,2,1.0,301.03804323618533,0,SUCCESS
sampling,60010,act_delay,0,30,0,1.0,301.03804323618533,0,SUCCESS
sampling,60010,act_delay,0,30,1,1.0,301.03804323618533,0,SUCCESS
sampling,60010,act_delay,0,30,2,1.0,301.03804323618533,0,SUCCESS
sampling,60010,act_delay,0,50,0,1.0,301.03804323618533,0,SUCCESS
sampling,60010,act_delay,0,50,1,1.0,301.03804323618533,0,SUCCESS
sampling,60010,act_delay,0,50,2,1.0,301.03804323618533,0,SUCCESS
sampling,60010,act_delay,0,70,0,1.0,301.03804323618533,0,SUCCESS
sampling,60010,act_delay,0,70,1,1.0,301.03804323618533,0,SUCCESS
sampling,60010,act_delay,0,70,2,1.0,301.03804323618533,0,SUCCESS
sampling,60010,act_delay,0,90,0,1.0,301.03804323618533,0,SUCCESS
sampling,60010,act_delay,0,90,1,1.0,301.03804323618533,0,SUCCESS
sampling,60010,act_delay,0,90,2,1.0,301.03804323618533,0,SUCCESS
sampling,60010,act_drop,0,10,0,0.1,274.2303122988087,0,SUCCESS
sampling,60010,act_drop,0,10,1,0.1,337.0076725499821,0,SUCCESS
sampling,60010,act_drop,0,10,2,0.1,272.1366276459885,0,SUCCESS
sampling,60010,act_drop,0,30,0,0.1,284.97416585107567,0,SUCCESS
sampling,60010,act_drop,0,30,1,0.1,327.0797152238083,0,SUCCESS
sampling,60010,act_drop,0,30,2,0.1,250.79574144427897,0,SUCCESS
sampling,60010,act_drop,0,50,0,0.1,303.77277233992936,0,SUCCESS
sampling,60010,act_drop,0,50,1,0.1,316.39963703026297,0,SUCCESS
sampling,60010,act_drop,0,50,2,0.1,302.6456907445681,0,SUCCESS
sampling,60010,act_drop,0,70,0,0.1,301.4023908654344,0,SUCCESS
sampling,60010,act_drop,0,70,1,0.1,307.68351340462686,0,SUCCESS
sampling,60010,act_drop,0,70,2,0.1,293.3470702225459,0,SUCCESS
sampling,60010,act_drop,0,90,0,0.1,304.4602614248288,0,SUCCESS
sampling,60010,act_drop,0,90,1,0.1,300.9595948586357,0,SUCCESS
sampling,60010,act_drop,0,90,2,0.1,296.04642615263583,0,SUCCESS
sampling,60010,act_drop,1,10,0,0.3,274.2303122988087,0,SUCCESS
sampling,60010,act_drop,1,10,1,0.3,337.0076725499821,0,SUCCESS
sampling,60010,act_drop,1,10,2,0.3,272.1366276459885,0,SUCCESS
sampling,60010,act_drop,1,30,0,0.3,284.97416585107567,0,SUCCESS
sampling,60010,act_drop,1,30,1,0.3,327.0797152238083,0,SUCCESS
sampling,60010,act_drop,1,30,2,0.3,250.79574144427897,0,SUCCESS
sampling,60010,act_drop,1,50,0,0.3,303.77277233992936,0,SUCCESS
sampling,60010,act_drop,1,50,1,0.3,316.39963703026297,0,SUCCESS
sampling,60010,act_drop,1,50,2,0.3,302.6456907445681,0,SUCCESS
sampling,60010,act_drop,1,70,0,0.3,301.4023908654344,0,SUCCESS
sampling,60010,act_drop,1,70,1,0.3,307.68351340462686,0,SUCCESS
sampling,60010,act_drop,1,70,2,0.3,293.3470702225459,0,SUCCESS
sampling,60010,act_drop,1,90,0,0.3,304.4602614248288,0,SUCCESS
sampling,60010,act_drop,1,90,1,0.3,300.9595948586357,0,SUCCESS
sampling,60010,act_drop,1,90,2,0.3,296.04642615263583,0,SUCCESS
sampling,60010,act_noise,0,10,0,0.05,272.95670638029696,0,SUCCESS
sampling,60010,act_noise,0,10,1,0.05,324.5852098779869,0,SUCCESS
sampling,60010,act_noise,0,10,2,0.05,265.8836547562969,0,SUCCESS
sampling,60010,act_noise,0,30,0,0.05,271.3044818880153,0,SUCCESS
sampling,60010,act_noise,0,30,1,0.05,318.0686613487196,0,SUCCESS
sampling,60010,act_noise,0,30,2,0.05,271.8919981138897,0,SUCCESS
sampling,60010,act_noise,0,50,0,0.05,299.5601581277442,0,SUCCESS
sampling,60010,act_noise,0,50,1,0.05,310.71800451149466,0,SUCCESS
sampling,60010,act_noise,0,50,2,0.05,299.47527731006267,0,SUCCESS
sampling,60010,act_noise,0,70,0,0.05,306.5678815560532,0,SUCCESS
sampling,60010,act_noise,0,70,1,0.05,301.3886188844335,0,SUCCESS
sampling,60010,act_noise,0,70,2,0.05,301.16233656724216,0,SUCCESS
sampling,60010,act_noise,0,90,0,0.05,301.01164851133944,0,SUCCESS
sampling,60010,act_noise,0,90,1,0.05,301.0196807550383,0,SUCCESS
sampling,60010,act_noise,0,90,2,0.05,298.45743451063754,0,SUCCESS
sampling,60010,act_noise,1,10,0,0.2,291.2979448901606,0,SUCCESS
sampling,60010,act_noise,1,10,1,0.2,317.5919208692503,0,SUCCESS
sampling,60010,act_noise,1,10,2,0.2,263.853371092875,0,SUCCESS
sampling,60010,act_noise,1,30,0,0.2,267.64071669598343,0,SUCCESS
sampling,60010,act_noise,1,30,1,0.2,321.15833479334833,0,SUCCESS
sampling,60010,act_noise,1,30,2,0.2,262.5037465931964,0,SUCCESS
sampling,60010,act_noise,1,50,0,0.2,295.6839992979658,0,SUCCESS
sampling,60010,act_noise,1,50,1,0.2,316.35544638504507,0,SUCCESS
sampling,60010,act_noise,1,50,2,0.2,300.99307492916705,0,SUCCESS
sampling,60010,act_noise,1,70,0,0.2,306.09232342784526,0,SUCCESS
sampling,60010,act_noise,1,70,1,0.2,301.81827401166083,0,SUCCESS
sampling,60010,act_noise,1,70,2,0.2,299.68318011407973,0,SUCCESS
sampling,60010,act_noise,1,90,0,0.2,300.8449826592696,0,SUCCESS
sampling,60010,act_noise,1,90,1,0.2,300.96895853971364,0,SUCCESS
sampling,60010,act_noise,1,90,2,0.2,298.49430880491855,0,SUCCESS
sampling,60010,dropout,0,10,0,1.0,268.2073626870406,0,SUCCESS
sampling,60010,dropout,0,10,0|1,1.0,299.5605003552628,0,SUCCESS
sampling,60010,dropout,0,10,0|2,1.0,263.57494340260746,0,SUCCESS
sampling,60010,dropout,0,10,1,1.0,329.80452728440287,0,SUCCESS
sampling,60010,dropout,0,10,1|2,1.0,296.1840800361824,0,SUCCESS
sampling,60010,dropout,0,10,2,1.0,267.3956324176979,0,SUCCESS
sampling,60010,dropout,0,30,0,1.0,254.76220156793715,0,SUCCESS
sampling,60010,dropout,0,30,0|1,1.0,272.3205558935297,0,SUCCESS
sampling,60010,dropout,0,30,0|2,1.0,277.42707272042753,0,SUCCESS
sampling,60010,dropout,0,30,1,1.0,318.596397461195,0,SUCCESS
sampling,60010,dropout,0,30,1|2,1.0,283.2200407626224,0,SUCCESS
sampling,60010,dropout,0,30,2,1.0,276.9113367105019,0,SUCCESS
sampling,60010,dropout,0,50,0,1.0,286.87922614981653,0,SUCCESS
sampling,60010,dropout,0,50,0|1,1.0,297.79459040035727,0,SUCCESS
sampling,60010,dropout,0,50,0|2,1.0,280.1372670212877,0,SUCCESS
sampling,60010,dropout,0,50,1,1.0,311.9534088837099,0,SUCCESS
sampling,60010,dropout,0,50,1|2,1.0,305.21145130862715,0,SUCCESS
sampling,60010,dropout,0,50,2,1.0,294.29608482291223,0,SUCCESS
sampling,60010,dropout,0,70,0,1.0,289.24796579946997,0,SUCCESS
sampling,60010,dropout,0,70,0|1,1.0,288.6146450432134,0,SUCCESS
sampling,60010,dropout,0,70,0|2,1.0,283.1051289269817,0,SUCCESS
sampling,60010,dropout,0,70,1,1.0,300.4047224687529,0,SUCCESS
sampling,60010,dropout,0,70,1|2,1.0,294.26188607682707,0,SUCCESS
sampling,60010,dropout,0,70,2,1.0,294.89520533551695,0,SUCCESS
sampling,60010,dropout,0,90,0,1.0,291.7730290496838,0,SUCCESS
sampling,60010,dropout,0,90,0|1,1.0,291.0313496029121,0,SUCCESS
sampling,60010,dropout,0,90,0|2,1.0,286.7814119661343,0,SUCCESS
sampling,60010,dropout,0,90,1,1.0,300.29636365530314,0,SUCCESS
sampling,60010,dropout,0,90,1|2,1.0,295.3047467505676,0,SUCCESS
sampling,60010,dropout,0,90,2,1.0,296.04642615263583,0,SUCCESS
sampling,60010,obs_noise,0,10,0,0.05,263.4570312144351,0,SUCCESS
sampling,60010,obs_noise,0,10,0|1,0.05,310.4534198807669,0,SUCCESS
sampling,60010,obs_noise,0,10,0|2,0.05,272.36430411954643,0,SUCCESS
sampling,60010,obs_noise,0,10,1,0.05,333.93802993168356,0,SUCCESS
sampling,60010,obs_noise,0,10,1|2,0.05,312.0041022764635,0,SUCCESS
sampling,60010,obs_noise,0,10,2,0.05,262.77484197338345,0,SUCCESS
sampling,60010,obs_noise,0,30,0,0.05,296.1520213240874,0,SUCCESS
sampling,60010,obs_noise,0,30,0|1,0.05,244.24962125887396,0,SUCCESS
sampling,60010,obs_noise,0,30,0|2,0.05,266.2930189052713,0,SUCCESS
sampling,60010,obs_noise,0,30,1,0.05,324.92859020998003,0,SUCCESS
sampling,60010,obs_noise,0,30,1|2,0.05,288.91662959737005,0,SUCCESS
sampling,60010,obs_noise,0,30,2,0.05,293.018681796093,0,SUCCESS
sampling,60010,obs_noise,0,50,0,0.05,304.7547381462646,0,SUCCESS
sampling,60010,obs_noise,0,50,0|1,0.05,311.573737772007,0,SUCCESS
sampling,60010,obs_noise,0,50,0|2,0.05,289.8052282052231,0,SUCCESS
sampling,60010,obs_noise,0,50,1,0.05,308.66306176950457,0,SUCCESS
sampling,60010,obs_noise,0,50,1|2,0.05,298.72873491217615,0,SUCCESS
sampling,60010,obs_noise,0,50,2,0.05,289.79954848234775,0,SUCCESS
sampling,60010,obs_noise,0,70,0,0.05,300.6510265262914,0,SUCCESS
sampling,60010,obs_noise,0,70,0|1,0.05,298.2786234485102,0,SUCCESS
sampling,60010,obs_noise,0,70,0|2,0.05,297.65396287461044,0,SUCCESS
sampling,60010,obs_noise,0,70,1,0.05,301.8272756951046,0,SUCCESS
sampling,60010,obs_noise,0,70,1|2,0.05,301.0496910752845,0,SUCCESS
sampling,60010,obs_noise,0,70,2,0.05,288.0426411384833,0,SUCCESS
sampling,60010,obs_noise,0,90,0,0.05,299.5419133285177,0,SUCCESS
sampling,60010,obs_noise,0,90,0|1,0.05,299.47535588761093,0,SUCCESS
sampling,60010,obs_noise,0,90,0|2,0.05,299.49875122105004,0,SUCCESS
sampling,60010,obs_noise,0,90,1,0.05,301.0086057463777,0,SUCCESS
sampling,60010,obs_noise,0,90,1|2,0.05,300.8601694831741,0,SUCCESS
sampling,60010,obs_noise,0,90,2,0.05,298.43197748606326,0,SUCCESS
sampling,60010,obs_noise,1,10,0,0.1,269.3164074102533,0,SUCCESS
sampling,60010,obs_noise,1,10,0|1,0.1,277.9637940095854,0,SUCCESS
sampling,60010,obs_noise,1,10,0|2,0.1,257.04243579675676,0,SUCCESS
sampling,60010,obs_noise,1,10,1,0.1,324.61776286532404,0,SUCCESS
sampling,60010,obs_noise,1,10,1|2,0.1,323.209605680604,0,SUCCESS
sampling,60010,obs_noise,1,10,2,0.1,247.9419940317166,0,SUCCESS
sampling,60010,obs_noise,1,30,0,0.1,290.66759934072616,0,SUCCESS
sampling,60010,obs_noise,1,30,0|1,0.1,319.94518926908495,0,SUCCESS
sampling,60010,obs_noise,1,30,0|2,0.1,270.10609744285466,0,SUCCESS
sampling,60010,obs_noise,1,30,1,0.1,336.5641992407036,0,SUCCESS
sampling,60010,obs_noise,1,30,1|2,0.1,310.745640875597,0,SUCCESS
sampling,60010,obs_noise,1,30,2,0.1,269.8986025469494,0,SUCCESS
sampling,60010,obs_noise,1,50,0,0.1,309.86132412945153,0,SUCCESS
sampling,60010,obs_noise,1,50,0|1,0.1,315.31812936236383,0,SUCCESS
sampling,60010,obs_noise,1,50,0|2,0.1,297.12948936765315,0,SUCCESS
sampling,60010,obs_noise,1,50,1,0.1,302.23226335068466,0,SUCCESS
sampling,60010,obs_noise,1,50,1|2,0.1,304.0061915682745,0,SUCCESS
sampling,60010,obs_noise,1,50,2,0.1,303.9115449952078,0,SUCCESS
sampling,60010,obs_noise,1,70,0,0.1,300.76039539818885,0,SUCCESS
sampling,60010,obs_noise,1,70,0|1,0.1,296.9588294046116,0,SUCCESS
sampling,60010,obs_noise,1,70,0|2,0.1,303.0332424881053,0,SUCCESS
sampling,60010,obs_noise,1,70,1,0.1,311.2912525253487,0,SUCCESS
sampling,60010,obs_noise,1,70,1|2,0.1,311.2964253889513,0,SUCCESS
sampling,60010,obs_noise,1,70,2,0.1,298.7646375427139,0,SUCCESS
sampling,60010,obs_noise,1,90,0,0.1,299.76028626953484,0,SUCCESS
sampling,60010,obs_noise,1,90,0|1,0.1,297.25248064269545,0,SUCCESS
sampling,60010,obs_noise,1,90,0|2,0.1,294.9490849355352,0,SUCCESS
sampling,60010,obs_noise,1,90,1,0.1,300.9973838979495,0,SUCCESS
sampling,60010,obs_noise,1,90,1|2,0.1,298.34461154585006,0,SUCCESS
sampling,60010,obs_noise,1,90,2,0.1,298.29269537871005,0,SUCCESS
sampling,60010,obs_noise,2,10,0,0.2,253.76627997105243,0,SUCCESS
sampling,60010,obs_noise,2,10,0|1,0.2,319.05111423303606,0,SUCCESS
sampling,60010,obs_noise,2,10,0|2,0.2,264.8587078245473,0,SUCCESS
sampling,60010,obs_noise,2,10,1,0.2,287.77377352287294,0,SUCCESS
sampling,60010,obs_noise,2,10,1|2,0.2,291.1629959361744,0,SUCCESS
sampling,60010,obs_noise,2,10,2,0.2,237.5466595774633,0,SUCCESS
sampling,60010,obs_noise,2,30,0,0.2,293.6823490539682,0,SUCCESS
sampling,60010,obs_noise,2,30,0|1,0.2,311.5046813057852,0,SUCCESS
sampling,60010,obs_noise,2,30,0|2,0.2,286.4199403466773,0,SUCCESS
sampling,60010,obs_noise,2,30,1,0.2,313.1449485885096,0,SUCCESS
sampling,60010,obs_noise,2,30,1|2,0.2,287.77415090968134,0,SUCCESS
sampling,60010,obs_noise,2,30,2,0.2,261.45289513265016,0,SUCCESS
sampling,60010,obs_noise,2,50,0,0.2,301.68947269191267,0,SUCCESS
sampling,60010,obs_noise,2,50,0|1,0.2,315.9658338444424,0,SUCCESS
sampling,60010,obs_noise,2,50,0|2,0.2,291.2102899195743,0,SUCCESS
sampling,60010,obs_noise,2,50,1,0.2,290.14681767096044,0,SUCCESS
sampling,60010,obs_noise,2,50,1|2,0.2,297.5671896355343,0,SUCCESS
sampling,60010,obs_noise,2,50,2,0.2,299.2138415927184,0,SUCCESS
sampling,60010,obs_noise,2,70,0,0.2,294.9987064281595,0,SUCCESS
sampling,60010,obs_noise,2,70,0|1,0.2,299.58039083500626,0,SUCCESS
sampling,60010,obs_noise,2,70,0|2,0.2,291.8165492208791,0,SUCCESS
sampling,60010,obs_noise,2,70,1,0.2,310.728697271843,0,SUCCESS
sampling,60010,obs_noise,2,70,1|2,0.2,301.1600789295626,0,SUCCESS
sampling,60010,obs_noise,2,70,2,0.2,290.43189236690523,0,SUCCESS
sampling,60010,obs_noise,2,90,0,0.2,297.65694907848956,0,SUCCESS
sampling,60010,obs_noise,2,90,0|1,0.2,300.11898555775406,0,SUCCESS
sampling,60010,obs_noise,2,90,0|2,0.2,297.8016886318219,0,SUCCESS
sampling,60010,obs_noise,2,90,1,0.2,300.8764265978825,0,SUCCESS
sampling,60010,obs_noise,2,90,1|2,0.2,298.2434634657693,0,SUCCESS
sampling,60010,obs_noise,2,90,2,0.2,296.04642615263583,0,SUCCESS
sampling,60010,obs_noise,3,10,0,0.4,301.5429763140273,0,SUCCESS
sampling,60010,obs_noise,3,10,0|1,0.4,250.6504154385184,0,SUCCESS
sampling,60010,obs_noise,3,10,0|2,0.4,273.78102888335707,0,SUCCESS
sampling,60010,obs_noise,3,10,1,0.4,238.79001140763285,0,SUCCESS
sampling,60010,obs_noise,3,10,1|2,0.4,291.3787345456076,0,SUCCESS
sampling,60010,obs_noise,3,10,2,0.4,266.7827333638561,0,SUCCESS
sampling,60010,obs_noise,3,30,0,0.4,272.16343851556303,0,SUCCESS
sampling,60010,obs_noise,3,30,0|1,0.4,332.1776047812891,0,SUCCESS
sampling,60010,obs_noise,3,30,0|2,0.4,285.3504662195337,0,SUCCESS
sampling,60010,obs_noise,3,30,1,0.4,329.18148897757055,0,SUCCESS
sampling,60010,obs_noise,3,30,1|2,0.4,281.6997455151868,0,SUCCESS
sampling,60010,obs_noise,3,30,2,0.4,264.58455255796434,0,SUCCESS
sampling,60010,obs_noise,3,50,0,0.4,296.9553498866153,0,SUCCESS
sampling,60010,obs_noise,3,50,0|1,0.4,326.3458192961407,0,SUCCESS
sampling,60010,obs_noise,3,50,0|2,0.4,311.8312066028011,0,SUCCESS
sampling,60010,obs_noise,3,50,1,0.4,297.13932687212946,0,SUCCESS
sampling,60010,obs_noise,3,50,1|2,0.4,314.6277589367819,0,SUCCESS
sampling,60010,obs_noise,3,50,2,0.4,292.812404924829,0,SUCCESS
sampling,60010,obs_noise,3,70,0,0.4,302.1933846192551,0,SUCCESS
sampling,60010,obs_noise,3,70,0|1,0.4,305.18898691405775,0,SUCCESS
sampling,60010,obs_noise,3,70,0|2,0.4,286.96611286868574,0,SUCCESS
sampling,60010,obs_noise,3,70,1,0.4,306.5420932339621,0,SUCCESS
sampling,60010,obs_noise,3,70,1|2,0.4,297.59767110814573,0,SUCCESS
sampling,60010,obs_noise,3,70,2,0.4,294.7097007537377,0,SUCCESS
sampling,60010,obs_noise,3,90,0,0.4,297.8112939352286,0,SUCCESS
sampling,60010,obs_noise,3,90,0|1,0.4,295.4226641075802,0,SUCCESS
sampling,60010,obs_noise,3,90,0|2,0.4,295.71527535264613,0,SUCCESS
sampling,60010,obs_noise,3,90,1,0.4,300.86631982197287,0,SUCCESS
sampling,60010,obs_noise,3,90,1|2,0.4,300.4830540137482,0,SUCCESS
sampling,60010,obs_noise,3,90,2,0.4,297.738046606828,0,SUCCESS
sampling,60011,act_delay,0,10,0,1.0,186.43044823408127,0,SUCCESS
sampling,60011,act_delay,0,10,1,1.0,186.43044823408127,0,SUCCESS
sampling,60011,act_delay,0,10,2,1.0,186.43044823408127,0,SUCCESS
sampling,60011,act_delay,0,30,0,1.0,186.43044823408127,0,SUCCESS
sampling,60011,act_delay,0,30,1,1.0,186.43044823408127,0,SUCCESS
sampling,60011,act_delay,0,30,2,1.0,186.43044823408127,0,SUCCESS
sampling,60011,act_delay,0,50,0,1.0,186.43044823408127,0,SUCCESS
sampling,60011,act_delay,0,50,1,1.0,186.43044823408127,0,SUCCESS
sampling,60011,act_delay,0,50,2,1.0,186.43044823408127,0,SUCCESS
sampling,60011,act_delay,0,70,0,1.0,186.43044823408127,0,SUCCESS
sampling,60011,act_delay,0,70,1,1.0,186.43044823408127,0,SUCCESS
sampling,60011,act_delay,0,70,2,1.0,186.43044823408127,0,SUCCESS
sampling,60011,act_delay,0,90,0,1.0,186.43044823408127,0,SUCCESS
sampling,60011,act_delay,0,90,1,1.0,186.43044823408127,0,SUCCESS
sampling,60011,act_delay,0,90,2,1.0,186.43044823408127,0,SUCCESS
sampling,60011,act_drop,0,10,0,0.1,189.8596152579412,0,SUCCESS
sampling,60011,act_drop,0,10,1,0.1,206.74360067630187,0,SUCCESS
sampling,60011,act_drop,0,10,2,0.1,181.78949719341472,0,SUCCESS
sampling,60011,act_drop,0,30,0,0.1,214.66104845143855,0,SUCCESS
sampling,60011,act_drop,0,30,1,0.1,207.3814041861333,0,SUCCESS
sampling,60011,act_drop,0,30,2,0.1,182.72996668098494,0,SUCCESS
sampling,60011,act_drop,0,50,0,0.1,207.1573386671953,0,SUCCESS
sampling,60011,act_drop,0,50,1,0.1,201.09452038630843,0,SUCCESS
sampling,60011,act_drop,0,50,2,0.1,184.10732161905617,0,SUCCESS
sampling,60011,act_drop,0,70,0,0.1,197.15485716518015,0,SUCCESS
sampling,60011,act_drop,0,70,1,0.1,194.29535518493503,0,SUCCESS
sampling,60011,act_drop,0,70,2,0.1,187.66687749163248,0,SUCCESS
sampling,60011,act_drop,0,90,0,0.1,188.77362487837672,0,SUCCESS
sampling,60011,act_drop,0,90,1,0.1,186.3819800131023,0,SUCCESS
sampling,60011,act_drop,0,90,2,0.1,186.25157375168055,0,SUCCESS
sampling,60011,act_drop,1,10,0,0.3,210.37843374861404,0,SUCCESS
sampling,60011,act_drop,1,10,1,0.3,228.97114400938153,0,SUCCESS
sampling,60011,act_drop,1,10,2,0.3,182.08141957456246,0,SUCCESS
sampling,60011,act_drop,1,30,0,0.3,194.6972004189156,0,SUCCESS
sampling,60011,act_drop,1,30,1,0.3,209.93320444459096,0,SUCCESS
sampling,60011,act_drop,1,30,2,0.3,188.07264786120504,0,SUCCESS
sampling,60011,act_drop,1,50,0,0.3,202.06836178014055,0,SUCCESS
sampling,60011,act_drop,1,50,1,0.3,190.70053582359105,0,SUCCESS
sampling,60011,act_drop,1,50,2,0.3,181.0461572315544,0,SUCCESS
sampling,60011,act_drop,1,70,0,0.3,199.21293123671785,0,SUCCESS
sampling,60011,act_drop,1,70,1,0.3,200.44447811041027,0,SUCCESS
sampling,60011,act_drop,1,70,2,0.3,189.59261719929054,0,SUCCESS
sampling,60011,act_drop,1,90,0,0.3,191.05731187574565,0,SUCCESS
sampling,60011,act_drop,1,90,1,0.3,184.90894562378526,0,SUCCESS
sampling,60011,act_drop,1,90,2,0.3,186.2905230964534,0,SUCCESS
sampling,60011,act_noise,0,10,0,0.05,181.50922379409894,0,SUCCESS
sampling,60011,act_noise,0,10,1,0.05,208.1928177641239,0,SUCCESS
sampling,60011,act_noise,0,10,2,0.05,182.5891951150261,0,SUCCESS
sampling,60011,act_noise,0,30,0,0.05,180.43921190779656,0,SUCCESS
sampling,60011,act_noise,0,30,1,0.05,189.39748987415805,0,SUCCESS
sampling,60011,act_noise,0,30,2,0.05,183.71187693765387,0,SUCCESS
sampling,60011,act_noise,0,50,0,0.05,189.9781992584467,0,SUCCESS
sampling,60011,act_noise,0,50,1,0.05,189.1427767672576,0,SUCCESS
sampling,60011,act_noise,0,50,2,0.05,182.58144308114424,0,SUCCESS
sampling,60011,act_noise,0,70,0,0.05,194.30668650800362,0,SUCCESS
sampling,60011,act_noise,0,70,1,0.05,192.91990113118663,0,SUCCESS
sampling,60011,act_noise,0,70,2,0.05,186.8307129079476,0,SUCCESS
sampling,60011,act_noise,0,90,0,0.05,186.45795285701752,0,SUCCESS
sampling,60011,act_noise,0,90,1,0.05,187.05684197880328,0,SUCCESS
sampling,60011,act_noise,0,90,2,0.05,186.47566369688138,0,SUCCESS
sampling,60011,act_noise,1,10,0,0.2,178.18328404566273,0,SUCCESS
sampling,60011,act_noise,1,10,1,0.2,199.02312062471174,0,SUCCESS
sampling,60011,act_noise,1,10,2,0.2,188.72977163200267,0,SUCCESS
sampling,60011,act_noise,1,30,0,0.2,187.55964244063944,0,SUCCESS
sampling,60011,act_noise,1,30,1,0.2,199.89090905687772,0,SUCCESS
sampling,60011,act_noise,1,30,2,0.2,184.65703240712173,0,SUCCESS
sampling,60011,act_noise,1,50,0,0.2,201.96454190416262,0,SUCCESS
sampling,60011,act_noise,1,50,1,0.2,203.28098505176604,0,SUCCESS
sampling,60011,act_noise,1,50,2,0.2,182.78947041300125,0,SUCCESS
sampling,60011,act_noise,1,70,0,0.2,201.0770455431193,0,SUCCESS
sampling,60011,act_noise,1,70,1,0.2,199.27401372184977,0,SUCCESS
sampling,60011,act_noise,1,70,2,0.2,186.224942936562,0,SUCCESS
sampling,60011,act_noise,1,90,0,0.2,186.516716837883,0,SUCCESS
sampling,60011,act_noise,1,90,1,0.2,186.88974675536156,0,SUCCESS
sampling,60011,act_noise,1,90,2,0.2,186.3295459896326,0,SUCCESS
sampling,60011,dropout,0,10,0,1.0,200.00056936545298,0,SUCCESS
sampling,60011,dropout,0,10,0|1,1.0,217.8715793453157,0,SUCCESS
sampling,60011,dropout,0,10,0|2,1.0,195.72881698329002,0,SUCCESS
sampling,60011,dropout,0,10,1,1.0,232.01782211987302,0,SUCCESS
sampling,60011,dropout,0,10,1|2,1.0,227.74606880173087,0,SUCCESS
sampling,60011,dropout,0,10,2,1.0,182.1586939562112,0,SUCCESS
sampling,60011,dropout,0,30,0,1.0,209.99764826288447,0,SUCCESS
sampling,60011,dropout,0,30,0|1,1.0,200.09289944591,0,SUCCESS
sampling,60011,dropout,0,30,0|2,1.0,172.93105922540417,0,SUCCESS
sampling,60011,dropout,0,30,1,1.0,214.4563457770273,0,SUCCESS
sampling,60011,dropout,0,30,1|2,1.0,177.38975711088278,0,SUCCESS
sampling,60011,dropout,0,30,2,1.0,149.36385941803928,1,SUCCESS
sampling,60011,dropout,0,50,0,1.0,194.88891360210255,0,SUCCESS
sampling,60011,dropout,0,50,0|1,1.0,183.64767132047564,0,SUCCESS
sampling,60011,dropout,0,50,0|2,1.0,190.22497180011123,0,SUCCESS
sampling,60011,dropout,0,50,1,1.0,187.5608508065343,0,SUCCESS
sampling,60011,dropout,0,50,1|2,1.0,182.89691110735293,0,SUCCESS
sampling,60011,dropout,0,50,2,1.0,181.76650755526498,0,SUCCESS
sampling,60011,dropout,0,70,0,1.0,189.7494649272412,0,SUCCESS
sampling,60011,dropout,0,70,0|1,1.0,188.29935934441164,0,SUCCESS
sampling,60011,dropout,0,70,0|2,1.0,188.74236397258937,0,SUCCESS
sampling,60011,dropout,0,70,1,1.0,201.91082431934774,0,SUCCESS
sampling,60011,dropout,0,70,1|2,1.0,200.9037231411785,0,SUCCESS
sampling,60011,dropout,0,70,2,1.0,185.4233467709273,0,SUCCESS
sampling,60011,dropout,0,90,0,1.0,183.6912943739444,0,SUCCESS
sampling,60011,dropout,0,90,0|1,1.0,182.1697917636484,0,SUCCESS
sampling,60011,dropout,0,90,0|2,1.0,183.30694892210886,0,SUCCESS
sampling,60011,dropout,0,90,1,1.0,184.90894562378526,0,SUCCESS
sampling,60011,dropout,0,90,1|2,1.0,184.5246002166532,0,SUCCESS
sampling,60011,dropout,0,90,2,1.0,186.04610284371302,0,SUCCESS
sampling,60011,obs_noise,0,10,0,0.05,200.99648079369217,0,SUCCESS
sampling,60011,obs_noise,0,10,0|1,0.05,234.30926934303716,0,SUCCESS
sampling,60011,obs_noise,0,10,0|2,0.05,188.54851146927103,0,SUCCESS
sampling,60011,obs_noise,0,10,1,0.05,218.2949280096218,0,SUCCESS
sampling,60011,obs_noise,0,10,1|2,0.05,191.56993753951974,0,SUCCESS
sampling,60011,obs_noise,0,10,2,0.05,181.55570375779644,0,SUCCESS
sampling,60011,obs_noise,0,30,0,0.05,200.0108652189374,0,SUCCESS
sampling,60011,obs_noise,0,30,0|1,0.05,205.72876799397636,0,SUCCESS
sampling,60011,obs_noise,0,30,0|2,0.05,199.0449609356001,0,SUCCESS
sampling,60011,obs_noise,0,30,1,0.05,192.74586208630353,0,SUCCESS
sampling,60011,obs_noise,0,30,1|2,0.05,191.39518951135688,0,SUCCESS
sampling,60011,obs_noise,0,30,2,0.05,182.34715521661565,0,SUCCESS
sampling,60011,obs_noise,0,50,0,0.05,197.57441856712103,0,SUCCESS
sampling,60011,obs_noise,0,50,0|1,0.05,198.682713274844,0,SUCCESS
sampling,60011,obs_noise,0,50,0|2,0.05,192.62280504056253,0,SUCCESS
sampling,60011,obs_noise,0,50,1,0.05,185.6851655272767,0,SUCCESS
sampling,60011,obs_noise,0,50,1|2,0.05,195.94796968298033,0,SUCCESS
sampling,60011,obs_noise,0,50,2,0.05,184.0370379339438,0,SUCCESS
sampling,60011,obs_noise,0,70,0,0.05,193.02191141573712,0,SUCCESS
sampling,60011,obs_noise,0,70,0|1,0.05,195.89848812902346,0,SUCCESS
sampling,60011,obs_noise,0,70,0|2,0.05,192.60273964516819,0,SUCCESS
sampling,60011,obs_noise,0,70,1,0.05,192.83453309023753,0,SUCCESS
sampling,60011,obs_noise,0,70,1|2,0.05,183.30508880876005,0,SUCCESS
sampling,60011,obs_noise,0,70,2,0.05,187.7285363478586,0,SUCCESS
sampling,60011,obs_noise,0,90,0,0.05,186.37001806497574,0,SUCCESS
sampling,60011,obs_noise,0,90,0|1,0.05,190.24550585635006,0,SUCCESS
sampling,60011,obs_noise,0,90,0|2,0.05,189.33458795165643,0,SUCCESS
sampling,60011,obs_noise,0,90,1,0.05,187.21306143142283,0,SUCCESS
sampling,60011,obs_noise,0,90,1|2,0.05,188.92558801313862,0,SUCCESS
sampling,60011,obs_noise,0,90,2,0.05,186.5245025055483,0,SUCCESS
sampling,60011,obs_noise,1,10,0,0.1,172.3168512233533,0,SUCCESS
sampling,60011,obs_noise,1,10,0|1,0.1,229.35684033064172,0,SUCCESS
sampling,60011,obs_noise,1,10,0|2,0.1,224.22050214651972,0,SUCCESS
sampling,60011,obs_noise,1,10,1,0.1,224.88159379223362,0,SUCCESS
sampling,60011,obs_noise,1,10,1|2,0.1,221.515717571805,0,SUCCESS
sampling,60011,obs_noise,1,10,2,0.1,187.62789776036516,0,SUCCESS
sampling,60011,obs_noise,1,30,0,0.1,200.7930149640888,0,SUCCESS
sampling,60011,obs_noise,1,30,0|1,0.1,198.83490735339,0,SUCCESS
sampling,60011,obs_noise,1,30,0|2,0.1,188.63278028648347,0,SUCCESS
sampling,60011,obs_noise,1,30,1,0.1,213.99261815054342,0,SUCCESS
sampling,60011,obs_noise,1,30,1|2,0.1,190.82167401351035,0,SUCCESS
sampling,60011,obs_noise,1,30,2,0.1,180.92384071508422,0,SUCCESS
sampling,60011,obs_noise,1,50,0,0.1,198.924961226061,0,SUCCESS
sampling,60011,obs_noise,1,50,0|1,0.1,213.78248157631606,0,SUCCESS
sampling,60011,obs_noise,1,50,0|2,0.1,200.42311080428772,0,SUCCESS
sampling,60011,obs_noise,1,50,1,0.1,207.93337890459225,0,SUCCESS
sampling,60011,obs_noise,1,50,1|2,0.1,191.57527765003033,0,SUCCESS
sampling,60011,obs_noise,1,50,2,0.1,183.51596633903682,0,SUCCESS
sampling,60011,obs_noise,1,70,0,0.1,193.70783902332187,0,SUCCESS
sampling,60011,obs_noise,1,70,0|1,0.1,193.82001567911357,0,SUCCESS
sampling,60011,obs_noise,1,70,0|2,0.1,186.53186808130704,0,SUCCESS
sampling,60011,obs_noise,1,70,1,0.1,192.4359682300128,0,SUCCESS
sampling,60011,obs_noise,1,70,1|2,0.1,192.51809236966074,0,SUCCESS
sampling,60011,obs_noise,1,70,2,0.1,187.9947017643135,0,SUCCESS
sampling,60011,obs_noise,1,90,0,0.1,191.02857923693955,0,SUCCESS
sampling,60011,obs_noise,1,90,0|1,0.1,189.59160335361958,0,SUCCESS
sampling,60011,obs_noise,1,90,0|2,0.1,189.5726850097999,0,SUCCESS
sampling,60011,obs_noise,1,90,1,0.1,187.9233856620267,0,SUCCESS
sampling,60011,obs_noise,1,90,1|2,0.1,188.43279231805354,0,SUCCESS
sampling,60011,obs_noise,1,90,2,0.1,186.46149096312,0,SUCCESS
sampling,60011,obs_noise,2,10,0,0.2,180.49286535708234,0,SUCCESS
sampling,60011,obs_noise,2,10,0|1,0.2,205.31876330031082,0,SUCCESS
sampling,60011,obs_noise,2,10,0|2,0.2,175.25966905988753,0,SUCCESS
sampling,60011,obs_noise,2,10,1,0.2,219.04334358405322,0,SUCCESS
sampling,60011,obs_noise,2,10,1|2,0.2,191.63831997971283,0,SUCCESS
sampling,60011,obs_noise,2,10,2,0.2,174.79763443535194,0,SUCCESS
sampling,60011,obs_noise,2,30,0,0.2,208.30773155204952,0,SUCCESS
sampling,60011,obs_noise,2,30,0|1,0.2,209.6120030642487,0,SUCCESS
sampling,60011,obs_noise,2,30,0|2,0.2,188.57134197559208,0,SUCCESS
sampling,60011,obs_noise,2,30,1,0.2,194.53829229369876,0,SUCCESS
sampling,60011,obs_noise,2,30,1|2,0.2,201.1549857230857,0,SUCCESS
sampling,60011,obs_noise,2,30,2,0.2,189.1111712269485,0,SUCCESS
sampling,60011,obs_noise,2,50,0,0.2,190.1156855346635,0,SUCCESS
sampling,60011,obs_noise,2,50,0|1,0.2,191.37652089324547,0,SUCCESS
sampling,60011,obs_noise,2,50,0|2,0.2,196.0989580862224,0,SUCCESS
sampling,60011,obs_noise,2,50,1,0.2,200.8077757023275,0,SUCCESS
sampling,60011,obs_noise,2,50,1|2,0.2,186.33753390563652,0,SUCCESS
sampling,60011,obs_noise,2,50,2,0.2,180.08825299423188,0,SUCCESS
sampling,60011,obs_noise,2,70,0,0.2,195.9977211174555,0,SUCCESS
sampling,60011,obs_noise,2,70,0|1,0.2,198.11225753976032,0,SUCCESS
sampling,60011,obs_noise,2,70,0|2,0.2,183.42356541194022,0,SUCCESS
sampling,60011,obs_noise,2,70,1,0.2,194.88124630227685,0,SUCCESS
sampling,60011,obs_noise,2,70,1|2,0.2,194.2306382227689,0,SUCCESS
sampling,60011,obs_noise,2,70,2,0.2,186.63353894348256,0,SUCCESS
sampling,60011,obs_noise,2,90,0,0.2,187.78746172506362,0,SUCCESS
sampling,60011,obs_noise,2,90,0|1,0.2,194.5732083041221,0,SUCCESS
sampling,60011,obs_noise,2,90,0|2,0.2,191.75055189896375,0,SUCCESS
sampling,60011,obs_noise,2,90,1,0.2,188.10412350296974,0,SUCCESS
sampling,60011,obs_noise,2,90,1|2,0.2,188.51771934796125,0,SUCCESS
sampling,60011,obs_noise,2,90,2,0.2,186.4314664551057,0,SUCCESS
sampling,60011,obs_noise,3,10,0,0.4,199.8950225925073,0,SUCCESS
sampling,60011,obs_noise,3,10,0|1,0.4,206.58748211839702,0,SUCCESS
sampling,60011,obs_noise,3,10,0|2,0.4,205.92882737936452,0,SUCCESS
sampling,60011,obs_noise,3,10,1,0.4,160.54804357883404,1,SUCCESS
sampling,60011,obs_noise,3,10,1|2,0.4,162.1891615120985,0,SUCCESS
sampling,60011,obs_noise,3,10,2,0.4,175.33523395098746,0,SUCCESS
sampling,60011,obs_noise,3,30,0,0.4,185.7086638198234,0,SUCCESS
sampling,60011,obs_noise,3,30,0|1,0.4,202.18640937656164,0,SUCCESS
sampling,60011,obs_noise,3,30,0|2,0.4,190.76569057474262,0,SUCCESS
sampling,60011,obs_noise,3,30,1,0.4,223.790807495825,0,SUCCESS
sampling,60011,obs_noise,3,30,1|2,0.4,197.4916233625263,0,SUCCESS
sampling,60011,obs_noise,3,30,2,0.4,186.9296510713175,0,SUCCESS
sampling,60011,obs_noise,3,50,0,0.4,205.6201124181971,0,SUCCESS
sampling,60011,obs_noise,3,50,0|1,0.4,204.3053475720808,0,SUCCESS
sampling,60011,obs_noise,3,50,0|2,0.4,209.10609313007444,0,SUCCESS
sampling,60011,obs_noise,3,50,1,0.4,190.00645742705092,0,SUCCESS
sampling,60011,obs_noise,3,50,1|2,0.4,183.85754468478262,0,SUCCESS
sampling,60011,obs_noise,3,50,2,0.4,175.35082457307726,0,SUCCESS
sampling,60011,obs_noise,3,70,0,0.4,196.28502909466624,0,SUCCESS
sampling,60011,obs_noise,3,70,0|1,0.4,197.9095568228513,0,SUCCESS
sampling,60011,obs_noise,3,70,0|2,0.4,183.14244224969298,0,SUCCESS
sampling,60011,obs_noise,3,70,1,0.4,196.73295602900907,0,SUCCESS
sampling,60011,obs_noise,3,70,1|2,0.4,182.12257193075493,0,SUCCESS
sampling,60011,obs_noise,3,70,2,0.4,189.5856582610868,0,SUCCESS
sampling,60011,obs_noise,3,90,0,0.4,187.71939657395706,0,SUCCESS
sampling,60011,obs_noise,3,90,0|1,0.4,191.33597472449765,0,SUCCESS
sampling,60011,obs_noise,3,90,0|2,0.4,191.79549695178866,0,SUCCESS
sampling,60011,obs_noise,3,90,1,0.4,188.01805691421032,0,SUCCESS
sampling,60011,obs_noise,3,90,1|2,0.4,188.2097907308489,0,SUCCESS
sampling,60011,obs_noise,3,90,2,0.4,186.32100264402106,0,SUCCESS
