task,initial_seed,modality,severity_idx,window,agents,severity,return,failure,status
balance,60000,act_delay,0,10,0,1.0,124.92205810546875,0,SUCCESS
balance,60000,act_delay,0,10,1,1.0,124.92205810546875,0,SUCCESS
balance,60000,act_delay,0,10,2,1.0,124.92205810546875,0,SUCCESS
balance,60000,act_delay,0,30,0,1.0,124.92205810546875,0,SUCCESS
balance,60000,act_delay,0,30,1,1.0,124.92205810546875,0,SUCCESS
balance,60000,act_delay,0,30,2,1.0,124.92205810546875,0,SUCCESS
balance,60000,act_delay,0,50,0,1.0,124.92205810546875,0,SUCCESS
balance,60000,act_delay,0,50,1,1.0,124.92205810546875,0,SUCCESS
balance,60000,act_delay,0,50,2,1.0,124.92205810546875,0,SUCCESS
balance,60000,act_delay,0,70,0,1.0,124.92205810546875,0,SUCCESS
balance,60000,act_delay,0,70,1,1.0,124.92205810546875,0,SUCCESS
balance,60000,act_delay,0,70,2,1.0,124.92205810546875,0,SUCCESS
balance,60000,act_delay,0,90,0,1.0,124.92205810546875,0,SUCCESS
balance,60000,act_delay,0,90,1,1.0,124.92205810546875,0,SUCCESS
balance,60000,act_delay,0,90,2,1.0,124.92205810546875,0,SUCCESS
balance,60000,act_drop,0,10,0,0.1,123.78057861328125,0,SUCCESS
balance,60000,act_drop,0,10,1,0.1,123.24957275390625,0,SUCCESS
balance,60000,act_drop,0,10,2,0.1,122.17572784423828,0,SUCCESS
balance,60000,act_drop,0,30,0,0.1,123.33647918701172,0,SUCCESS
balance,60000,act_drop,0,30,1,0.1,123.20702362060547,0,SUCCESS
balance,60000,act_drop,0,30,2,0.1,123.08697509765625,0,SUCCESS
balance,60000,act_drop,0,50,0,0.1,123.32826232910156,0,SUCCESS
balance,60000,act_drop,0,50,1,0.1,123.2815933227539,0,SUCCESS
balance,60000,act_drop,0,50,2,0.1,123.23723602294922,0,SUCCESS
balance,60000,act_drop,0,70,0,0.1,123.46190643310547,0,SUCCESS
balance,60000,act_drop,0,70,1,0.1,123.46124267578125,0,SUCCESS
balance,60000,act_drop,0,70,2,0.1,123.38481903076172,0,SUCCESS
balance,60000,act_drop,0,90,0,0.1,123.52244567871094,0,SUCCESS
balance,60000,act_drop,0,90,1,0.1,123.83761596679688,0,SUCCESS
balance,60000,act_drop,0,90,2,0.1,123.96908569335938,0,SUCCESS
balance,60000,act_drop,1,10,0,0.3,123.38280487060547,0,SUCCESS
balance,60000,act_drop,1,10,1,0.3,122.63335418701172,0,SUCCESS
balance,60000,act_drop,1,10,2,0.3,121.34882354736328,0,SUCCESS
balance,60000,act_drop,1,30,0,0.3,122.8374252319336,0,SUCCESS
balance,60000,act_drop,1,30,1,0.3,122.63337707519531,0,SUCCESS
balance,60000,act_drop,1,30,2,0.3,122.45825958251953,0,SUCCESS
balance,60000,act_drop,1,50,0,0.3,122.76683807373047,0,SUCCESS
balance,60000,act_drop,1,50,1,0.3,122.7363052368164,0,SUCCESS
balance,60000,act_drop,1,50,2,0.3,122.70799255371094,0,SUCCESS
balance,60000,act_drop,1,70,0,0.3,122.94426727294922,0,SUCCESS
balance,60000,act_drop,1,70,1,0.3,122.92938995361328,0,SUCCESS
balance,60000,act_drop,1,70,2,0.3,122.86040496826172,0,SUCCESS
balance,60000,act_drop,1,90,0,0.3,123.3669204711914,0,SUCCESS
balance,60000,act_drop,1,90,1,0.3,123.58536529541016,0,SUCCESS
balance,60000,act_drop,1,90,2,0.3,123.7998046875,0,SUCCESS
balance,60000,act_noise,0,10,0,0.05,124.85799407958984,0,SUCCESS
balance,60000,act_noise,0,10,1,0.05,124.93270111083984,0,SUCCESS
balance,60000,act_noise,0,10,2,0.05,125.03153228759766,0,SUCCESS
balance,60000,act_noise,0,30,0,0.05,124.90415954589844,0,SUCCESS
balance,60000,act_noise,0,30,1,0.05,124.9247817993164,0,SUCCESS
balance,60000,act_noise,0,30,2,0.05,124.92828369140625,0,SUCCESS
balance,60000,act_noise,0,50,0,0.05,124.94217681884766,0,SUCCESS
balance,60000,act_noise,0,50,1,0.05,124.94986724853516,0,SUCCESS
balance,60000,act_noise,0,50,2,0.05,124.95050811767578,0,SUCCESS
balance,60000,act_noise,0,70,0,0.05,125.04998016357422,0,SUCCESS
balance,60000,act_noise,0,70,1,0.05,125.02880859375,0,SUCCESS
balance,60000,act_noise,0,70,2,0.05,125.01111602783203,0,SUCCESS
balance,60000,act_noise,0,90,0,0.05,124.9358139038086,0,SUCCESS
balance,60000,act_noise,0,90,1,0.05,124.90239715576172,0,SUCCESS
balance,60000,act_noise,0,90,2,0.05,124.90422821044922,0,SUCCESS
balance,60000,act_noise,1,10,0,0.2,124.5087890625,0,SUCCESS
balance,60000,act_noise,1,10,1,0.2,124.51082611083984,0,SUCCESS
balance,60000,act_noise,1,10,2,0.2,124.74018859863281,0,SUCCESS
balance,60000,act_noise,1,30,0,0.2,124.59125518798828,0,SUCCESS
balance,60000,act_noise,1,30,1,0.2,124.57894134521484,0,SUCCESS
balance,60000,act_noise,1,30,2,0.2,124.5567626953125,0,SUCCESS
balance,60000,act_noise,1,50,0,0.2,124.68763732910156,0,SUCCESS
balance,60000,act_noise,1,50,1,0.2,124.65831756591797,0,SUCCESS
balance,60000,act_noise,1,50,2,0.2,124.66358184814453,0,SUCCESS
balance,60000,act_noise,1,70,0,0.2,125.0115966796875,0,SUCCESS
balance,60000,act_noise,1,70,1,0.2,125.0185775756836,0,SUCCESS
balance,60000,act_noise,1,70,2,0.2,124.98825073242188,0,SUCCESS
balance,60000,act_noise,1,90,0,0.2,124.76005554199219,0,SUCCESS
balance,60000,act_noise,1,90,1,0.2,124.70338439941406,0,SUCCESS
balance,60000,act_noise,1,90,2,0.2,124.76664733886719,0,SUCCESS
balance,60000,dropout,0,10,0,1.0,120.26941680908203,0,SUCCESS
balance,60000,dropout,0,10,0|1,1.0,114.23634338378906,0,SUCCESS
balance,60000,dropout,0,10,0|2,1.0,112.46564483642578,0,SUCCESS
balance,60000,dropout,0,10,1,1.0,119.33667755126953,0,SUCCESS
balance,60000,dropout,0,10,1|2,1.0,112.16155242919922,0,SUCCESS
balance,60000,dropout,0,10,2,1.0,117.63947296142578,0,SUCCESS
balance,60000,dropout,0,30,0,1.0,119.08403778076172,0,SUCCESS
balance,60000,dropout,0,30,0|1,1.0,112.57935333251953,0,SUCCESS
balance,60000,dropout,0,30,0|2,1.0,112.34928131103516,0,SUCCESS
balance,60000,dropout,0,30,1,1.0,119.05870056152344,0,SUCCESS
balance,60000,dropout,0,30,1|2,1.0,112.39849090576172,0,SUCCESS
balance,60000,dropout,0,30,2,1.0,118.61270141601562,0,SUCCESS
balance,60000,dropout,0,50,0,1.0,119.55043029785156,0,SUCCESS
balance,60000,dropout,0,50,0|1,1.0,112.78591918945312,0,SUCCESS
balance,60000,dropout,0,50,0|2,1.0,112.64250183105469,0,SUCCESS
balance,60000,dropout,0,50,1,1.0,119.16020965576172,0,SUCCESS
balance,60000,dropout,0,50,1|2,1.0,112.79924011230469,0,SUCCESS
balance,60000,dropout,0,50,2,1.0,118.90441131591797,0,SUCCESS
balance,60000,dropout,0,70,0,1.0,119.3214111328125,0,SUCCESS
balance,60000,dropout,0,70,0|1,1.0,112.95977783203125,0,SUCCESS
balance,60000,dropout,0,70,0|2,1.0,112.94879150390625,0,SUCCESS
balance,60000,dropout,0,70,1,1.0,119.47821807861328,0,SUCCESS
balance,60000,dropout,0,70,1|2,1.0,113.51268768310547,0,SUCCESS
balance,60000,dropout,0,70,2,1.0,119.47151184082031,0,SUCCESS
balance,60000,dropout,0,90,0,1.0,121.59315490722656,0,SUCCESS
balance,60000,dropout,0,90,0|1,1.0,118.4443588256836,0,SUCCESS
balance,60000,dropout,0,90,0|2,1.0,118.99552917480469,0,SUCCESS
balance,60000,dropout,0,90,1,1.0,122.195068359375,0,SUCCESS
balance,60000,dropout,0,90,1|2,1.0,119.65068054199219,0,SUCCESS
balance,60000,dropout,0,90,2,1.0,122.6934585571289,0,SUCCESS
balance,60000,obs_noise,0,10,0,0.05,123.85130310058594,0,SUCCESS
balance,60000,obs_noise,0,10,0|1,0.05,123.82095336914062,0,SUCCESS
balance,60000,obs_noise,0,10,0|2,0.05,124.48365783691406,0,SUCCESS
balance,60000,obs_noise,0,10,1,0.05,124.36253356933594,0,SUCCESS
balance,60000,obs_noise,0,10,1|2,0.05,124.69097900390625,0,SUCCESS
balance,60000,obs_noise,0,10,2,0.05,124.70088958740234,0,SUCCESS
balance,60000,obs_noise,0,30,0,0.05,124.1762466430664,0,SUCCESS
balance,60000,obs_noise,0,30,0|1,0.05,123.84306335449219,0,SUCCESS
balance,60000,obs_noise,0,30,0|2,0.05,124.05567169189453,0,SUCCESS
balance,60000,obs_noise,0,30,1,0.05,124.34310150146484,0,SUCCESS
balance,60000,obs_noise,0,30,1|2,0.05,124.09737396240234,0,SUCCESS
balance,60000,obs_noise,0,30,2,0.05,124.50736999511719,0,SUCCESS
balance,60000,obs_noise,0,50,0,0.05,124.45983123779297,0,SUCCESS
balance,60000,obs_noise,0,50,0|1,0.05,124.21957397460938,0,SUCCESS
balance,60000,obs_noise,0,50,0|2,0.05,124.2970962524414,0,SUCCESS
balance,60000,obs_noise,0,50,1,0.05,124.4783935546875,0,SUCCESS
balance,60000,obs_noise,0,50,1|2,0.05,124.29304504394531,0,SUCCESS
balance,60000,obs_noise,0,50,2,0.05,124.51991271972656,0,SUCCESS
balance,60000,obs_noise,0,70,0,0.05,125.20390319824219,0,SUCCESS
balance,60000,obs_noise,0,70,0|1,0.05,125.3836898803711,0,SUCCESS
balance,60000,obs_noise,0,70,0|2,0.05,125.36636352539062,0,SUCCESS
balance,60000,obs_noise,0,70,1,0.05,125.16915893554688,0,SUCCESS
balance,60000,obs_noise,0,70,1|2,0.05,125.30998992919922,0,SUCCESS
balance,60000,obs_noise,0,70,2,0.05,125.15455627441406,0,SUCCESS
balance,60000,obs_noise,0,90,0,0.05,124.1183853149414,0,SUCCESS
balance,60000,obs_noise,0,90,0|1,0.05,124.13019561767578,0,SUCCESS
balance,60000,obs_noise,0,90,0|2,0.05,124.33607482910156,0,SUCCESS
balance,60000,obs_noise,0,90,1,0.05,124.42758178710938,0,SUCCESS
balance,60000,obs_noise,0,90,1|2,0.05,124.43888854980469,0,SUCCESS
balance,60000,obs_noise,0,90,2,0.05,124.5618896484375,0,SUCCESS
balance,60000,obs_noise,1,10,0,0.1,123.04877471923828,0,SUCCESS
balance,60000,obs_noise,1,10,0|1,0.1,123.01787567138672,0,SUCCESS
balance,60000,obs_noise,1,10,0|2,0.1,123.97402954101562,0,SUCCESS
balance,60000,obs_noise,1,10,1,0.1,123.79522705078125,0,SUCCESS
balance,60000,obs_noise,1,10,1|2,0.1,124.30547332763672,0,SUCCESS
balance,60000,obs_noise,1,10,2,0.1,124.25598907470703,0,SUCCESS
balance,60000,obs_noise,1,30,0,0.1,123.49866485595703,0,SUCCESS
balance,60000,obs_noise,1,30,0|1,0.1,122.90753173828125,0,SUCCESS
balance,60000,obs_noise,1,30,0|2,0.1,123.34394073486328,0,SUCCESS
balance,60000,obs_noise,1,30,1,0.1,123.82177734375,0,SUCCESS
balance,60000,obs_noise,1,30,1|2,0.1,123.42235565185547,0,SUCCESS
balance,60000,obs_noise,1,30,2,0.1,124.09442138671875,0,SUCCESS
balance,60000,obs_noise,1,50,0,0.1,124.00804138183594,0,SUCCESS
balance,60000,obs_noise,1,50,0|1,0.1,123.67948150634766,0,SUCCESS
balance,60000,obs_noise,1,50,0|2,0.1,123.82672119140625,0,SUCCESS
balance,60000,obs_noise,1,50,1,0.1,124.14759063720703,0,SUCCESS
balance,60000,obs_noise,1,50,1|2,0.1,123.81802368164062,0,SUCCESS
balance,60000,obs_noise,1,50,2,0.1,124.24594116210938,0,SUCCESS
balance,60000,obs_noise,1,70,0,0.1,125.05721282958984,0,SUCCESS
balance,60000,obs_noise,1,70,0|1,0.1,125.40140533447266,0,SUCCESS
balance,60000,obs_noise,1,70,0|2,0.1,125.23434448242188,0,SUCCESS
balance,60000,obs_noise,1,70,1,0.1,125.14114379882812,0,SUCCESS
balance,60000,obs_noise,1,70,1|2,0.1,125.2694091796875,0,SUCCESS
balance,60000,obs_noise,1,70,2,0.1,125.12432098388672,0,SUCCESS
balance,60000,obs_noise,1,90,0,0.1,123.5324935913086,0,SUCCESS
balance,60000,obs_noise,1,90,0|1,0.1,123.45780944824219,0,SUCCESS
balance,60000,obs_noise,1,90,0|2,0.1,123.5731430053711,0,SUCCESS
balance,60000,obs_noise,1,90,1,0.1,123.97064208984375,0,SUCCESS
balance,60000,obs_noise,1,90,1|2,0.1,123.78508758544922,0,SUCCESS
balance,60000,obs_noise,1,90,2,0.1,124.24919128417969,0,SUCCESS
balance,60000,obs_noise,2,10,0,0.2,121.79360961914062,0,SUCCESS
balance,60000,obs_noise,2,10,0|1,0.2,121.10719299316406,0,SUCCESS
balance,60000,obs_noise,2,10,0|2,0.2,122.15595245361328,0,SUCCESS
balance,60000,obs_noise,2,10,1,0.2,121.7519302368164,0,SUCCESS
balance,60000,obs_noise,2,10,1|2,0.2,121.74263763427734,0,SUCCESS
balance,60000,obs_noise,2,10,2,0.2,120.85560607910156,0,SUCCESS
balance,60000,obs_noise,2,30,0,0.2,122.03441619873047,0,SUCCESS
balance,60000,obs_noise,2,30,0|1,0.2,120.81493377685547,0,SUCCESS
balance,60000,obs_noise,2,30,0|2,0.2,121.50979614257812,0,SUCCESS
balance,60000,obs_noise,2,30,1,0.2,122.28126525878906,0,SUCCESS
balance,60000,obs_noise,2,30,1|2,0.2,121.30176544189453,0,SUCCESS
balance,60000,obs_noise,2,30,2,0.2,122.52250671386719,0,SUCCESS
balance,60000,obs_noise,2,50,0,0.2,122.85779571533203,0,SUCCESS
balance,60000,obs_noise,2,50,0|1,0.2,122.25125885009766,0,SUCCESS
balance,60000,obs_noise,2,50,0|2,0.2,122.57915496826172,0,SUCCESS
balance,60000,obs_noise,2,50,1,0.2,122.994140625,0,SUCCESS
balance,60000,obs_noise,2,50,1|2,0.2,122.56395721435547,0,SUCCESS
balance,60000,obs_noise,2,50,2,0.2,123.21546936035156,0,SUCCESS
balance,60000,obs_noise,2,70,0,0.2,124.02049255371094,0,SUCCESS
balance,60000,obs_noise,2,70,0|1,0.2,124.05729675292969,0,SUCCESS
balance,60000,obs_noise,2,70,0|2,0.2,124.21671295166016,0,SUCCESS
balance,60000,obs_noise,2,70,1,0.2,124.28622436523438,0,SUCCESS
balance,60000,obs_noise,2,70,1|2,0.2,124.39585876464844,0,SUCCESS
balance,60000,obs_noise,2,70,2,0.2,124.35449981689453,0,SUCCESS
balance,60000,obs_noise,2,90,0,0.2,122.37162780761719,0,SUCCESS
balance,60000,obs_noise,2,90,0|1,0.2,121.56390380859375,0,SUCCESS
balance,60000,obs_noise,2,90,0|2,0.2,122.06023406982422,0,SUCCESS
balance,60000,obs_noise,2,90,1,0.2,123.17932891845703,0,SUCCESS
balance,60000,obs_noise,2,90,1|2,0.2,122.50410461425781,0,SUCCESS
balance,60000,obs_noise,2,90,2,0.2,123.72509765625,0,SUCCESS
balance,60000,obs_noise,3,10,0,0.4,120.28509521484375,0,SUCCESS
balance,60000,obs_noise,3,10,0|1,0.4,118.81395721435547,0,SUCCESS
balance,60000,obs_noise,3,10,0|2,0.4,118.63160705566406,0,SUCCESS
balance,60000,obs_noise,3,10,1,0.4,118.9152603149414,0,SUCCESS
balance,60000,obs_noise,3,10,1|2,0.4,118.27233123779297,0,SUCCESS
balance,60000,obs_noise,3,10,2,0.4,116.2646255493164,0,SUCCESS
balance,60000,obs_noise,3,30,0,0.4,119.4232177734375,0,SUCCESS
balance,60000,obs_noise,3,30,0|1,0.4,117.25895690917969,0,SUCCESS
balance,60000,obs_noise,3,30,0|2,0.4,117.80756378173828,0,SUCCESS
balance,60000,obs_noise,3,30,1,0.4,119.521728515625,0,SUCCESS
balance,60000,obs_noise,3,30,1|2,0.4,116.95161437988281,0,SUCCESS
balance,60000,obs_noise,3,30,2,0.4,119.04727935791016,0,SUCCESS
balance,60000,obs_noise,3,50,0,0.4,120.53810119628906,0,SUCCESS
balance,60000,obs_noise,3,50,0|1,0.4,118.89596557617188,0,SUCCESS
balance,60000,obs_noise,3,50,0|2,0.4,119.45924377441406,0,SUCCESS
balance,60000,obs_noise,3,50,1,0.4,119.9447250366211,0,SUCCESS
balance,60000,obs_noise,3,50,1|2,0.4,118.26539611816406,0,SUCCESS
balance,60000,obs_noise,3,50,2,0.4,120.02371215820312,0,SUCCESS
balance,60000,obs_noise,3,70,0,0.4,121.28304290771484,0,SUCCESS
balance,60000,obs_noise,3,70,0|1,0.4,120.5496597290039,0,SUCCESS
balance,60000,obs_noise,3,70,0|2,0.4,120.96782684326172,0,SUCCESS
balance,60000,obs_noise,3,70,1,0.4,120.89295959472656,0,SUCCESS
balance,60000,obs_noise,3,70,1|2,0.4,121.29412078857422,0,SUCCESS
balance,60000,obs_noise,3,70,2,0.4,121.30313873291016,0,SUCCESS
balance,60000,obs_noise,3,90,0,0.4,121.59315490722656,0,SUCCESS
balance,60000,obs_noise,3,90,0|1,0.4,119.57743835449219,0,SUCCESS
balance,60000,obs_noise,3,90,0|2,0.4,120.50374603271484,0,SUCCESS
balance,60000,obs_noise,3,90,1,0.4,122.61643981933594,0,SUCCESS
balance,60000,obs_noise,3,90,1|2,0.4,121.14816284179688,0,SUCCESS
balance,60000,obs_noise,3,90,2,0.4,123.10597229003906,0,SUCCESS
balance,60001,act_delay,0,10,0,1.0,114.7097396850586,0,SUCCESS
balance,60001,act_delay,0,10,1,1.0,114.7097396850586,0,SUCCESS
balance,60001,act_delay,0,10,2,1.0,114.7097396850586,0,SUCCESS
balance,60001,act_delay,0,30,0,1.0,114.7097396850586,0,SUCCESS
balance,60001,act_delay,0,30,1,1.0,114.7097396850586,0,SUCCESS
balance,60001,act_delay,0,30,2,1.0,114.7097396850586,0,SUCCESS
balance,60001,act_delay,0,50,0,1.0,114.7097396850586,0,SUCCESS
balance,60001,act_delay,0,50,1,1.0,114.7097396850586,0,SUCCESS
balance,60001,act_delay,0,50,2,1.0,114.7097396850586,0,SUCCESS
balance,60001,act_delay,0,70,0,1.0,114.7097396850586,0,SUCCESS
balance,60001,act_delay,0,70,1,1.0,114.7097396850586,0,SUCCESS
balance,60001,act_delay,0,70,2,1.0,114.7097396850586,0,SUCCESS
balance,60001,act_delay,0,90,0,1.0,114.7097396850586,0,SUCCESS
balance,60001,act_delay,0,90,1,1.0,114.7097396850586,0,SUCCESS
balance,60001,act_delay,0,90,2,1.0,114.7097396850586,0,SUCCESS
balance,60001,act_drop,0,10,0,0.1,114.7097396850586,0,SUCCESS
balance,60001,act_drop,0,10,1,0.1,114.7097396850586,0,SUCCESS
balance,60001,act_drop,0,10,2,0.1,114.7097396850586,0,SUCCESS
balance,60001,act_drop,0,30,0,0.1,114.7097396850586,0,SUCCESS
balance,60001,act_drop,0,30,1,0.1,114.7097396850586,0,SUCCESS
balance,60001,act_drop,0,30,2,0.1,114.7097396850586,0,SUCCESS
balance,60001,act_drop,0,50,0,0.1,114.7097396850586,0,SUCCESS
balance,60001,act_drop,0,50,1,0.1,114.7097396850586,0,SUCCESS
balance,60001,act_drop,0,50,2,0.1,114.7097396850586,0,SUCCESS
balance,60001,act_drop,0,70,0,0.1,114.7097396850586,0,SUCCESS
balance,60001,act_drop,0,70,1,0.1,114.7097396850586,0,SUCCESS
balance,60001,act_drop,0,70,2,0.1,114.7097396850586,0,SUCCESS
balance,60001,act_drop,0,90,0,0.1,114.7097396850586,0,SUCCESS
balance,60001,act_drop,0,90,1,0.1,114.7097396850586,0,SUCCESS
balance,60001,act_drop,0,90,2,0.1,114.7097396850586,0,SUCCESS
balance,60001,act_drop,1,10,0,0.3,111.20496368408203,0,SUCCESS
balance,60001,act_drop,1,10,1,0.3,112.40856170654297,0,SUCCESS
balance,60001,act_drop,1,10,2,0.3,113.23617553710938,0,SUCCESS
balance,60001,act_drop,1,30,0,0.3,112.08457946777344,0,SUCCESS
balance,60001,act_drop,1,30,1,0.3,112.29121398925781,0,SUCCESS
balance,60001,act_drop,1,30,2,0.3,112.52410125732422,0,SUCCESS
balance,60001,act_drop,1,50,0,0.3,112.12914276123047,0,SUCCESS
balance,60001,act_drop,1,50,1,0.3,112.2484130859375,0,SUCCESS
balance,60001,act_drop,1,50,2,0.3,112.3993148803711,0,SUCCESS
balance,60001,act_drop,1,70,0,0.3,112.1436538696289,0,SUCCESS
balance,60001,act_drop,1,70,1,0.3,112.1971664428711,0,SUCCESS
balance,60001,act_drop,1,70,2,0.3,112.28924560546875,0,SUCCESS
balance,60001,act_drop,1,90,0,0.3,112.76854705810547,0,SUCCESS
balance,60001,act_drop,1,90,1,0.3,112.43643951416016,0,SUCCESS
balance,60001,act_drop,1,90,2,0.3,112.24443054199219,0,SUCCESS
balance,60001,act_noise,0,10,0,0.05,114.8961410522461,0,SUCCESS
balance,60001,act_noise,0,10,1,0.05,114.84203338623047,0,SUCCESS
balance,60001,act_noise,0,10,2,0.05,114.81793212890625,0,SUCCESS
balance,60001,act_noise,0,30,0,0.05,114.8375244140625,0,SUCCESS
balance,60001,act_noise,0,30,1,0.05,114.81916809082031,0,SUCCESS
balance,60001,act_noise,0,30,2,0.05,114.8023681640625,0,SUCCESS
balance,60001,act_noise,0,50,0,0.05,114.79856872558594,0,SUCCESS
balance,60001,act_noise,0,50,1,0.05,114.78506469726562,0,SUCCESS
balance,60001,act_noise,0,50,2,0.05,114.77433013916016,0,SUCCESS
balance,60001,act_noise,0,70,0,0.05,114.7573013305664,0,SUCCESS
balance,60001,act_noise,0,70,1,0.05,114.74864959716797,0,SUCCESS
balance,60001,act_noise,0,70,2,0.05,114.74146270751953,0,SUCCESS
balance,60001,act_noise,0,90,0,0.05,114.71614837646484,0,SUCCESS
balance,60001,act_noise,0,90,1,0.05,114.7141342163086,0,SUCCESS
balance,60001,act_noise,0,90,2,0.05,114.71150207519531,0,SUCCESS
balance,60001,act_noise,1,10,0,0.2,114.8880844116211,0,SUCCESS
balance,60001,act_noise,1,10,1,0.2,114.86734771728516,0,SUCCESS
balance,60001,act_noise,1,10,2,0.2,114.8836898803711,0,SUCCESS
balance,60001,act_noise,1,30,0,0.2,114.79442596435547,0,SUCCESS
balance,60001,act_noise,1,30,1,0.2,114.79096984863281,0,SUCCESS
balance,60001,act_noise,1,30,2,0.2,114.7865982055664,0,SUCCESS
balance,60001,act_noise,1,50,0,0.2,114.7056655883789,0,SUCCESS
balance,60001,act_noise,1,50,1,0.2,114.69680786132812,0,SUCCESS
balance,60001,act_noise,1,50,2,0.2,114.69110870361328,0,SUCCESS
balance,60001,act_noise,1,70,0,0.2,114.60051727294922,0,SUCCESS
balance,60001,act_noise,1,70,1,0.2,114.5892333984375,0,SUCCESS
balance,60001,act_noise,1,70,2,0.2,114.57799530029297,0,SUCCESS
balance,60001,act_noise,1,90,0,0.2,114.61511993408203,0,SUCCESS
balance,60001,act_noise,1,90,1,0.2,114.5954818725586,0,SUCCESS
balance,60001,act_noise,1,90,2,0.2,114.57215881347656,0,SUCCESS
balance,60001,dropout,0,10,0,1.0,106.92521667480469,0,SUCCESS
balance,60001,dropout,0,10,0|1,1.0,100.47322082519531,0,SUCCESS
balance,60001,dropout,0,10,0|2,1.0,101.56613159179688,0,SUCCESS
balance,60001,dropout,0,10,1,1.0,108.67680358886719,0,SUCCESS
balance,60001,dropout,0,10,1|2,1.0,103.77484130859375,0,SUCCESS
balance,60001,dropout,0,10,2,1.0,109.75277709960938,0,SUCCESS
balance,60001,dropout,0,30,0,1.0,107.79883575439453,0,SUCCESS
balance,60001,dropout,0,30,0|1,1.0,101.16751098632812,0,SUCCESS
balance,60001,dropout,0,30,0|2,1.0,101.6784896850586,0,SUCCESS
balance,60001,dropout,0,30,1,1.0,108.16271209716797,0,SUCCESS
balance,60001,dropout,0,30,1|2,1.0,101.99604034423828,0,SUCCESS
balance,60001,dropout,0,30,2,1.0,108.5442123413086,0,SUCCESS
balance,60001,dropout,0,50,0,1.0,107.85395050048828,0,SUCCESS
balance,60001,dropout,0,50,0|1,1.0,101.19719696044922,0,SUCCESS
balance,60001,dropout,0,50,0|2,1.0,101.42790985107422,0,SUCCESS
balance,60001,dropout,0,50,1,1.0,108.17845916748047,0,SUCCESS
balance,60001,dropout,0,50,1|2,1.0,101.62657928466797,0,SUCCESS
balance,60001,dropout,0,50,2,1.0,108.30109405517578,0,SUCCESS
balance,60001,dropout,0,70,0,1.0,107.8989028930664,0,SUCCESS
balance,60001,dropout,0,70,0|1,1.0,101.2280044555664,0,SUCCESS
balance,60001,dropout,0,70,0|2,1.0,101.1679916381836,0,SUCCESS
balance,60001,dropout,0,70,1,1.0,108.43901824951172,0,SUCCESS
balance,60001,dropout,0,70,1|2,1.0,101.30692291259766,0,SUCCESS
balance,60001,dropout,0,70,2,1.0,108.15021514892578,0,SUCCESS
balance,60001,dropout,0,90,0,1.0,112.15743255615234,0,SUCCESS
balance,60001,dropout,0,90,0|1,1.0,108.86963653564453,0,SUCCESS
balance,60001,dropout,0,90,0|2,1.0,108.38134002685547,0,SUCCESS
balance,60001,dropout,0,90,1,1.0,111.89742279052734,0,SUCCESS
balance,60001,dropout,0,90,1|2,1.0,107.96768188476562,0,SUCCESS
balance,60001,dropout,0,90,2,1.0,111.4588623046875,0,SUCCESS
balance,60001,obs_noise,0,10,0,0.05,114.08686065673828,0,SUCCESS
balance,60001,obs_noise,0,10,0|1,0.05,114.07090759277344,0,SUCCESS
balance,60001,obs_noise,0,10,0|2,0.05,113.86255645751953,0,SUCCESS
balance,60001,obs_noise,0,10,1,0.05,113.58267974853516,0,SUCCESS
balance,60001,obs_noise,0,10,1|2,0.05,113.26375579833984,0,SUCCESS
balance,60001,obs_noise,0,10,2,0.05,113.24805450439453,0,SUCCESS
balance,60001,obs_noise,0,30,0,0.05,114.12105560302734,0,SUCCESS
balance,60001,obs_noise,0,30,0|1,0.05,113.9154052734375,0,SUCCESS
balance,60001,obs_noise,0,30,0|2,0.05,113.84635162353516,0,SUCCESS
balance,60001,obs_noise,0,30,1,0.05,114.00128173828125,0,SUCCESS
balance,60001,obs_noise,0,30,1|2,0.05,113.71053314208984,0,SUCCESS
balance,60001,obs_noise,0,30,2,0.05,113.8970947265625,0,SUCCESS
balance,60001,obs_noise,0,50,0,0.05,114.5643310546875,0,SUCCESS
balance,60001,obs_noise,0,50,0|1,0.05,114.3790512084961,0,SUCCESS
balance,60001,obs_noise,0,50,0|2,0.05,114.36305236816406,0,SUCCESS
balance,60001,obs_noise,0,50,1,0.05,114.53526306152344,0,SUCCESS
balance,60001,obs_noise,0,50,1|2,0.05,114.33027648925781,0,SUCCESS
balance,60001,obs_noise,0,50,2,0.05,114.50486755371094,0,SUCCESS
balance,60001,obs_noise,0,70,0,0.05,115.11058044433594,0,SUCCESS
balance,60001,obs_noise,0,70,0|1,0.05,114.9177474975586,0,SUCCESS
balance,60001,obs_noise,0,70,0|2,0.05,114.97453308105469,0,SUCCESS
balance,60001,obs_noise,0,70,1,0.05,115.19107818603516,0,SUCCESS
balance,60001,obs_noise,0,70,1|2,0.05,115.07789611816406,0,SUCCESS
balance,60001,obs_noise,0,70,2,0.05,115.2488021850586,0,SUCCESS
balance,60001,obs_noise,0,90,0,0.05,114.88531494140625,0,SUCCESS
balance,60001,obs_noise,0,90,0|1,0.05,114.9393081665039,0,SUCCESS
balance,60001,obs_noise,0,90,0|2,0.05,115.0019302368164,0,SUCCESS
balance,60001,obs_noise,0,90,1,0.05,114.93287658691406,0,SUCCESS
balance,60001,obs_noise,0,90,1|2,0.05,115.0246810913086,0,SUCCESS
balance,60001,obs_noise,0,90,2,0.05,114.94070434570312,0,SUCCESS
balance,60001,obs_noise,1,10,0,0.1,113.69284057617188,0,SUCCESS
balance,60001,obs_noise,1,10,0|1,0.1,113.08580017089844,0,SUCCESS
balance,60001,obs_noise,1,10,0|2,0.1,112.69290161132812,0,SUCCESS
balance,60001,obs_noise,1,10,1,0.1,112.93329620361328,0,SUCCESS
balance,60001,obs_noise,1,10,1|2,0.1,111.82894134521484,0,SUCCESS
balance,60001,obs_noise,1,10,2,0.1,112.22147369384766,0,SUCCESS
balance,60001,obs_noise,1,30,0,0.1,113.73477172851562,0,SUCCESS
balance,60001,obs_noise,1,30,0|1,0.1,112.9753646850586,0,SUCCESS
balance,60001,obs_noise,1,30,0|2,0.1,112.8695297241211,0,SUCCESS
balance,60001,obs_noise,1,30,1,0.1,113.540771484375,0,SUCCESS
balance,60001,obs_noise,1,30,1|2,0.1,112.67562103271484,0,SUCCESS
balance,60001,obs_noise,1,30,2,0.1,113.3389663696289,0,SUCCESS
balance,60001,obs_noise,1,50,0,0.1,114.39974212646484,0,SUCCESS
balance,60001,obs_noise,1,50,0|1,0.1,113.84346771240234,0,SUCCESS
balance,60001,obs_noise,1,50,0|2,0.1,113.82707977294922,0,SUCCESS
balance,60001,obs_noise,1,50,1,0.1,114.36689758300781,0,SUCCESS
balance,60001,obs_noise,1,50,1|2,0.1,113.8260498046875,0,SUCCESS
balance,60001,obs_noise,1,50,2,0.1,114.32794189453125,0,SUCCESS
balance,60001,obs_noise,1,70,0,0.1,115.21174621582031,0,SUCCESS
balance,60001,obs_noise,1,70,0|1,0.1,114.85610961914062,0,SUCCESS
balance,60001,obs_noise,1,70,0|2,0.1,115.00334930419922,0,SUCCESS
balance,60001,obs_noise,1,70,1,0.1,115.36516571044922,0,SUCCESS
balance,60001,obs_noise,1,70,1|2,0.1,115.22611999511719,0,SUCCESS
balance,60001,obs_noise,1,70,2,0.1,115.51007080078125,0,SUCCESS
balance,60001,obs_noise,1,90,0,0.1,114.93338012695312,0,SUCCESS
balance,60001,obs_noise,1,90,0|1,0.1,114.93608093261719,0,SUCCESS
balance,60001,obs_noise,1,90,0|2,0.1,115.00588989257812,0,SUCCESS
balance,60001,obs_noise,1,90,1,0.1,115.01307678222656,0,SUCCESS
balance,60001,obs_noise,1,90,1|2,0.1,115.10094451904297,0,SUCCESS
balance,60001,obs_noise,1,90,2,0.1,115.06251525878906,0,SUCCESS
balance,60001,obs_noise,2,10,0,0.2,112.74357604980469,0,SUCCESS
balance,60001,obs_noise,2,10,0|1,0.2,110.20623779296875,0,SUCCESS
balance,60001,obs_noise,2,10,0|2,0.2,109.84446716308594,0,SUCCESS
balance,60001,obs_noise,2,10,1,0.2,111.9740982055664,0,SUCCESS
balance,60001,obs_noise,2,10,1|2,0.2,109.28732299804688,0,SUCCESS
balance,60001,obs_noise,2,10,2,0.2,110.8403549194336,0,SUCCESS
balance,60001,obs_noise,2,30,0,0.2,112.92045593261719,0,SUCCESS
balance,60001,obs_noise,2,30,0|1,0.2,110.58554077148438,0,SUCCESS
balance,60001,obs_noise,2,30,0|2,0.2,110.53715515136719,0,SUCCESS
balance,60001,obs_noise,2,30,1,0.2,112.73925018310547,0,SUCCESS
balance,60001,obs_noise,2,30,1|2,0.2,110.49524688720703,0,SUCCESS
balance,60001,obs_noise,2,30,2,0.2,112.47150421142578,0,SUCCESS
balance,60001,obs_noise,2,50,0,0.2,113.85447692871094,0,SUCCESS
balance,60001,obs_noise,2,50,0|1,0.2,111.996826171875,0,SUCCESS
balance,60001,obs_noise,2,50,0|2,0.2,112.02763366699219,0,SUCCESS
balance,60001,obs_noise,2,50,1,0.2,113.86628723144531,0,SUCCESS
balance,60001,obs_noise,2,50,1|2,0.2,112.18059539794922,0,SUCCESS
balance,60001,obs_noise,2,50,2,0.2,113.87093353271484,0,SUCCESS
balance,60001,obs_noise,2,70,0,0.2,114.9634780883789,0,SUCCESS
balance,60001,obs_noise,2,70,0|1,0.2,113.62928009033203,0,SUCCESS
balance,60001,obs_noise,2,70,0|2,0.2,113.86141204833984,0,SUCCESS
balance,60001,obs_noise,2,70,1,0.2,115.23115539550781,0,SUCCESS
balance,60001,obs_noise,2,70,1|2,0.2,114.30015563964844,0,SUCCESS
balance,60001,obs_noise,2,70,2,0.2,115.5435791015625,0,SUCCESS
balance,60001,obs_noise,2,90,0,0.2,114.859130859375,0,SUCCESS
balance,60001,obs_noise,2,90,0|1,0.2,114.49578094482422,0,SUCCESS
balance,60001,obs_noise,2,90,0|2,0.2,114.56813049316406,0,SUCCESS
balance,60001,obs_noise,2,90,1,0.2,114.90632629394531,0,SUCCESS
balance,60001,obs_noise,2,90,1|2,0.2,114.68074035644531,0,SUCCESS
balance,60001,obs_noise,2,90,2,0.2,114.98389434814453,0,SUCCESS
balance,60001,obs_noise,3,10,0,0.4,110.01296997070312,0,SUCCESS
balance,60001,obs_noise,3,10,0|1,0.4,104.49671173095703,0,SUCCESS
balance,60001,obs_noise,3,10,0|2,0.4,105.1047592163086,0,SUCCESS
balance,60001,obs_noise,3,10,1,0.4,110.10227966308594,0,SUCCESS
balance,60001,obs_noise,3,10,1|2,0.4,105.54185485839844,0,SUCCESS
balance,60001,obs_noise,3,10,2,0.4,109.15878295898438,0,SUCCESS
balance,60001,obs_noise,3,30,0,0.4,110.79471588134766,0,SUCCESS
balance,60001,obs_noise,3,30,0|1,0.4,105.91680908203125,0,SUCCESS
balance,60001,obs_noise,3,30,0|2,0.4,105.87872314453125,0,SUCCESS
balance,60001,obs_noise,3,30,1,0.4,110.84806823730469,0,SUCCESS
balance,60001,obs_noise,3,30,1|2,0.4,106.09043884277344,0,SUCCESS
balance,60001,obs_noise,3,30,2,0.4,110.79460144042969,0,SUCCESS
balance,60001,obs_noise,3,50,0,0.4,111.9591293334961,0,SUCCESS
balance,60001,obs_noise,3,50,0|1,0.4,107.4609146118164,0,SUCCESS
balance,60001,obs_noise,3,50,0|2,0.4,107.45970153808594,0,SUCCESS
balance,60001,obs_noise,3,50,1,0.4,112.12621307373047,0,SUCCESS
balance,60001,obs_noise,3,50,1|2,0.4,107.72515869140625,0,SUCCESS
balance,60001,obs_noise,3,50,2,0.4,112.37228393554688,0,SUCCESS
balance,60001,obs_noise,3,70,0,0.4,113.3196029663086,0,SUCCESS
balance,60001,obs_noise,3,70,0|1,0.4,109.70530700683594,0,SUCCESS
balance,60001,obs_noise,3,70,0|2,0.4,109.58855438232422,0,SUCCESS
balance,60001,obs_noise,3,70,1,0.4,113.7238998413086,0,SUCCESS
balance,60001,obs_noise,3,70,1|2,0.4,109.88941955566406,0,SUCCESS
balance,60001,obs_noise,3,70,2,0.4,114.35382843017578,0,SUCCESS
balance,60001,obs_noise,3,90,0,0.4,114.04367065429688,0,SUCCESS
balance,60001,obs_noise,3,90,0|1,0.4,113.39568328857422,0,SUCCESS
balance,60001,obs_noise,3,90,0|2,0.4,112.2330551147461,0,SUCCESS
balance,60001,obs_noise,3,90,1,0.4,114.02295684814453,0,SUCCESS
balance,60001,obs_noise,3,90,1|2,0.4,112.32426452636719,0,SUCCESS
balance,60001,obs_noise,3,90,2,0.4,113.98983764648438,0,SUCCESS
balance,60002,act_delay,0,10,0,1.0,142.9994888305664,0,SUCCESS
balance,60002,act_delay,0,10,1,1.0,142.9994888305664,0,SUCCESS
balance,60002,act_delay,0,10,2,1.0,142.9994888305664,0,SUCCESS
balance,60002,act_delay,0,30,0,1.0,142.9994888305664,0,SUCCESS
balance,60002,act_delay,0,30,1,1.0,142.9994888305664,0,SUCCESS
balance,60002,act_delay,0,30,2,1.0,142.9994888305664,0,SUCCESS
balance,60002,act_delay,0,50,0,1.0,142.9994888305664,0,SUCCESS
balance,60002,act_delay,0,50,1,1.0,142.9994888305664,0,SUCCESS
balance,60002,act_delay,0,50,2,1.0,142.9994888305664,0,SUCCESS
balance,60002,act_delay,0,70,0,1.0,142.9994888305664,0,SUCCESS
balance,60002,act_delay,0,70,1,1.0,142.9994888305664,0,SUCCESS
balance,60002,act_delay,0,70,2,1.0,142.9994888305664,0,SUCCESS
balance,60002,act_delay,0,90,0,1.0,142.9994888305664,0,SUCCESS
balance,60002,act_delay,0,90,1,1.0,142.9994888305664,0,SUCCESS
balance,60002,act_delay,0,90,2,1.0,142.9994888305664,0,SUCCESS
balance,60002,act_drop,0,10,0,0.1,142.24923706054688,0,SUCCESS
balance,60002,act_drop,0,10,1,0.1,142.3586654663086,0,SUCCESS
balance,60002,act_drop,0,10,2,0.1,142.62952423095703,0,SUCCESS
balance,60002,act_drop,0,30,0,0.1,142.31279754638672,0,SUCCESS
balance,60002,act_drop,0,30,1,0.1,142.3455047607422,0,SUCCESS
balance,60002,act_drop,0,30,2,0.1,142.36830139160156,0,SUCCESS
balance,60002,act_drop,0,50,0,0.1,142.36283111572266,0,SUCCESS
balance,60002,act_drop,0,50,1,0.1,142.37091064453125,0,SUCCESS
balance,60002,act_drop,0,50,2,0.1,142.40567779541016,0,SUCCESS
balance,60002,act_drop,0,70,0,0.1,142.2857437133789,0,SUCCESS
balance,60002,act_drop,0,70,1,0.1,142.2751922607422,0,SUCCESS
balance,60002,act_drop,0,70,2,0.1,142.30176544189453,0,SUCCESS
balance,60002,act_drop,0,90,0,0.1,142.30645751953125,0,SUCCESS
balance,60002,act_drop,0,90,1,0.1,142.42719268798828,0,SUCCESS
balance,60002,act_drop,0,90,2,0.1,142.5216293334961,0,SUCCESS
balance,60002,act_drop,1,10,0,0.3,141.37655639648438,0,SUCCESS
balance,60002,act_drop,1,10,1,0.3,141.68357849121094,0,SUCCESS
balance,60002,act_drop,1,10,2,0.3,142.06690979003906,0,SUCCESS
balance,60002,act_drop,1,30,0,0.3,141.64462280273438,0,SUCCESS
balance,60002,act_drop,1,30,1,0.3,141.69195556640625,0,SUCCESS
balance,60002,act_drop,1,30,2,0.3,141.7427215576172,0,SUCCESS
balance,60002,act_drop,1,50,0,0.3,141.75492095947266,0,SUCCESS
balance,60002,act_drop,1,50,1,0.3,141.758056640625,0,SUCCESS
balance,60002,act_drop,1,50,2,0.3,141.7661361694336,0,SUCCESS
balance,60002,act_drop,1,70,0,0.3,141.66819763183594,0,SUCCESS
balance,60002,act_drop,1,70,1,0.3,141.71859741210938,0,SUCCESS
balance,60002,act_drop,1,70,2,0.3,141.7254180908203,0,SUCCESS
balance,60002,act_drop,1,90,0,0.3,141.59815979003906,0,SUCCESS
balance,60002,act_drop,1,90,1,0.3,141.77627563476562,0,SUCCESS
balance,60002,act_drop,1,90,2,0.3,141.97988891601562,0,SUCCESS
balance,60002,act_noise,0,10,0,0.05,143.1218032836914,0,SUCCESS
balance,60002,act_noise,0,10,1,0.05,143.08108520507812,0,SUCCESS
balance,60002,act_noise,0,10,2,0.05,143.08255004882812,0,SUCCESS
balance,60002,act_noise,0,30,0,0.05,143.068359375,0,SUCCESS
balance,60002,act_noise,0,30,1,0.05,143.05602264404297,0,SUCCESS
balance,60002,act_noise,0,30,2,0.05,143.06490325927734,0,SUCCESS
balance,60002,act_noise,0,50,0,0.05,143.11663055419922,0,SUCCESS
balance,60002,act_noise,0,50,1,0.05,143.08545684814453,0,SUCCESS
balance,60002,act_noise,0,50,2,0.05,143.10468292236328,0,SUCCESS
balance,60002,act_noise,0,70,0,0.05,143.0951385498047,0,SUCCESS
balance,60002,act_noise,0,70,1,0.05,143.0672607421875,0,SUCCESS
balance,60002,act_noise,0,70,2,0.05,143.07007598876953,0,SUCCESS
balance,60002,act_noise,0,90,0,0.05,142.9405059814453,0,SUCCESS
balance,60002,act_noise,0,90,1,0.05,142.9526824951172,0,SUCCESS
balance,60002,act_noise,0,90,2,0.05,142.94384765625,0,SUCCESS
balance,60002,act_noise,1,10,0,0.2,143.02498626708984,0,SUCCESS
balance,60002,act_noise,1,10,1,0.2,143.08831787109375,0,SUCCESS
balance,60002,act_noise,1,10,2,0.2,143.04592895507812,0,SUCCESS
balance,60002,act_noise,1,30,0,0.2,142.94668579101562,0,SUCCESS
balance,60002,act_noise,1,30,1,0.2,142.9811553955078,0,SUCCESS
balance,60002,act_noise,1,30,2,0.2,142.9757308959961,0,SUCCESS
balance,60002,act_noise,1,50,0,0.2,143.1020736694336,0,SUCCESS
balance,60002,act_noise,1,50,1,0.2,143.10791015625,0,SUCCESS
balance,60002,act_noise,1,50,2,0.2,143.09163665771484,0,SUCCESS
balance,60002,act_noise,1,70,0,0.2,143.1332015991211,0,SUCCESS
balance,60002,act_noise,1,70,1,0.2,143.14615631103516,0,SUCCESS
balance,60002,act_noise,1,70,2,0.2,143.11793518066406,0,SUCCESS
balance,60002,act_noise,1,90,0,0.2,142.6827621459961,0,SUCCESS
balance,60002,act_noise,1,90,1,0.2,142.78575897216797,0,SUCCESS
balance,60002,act_noise,1,90,2,0.2,142.74195098876953,0,SUCCESS
balance,60002,dropout,0,10,0,1.0,133.91210174560547,0,SUCCESS
balance,60002,dropout,0,10,0|1,1.0,125.04045867919922,0,SUCCESS
balance,60002,dropout,0,10,0|2,1.0,126.99266052246094,0,SUCCESS
balance,60002,dropout,0,10,1,1.0,134.9696502685547,0,SUCCESS
balance,60002,dropout,0,10,1|2,1.0,127.94338989257812,0,SUCCESS
balance,60002,dropout,0,10,2,1.0,136.75003051757812,0,SUCCESS
balance,60002,dropout,0,30,0,1.0,135.08722686767578,0,SUCCESS
balance,60002,dropout,0,30,0|1,1.0,127.06141662597656,0,SUCCESS
balance,60002,dropout,0,30,0|2,1.0,127.44390106201172,0,SUCCESS
balance,60002,dropout,0,30,1,1.0,135.01707458496094,0,SUCCESS
balance,60002,dropout,0,30,1|2,1.0,127.89505004882812,0,SUCCESS
balance,60002,dropout,0,30,2,1.0,135.65018463134766,0,SUCCESS
balance,60002,dropout,0,50,0,1.0,135.22771453857422,0,SUCCESS
balance,60002,dropout,0,50,0|1,1.0,128.06952667236328,0,SUCCESS
balance,60002,dropout,0,50,0|2,1.0,128.35498809814453,0,SUCCESS
balance,60002,dropout,0,50,1,1.0,135.57694244384766,0,SUCCESS
balance,60002,dropout,0,50,1|2,1.0,128.81824493408203,0,SUCCESS
balance,60002,dropout,0,50,2,1.0,136.18975067138672,0,SUCCESS
balance,60002,dropout,0,70,0,1.0,135.25984954833984,0,SUCCESS
balance,60002,dropout,0,70,0|1,1.0,126.34542846679688,0,SUCCESS
balance,60002,dropout,0,70,0|2,1.0,126.09908294677734,0,SUCCESS
balance,60002,dropout,0,70,1,1.0,135.19709014892578,0,SUCCESS
balance,60002,dropout,0,70,1|2,1.0,126.9774169921875,0,SUCCESS
balance,60002,dropout,0,70,2,1.0,135.94125366210938,0,SUCCESS
balance,60002,dropout,0,90,0,1.0,138.60049438476562,0,SUCCESS
balance,60002,dropout,0,90,0|1,1.0,134.37975311279297,0,SUCCESS
balance,60002,dropout,0,90,0|2,1.0,135.08150482177734,0,SUCCESS
balance,60002,dropout,0,90,1,1.0,139.16732025146484,0,SUCCESS
balance,60002,dropout,0,90,1|2,1.0,135.60479736328125,0,SUCCESS
balance,60002,dropout,0,90,2,1.0,139.7439422607422,0,SUCCESS
balance,60002,obs_noise,0,10,0,0.05,142.82711791992188,0,SUCCESS
balance,60002,obs_noise,0,10,0|1,0.05,142.6735610961914,0,SUCCESS
balance,60002,obs_noise,0,10,0|2,0.05,142.38624572753906,0,SUCCESS
balance,60002,obs_noise,0,10,1,0.05,142.59136962890625,0,SUCCESS
balance,60002,obs_noise,0,10,1|2,0.05,142.26578521728516,0,SUCCESS
balance,60002,obs_noise,0,10,2,0.05,142.40924835205078,0,SUCCESS
balance,60002,obs_noise,0,30,0,0.05,142.94185638427734,0,SUCCESS
balance,60002,obs_noise,0,30,0|1,0.05,143.03437042236328,0,SUCCESS
balance,60002,obs_noise,0,30,0|2,0.05,142.89349365234375,0,SUCCESS
balance,60002,obs_noise,0,30,1,0.05,142.83782958984375,0,SUCCESS
balance,60002,obs_noise,0,30,1|2,0.05,142.8948211669922,0,SUCCESS
balance,60002,obs_noise,0,30,2,0.05,142.68692779541016,0,SUCCESS
balance,60002,obs_noise,0,50,0,0.05,143.0841293334961,0,SUCCESS
balance,60002,obs_noise,0,50,0|1,0.05,143.3766860961914,0,SUCCESS
balance,60002,obs_noise,0,50,0|2,0.05,143.2686767578125,0,SUCCESS
balance,60002,obs_noise,0,50,1,0.05,142.99820709228516,0,SUCCESS
balance,60002,obs_noise,0,50,1|2,0.05,143.30463409423828,0,SUCCESS
balance,60002,obs_noise,0,50,2,0.05,142.9164047241211,0,SUCCESS
balance,60002,obs_noise,0,70,0,0.05,142.99633026123047,0,SUCCESS
balance,60002,obs_noise,0,70,0|1,0.05,143.1697540283203,0,SUCCESS
balance,60002,obs_noise,0,70,0|2,0.05,143.28215789794922,0,SUCCESS
balance,60002,obs_noise,0,70,1,0.05,143.02274322509766,0,SUCCESS
balance,60002,obs_noise,0,70,1|2,0.05,143.400146484375,0,SUCCESS
balance,60002,obs_noise,0,70,2,0.05,142.98211669921875,0,SUCCESS
balance,60002,obs_noise,0,90,0,0.05,143.1057357788086,0,SUCCESS
balance,60002,obs_noise,0,90,0|1,0.05,142.25017547607422,0,SUCCESS
balance,60002,obs_noise,0,90,0|2,0.05,142.2759246826172,0,SUCCESS
balance,60002,obs_noise,0,90,1,0.05,143.08657836914062,0,SUCCESS
balance,60002,obs_noise,0,90,1|2,0.05,142.33953094482422,0,SUCCESS
balance,60002,obs_noise,0,90,2,0.05,143.07174682617188,0,SUCCESS
balance,60002,obs_noise,1,10,0,0.1,142.54403686523438,0,SUCCESS
balance,60002,obs_noise,1,10,0|1,0.1,141.7236557006836,0,SUCCESS
balance,60002,obs_noise,1,10,0|2,0.1,141.18701934814453,0,SUCCESS
balance,60002,obs_noise,1,10,1,0.1,142.08233642578125,0,SUCCESS
balance,60002,obs_noise,1,10,1|2,0.1,140.8545913696289,0,SUCCESS
balance,60002,obs_noise,1,10,2,0.1,141.6731414794922,0,SUCCESS
balance,60002,obs_noise,1,30,0,0.1,142.8325424194336,0,SUCCESS
balance,60002,obs_noise,1,30,0|1,0.1,142.73091888427734,0,SUCCESS
balance,60002,obs_noise,1,30,0|2,0.1,142.50231170654297,0,SUCCESS
balance,60002,obs_noise,1,30,1,0.1,142.72107696533203,0,SUCCESS
balance,60002,obs_noise,1,30,1|2,0.1,142.5124740600586,0,SUCCESS
balance,60002,obs_noise,1,30,2,0.1,142.49027252197266,0,SUCCESS
balance,60002,obs_noise,1,50,0,0.1,143.1280288696289,0,SUCCESS
balance,60002,obs_noise,1,50,0|1,0.1,143.5462417602539,0,SUCCESS
balance,60002,obs_noise,1,50,0|2,0.1,143.2118911743164,0,SUCCESS
balance,60002,obs_noise,1,50,1,0.1,143.10044860839844,0,SUCCESS
balance,60002,obs_noise,1,50,1|2,0.1,143.28131103515625,0,SUCCESS
balance,60002,obs_noise,1,50,2,0.1,142.92581176757812,0,SUCCESS
balance,60002,obs_noise,1,70,0,0.1,142.5271224975586,0,SUCCESS
balance,60002,obs_noise,1,70,0|1,0.1,138.40889739990234,0,SUCCESS
balance,60002,obs_noise,1,70,0|2,0.1,142.37200927734375,0,SUCCESS
balance,60002,obs_noise,1,70,1,0.1,142.95318603515625,0,SUCCESS
balance,60002,obs_noise,1,70,1|2,0.1,142.58262634277344,0,SUCCESS
balance,60002,obs_noise,1,70,2,0.1,143.05389404296875,0,SUCCESS
balance,60002,obs_noise,1,90,0,0.1,142.80498504638672,0,SUCCESS
balance,60002,obs_noise,1,90,0|1,0.1,140.86550903320312,0,SUCCESS
balance,60002,obs_noise,1,90,0|2,0.1,140.9019012451172,0,SUCCESS
balance,60002,obs_noise,1,90,1,0.1,142.8105239868164,0,SUCCESS
balance,60002,obs_noise,1,90,1|2,0.1,141.35325622558594,0,SUCCESS
balance,60002,obs_noise,1,90,2,0.1,142.9321746826172,0,SUCCESS
balance,60002,obs_noise,2,10,0,0.2,140.85358428955078,0,SUCCESS
balance,60002,obs_noise,2,10,0|1,0.2,90.9480972290039,0,SUCCESS
balance,60002,obs_noise,2,10,0|2,0.2,90.40960693359375,0,SUCCESS
balance,60002,obs_noise,2,10,1,0.2,140.26151275634766,0,SUCCESS
balance,60002,obs_noise,2,10,1|2,0.2,137.55036163330078,0,SUCCESS
balance,60002,obs_noise,2,10,2,0.2,140.41241455078125,0,SUCCESS
balance,60002,obs_noise,2,30,0,0.2,141.71321868896484,0,SUCCESS
balance,60002,obs_noise,2,30,0|1,0.2,140.6663589477539,0,SUCCESS
balance,60002,obs_noise,2,30,0|2,0.2,140.31237030029297,0,SUCCESS
balance,60002,obs_noise,2,30,1,0.2,141.55467224121094,0,SUCCESS
balance,60002,obs_noise,2,30,1|2,0.2,140.45663452148438,0,SUCCESS
balance,60002,obs_noise,2,30,2,0.2,141.3549041748047,0,SUCCESS
balance,60002,obs_noise,2,50,0,0.2,142.2777328491211,0,SUCCESS
balance,60002,obs_noise,2,50,0|1,0.2,142.10618591308594,0,SUCCESS
balance,60002,obs_noise,2,50,0|2,0.2,141.59786224365234,0,SUCCESS
balance,60002,obs_noise,2,50,1,0.2,142.2242889404297,0,SUCCESS
balance,60002,obs_noise,2,50,1|2,0.2,141.8898468017578,0,SUCCESS
balance,60002,obs_noise,2,50,2,0.2,142.14823150634766,0,SUCCESS
balance,60002,obs_noise,2,70,0,0.2,140.8469696044922,0,SUCCESS
balance,60002,obs_noise,2,70,0|1,0.2,128.98139190673828,0,SUCCESS
balance,60002,obs_noise,2,70,0|2,0.2,139.97147369384766,0,SUCCESS
balance,60002,obs_noise,2,70,1,0.2,141.25405883789062,0,SUCCESS
balance,60002,obs_noise,2,70,1|2,0.2,136.69310760498047,0,SUCCESS
balance,60002,obs_noise,2,70,2,0.2,142.1883316040039,0,SUCCESS
balance,60002,obs_noise,2,90,0,0.2,141.4394073486328,0,SUCCESS
balance,60002,obs_noise,2,90,0|1,0.2,138.28880310058594,0,SUCCESS
balance,60002,obs_noise,2,90,0|2,0.2,138.44332122802734,0,SUCCESS
balance,60002,obs_noise,2,90,1,0.2,142.04383850097656,0,SUCCESS
balance,60002,obs_noise,2,90,1|2,0.2,139.40343475341797,0,SUCCESS
balance,60002,obs_noise,2,90,2,0.2,142.28997802734375,0,SUCCESS
balance,60002,obs_noise,3,10,0,0.4,138.26351165771484,0,SUCCESS
balance,60002,obs_noise,3,10,0|1,0.4,132.3651123046875,0,SUCCESS
balance,60002,obs_noise,3,10,0|2,0.4,132.09770965576172,0,SUCCESS
balance,60002,obs_noise,3,10,1,0.4,138.4614715576172,0,SUCCESS
balance,60002,obs_noise,3,10,1|2,0.4,132.96700286865234,0,SUCCESS
balance,60002,obs_noise,3,10,2,0.4,139.1067352294922,0,SUCCESS
balance,60002,obs_noise,3,30,0,0.4,138.97574615478516,0,SUCCESS
balance,60002,obs_noise,3,30,0|1,0.4,135.736083984375,0,SUCCESS
balance,60002,obs_noise,3,30,0|2,0.4,135.31613159179688,0,SUCCESS
balance,60002,obs_noise,3,30,1,0.4,139.31268310546875,0,SUCCESS
balance,60002,obs_noise,3,30,1|2,0.4,136.10359954833984,0,SUCCESS
balance,60002,obs_noise,3,30,2,0.4,139.3937759399414,0,SUCCESS
balance,60002,obs_noise,3,50,0,0.4,139.9420623779297,0,SUCCESS
balance,60002,obs_noise,3,50,0|1,0.4,137.22422790527344,0,SUCCESS
balance,60002,obs_noise,3,50,0|2,0.4,136.9409408569336,0,SUCCESS
balance,60002,obs_noise,3,50,1,0.4,140.0360870361328,0,SUCCESS
balance,60002,obs_noise,3,50,1|2,0.4,137.3895492553711,0,SUCCESS
balance,60002,obs_noise,3,50,2,0.4,139.9756851196289,0,SUCCESS
balance,60002,obs_noise,3,70,0,0.4,138.12792205810547,0,SUCCESS
balance,60002,obs_noise,3,70,0|1,0.4,126.13414764404297,0,SUCCESS
balance,60002,obs_noise,3,70,0|2,0.4,128.36228942871094,0,SUCCESS
balance,60002,obs_noise,3,70,1,0.4,138.54325103759766,0,SUCCESS
balance,60002,obs_noise,3,70,1|2,0.4,135.35021209716797,0,SUCCESS
balance,60002,obs_noise,3,70,2,0.4,139.65863800048828,0,SUCCESS
balance,60002,obs_noise,3,90,0,0.4,139.8094711303711,0,SUCCESS
balance,60002,obs_noise,3,90,0|1,0.4,137.98001861572266,0,SUCCESS
balance,60002,obs_noise,3,90,0|2,0.4,138.24069213867188,0,SUCCESS
balance,60002,obs_noise,3,90,1,0.4,140.60478973388672,0,SUCCESS
balance,60002,obs_noise,3,90,1|2,0.4,139.19254302978516,0,SUCCESS
balance,60002,obs_noise,3,90,2,0.4,141.1618423461914,0,SUCCESS
balance,60003,act_delay,0,10,0,1.0,140.93504333496094,0,SUCCESS
balance,60003,act_delay,0,10,1,1.0,140.93504333496094,0,SUCCESS
balance,60003,act_delay,0,10,2,1.0,140.93504333496094,0,SUCCESS
balance,60003,act_delay,0,30,0,1.0,140.93504333496094,0,SUCCESS
balance,60003,act_delay,0,30,1,1.0,140.93504333496094,0,SUCCESS
balance,60003,act_delay,0,30,2,1.0,140.93504333496094,0,SUCCESS
balance,60003,act_delay,0,50,0,1.0,140.93504333496094,0,SUCCESS
balance,60003,act_delay,0,50,1,1.0,140.93504333496094,0,SUCCESS
balance,60003,act_delay,0,50,2,1.0,140.93504333496094,0,SUCCESS
balance,60003,act_delay,0,70,0,1.0,140.93504333496094,0,SUCCESS
balance,60003,act_delay,0,70,1,1.0,140.93504333496094,0,SUCCESS
balance,60003,act_delay,0,70,2,1.0,140.93504333496094,0,SUCCESS
balance,60003,act_delay,0,90,0,1.0,140.93504333496094,0,SUCCESS
balance,60003,act_delay,0,90,1,1.0,140.93504333496094,0,SUCCESS
balance,60003,act_delay,0,90,2,1.0,140.93504333496094,0,SUCCESS
balance,60003,act_drop,0,10,0,0.1,141.37488555908203,0,SUCCESS
balance,60003,act_drop,0,10,1,0.1,139.5523452758789,0,SUCCESS
balance,60003,act_drop,0,10,2,0.1,138.5818862915039,0,SUCCESS
balance,60003,act_drop,0,30,0,0.1,139.8343963623047,0,SUCCESS
balance,60003,act_drop,0,30,1,0.1,139.51837921142578,0,SUCCESS
balance,60003,act_drop,0,30,2,0.1,139.18853759765625,0,SUCCESS
balance,60003,act_drop,0,50,0,0.1,139.69020080566406,0,SUCCESS
balance,60003,act_drop,0,50,1,0.1,139.38329315185547,0,SUCCESS
balance,60003,act_drop,0,50,2,0.1,139.08517456054688,0,SUCCESS
balance,60003,act_drop,0,70,0,0.1,139.50201416015625,0,SUCCESS
balance,60003,act_drop,0,70,1,0.1,139.25656127929688,0,SUCCESS
balance,60003,act_drop,0,70,2,0.1,139.01937103271484,0,SUCCESS
balance,60003,act_drop,0,90,0,0.1,139.9130401611328,0,SUCCESS
balance,60003,act_drop,0,90,1,0.1,139.64842987060547,0,SUCCESS
balance,60003,act_drop,0,90,2,0.1,139.40689086914062,0,SUCCESS
balance,60003,act_drop,1,10,0,0.3,138.5218734741211,0,SUCCESS
balance,60003,act_drop,1,10,1,0.3,136.18370819091797,0,SUCCESS
balance,60003,act_drop,1,10,2,0.3,135.29566955566406,0,SUCCESS
balance,60003,act_drop,1,30,0,0.3,137.59153747558594,0,SUCCESS
balance,60003,act_drop,1,30,1,0.3,137.25922393798828,0,SUCCESS
balance,60003,act_drop,1,30,2,0.3,136.73851776123047,0,SUCCESS
balance,60003,act_drop,1,50,0,0.3,137.74685668945312,0,SUCCESS
balance,60003,act_drop,1,50,1,0.3,137.53754425048828,0,SUCCESS
balance,60003,act_drop,1,50,2,0.3,137.23555755615234,0,SUCCESS
balance,60003,act_drop,1,70,0,0.3,137.73216247558594,0,SUCCESS
balance,60003,act_drop,1,70,1,0.3,137.54891967773438,0,SUCCESS
balance,60003,act_drop,1,70,2,0.3,137.3375244140625,0,SUCCESS
balance,60003,act_drop,1,90,0,0.3,139.13360595703125,0,SUCCESS
balance,60003,act_drop,1,90,1,0.3,138.5647430419922,0,SUCCESS
balance,60003,act_drop,1,90,2,0.3,137.98583221435547,0,SUCCESS
balance,60003,act_noise,0,10,0,0.05,140.65166473388672,0,SUCCESS
balance,60003,act_noise,0,10,1,0.05,140.63532257080078,0,SUCCESS
balance,60003,act_noise,0,10,2,0.05,140.59542846679688,0,SUCCESS
balance,60003,act_noise,0,30,0,0.05,140.69581604003906,0,SUCCESS
balance,60003,act_noise,0,30,1,0.05,140.6802978515625,0,SUCCESS
balance,60003,act_noise,0,30,2,0.05,140.66324615478516,0,SUCCESS
balance,60003,act_noise,0,50,0,0.05,140.68347930908203,0,SUCCESS
balance,60003,act_noise,0,50,1,0.05,140.6854248046875,0,SUCCESS
balance,60003,act_noise,0,50,2,0.05,140.6935043334961,0,SUCCESS
balance,60003,act_noise,0,70,0,0.05,140.67686462402344,0,SUCCESS
balance,60003,act_noise,0,70,1,0.05,140.69261169433594,0,SUCCESS
balance,60003,act_noise,0,70,2,0.05,140.70503997802734,0,SUCCESS
balance,60003,act_noise,0,90,0,0.05,140.9172592163086,0,SUCCESS
balance,60003,act_noise,0,90,1,0.05,140.92559051513672,0,SUCCESS
balance,60003,act_noise,0,90,2,0.05,140.94083404541016,0,SUCCESS
balance,60003,act_noise,1,10,0,0.2,139.62366485595703,0,SUCCESS
balance,60003,act_noise,1,10,1,0.2,139.25848388671875,0,SUCCESS
balance,60003,act_noise,1,10,2,0.2,138.75022888183594,0,SUCCESS
balance,60003,act_noise,1,30,0,0.2,139.71961212158203,0,SUCCESS
balance,60003,act_noise,1,30,1,0.2,139.59546661376953,0,SUCCESS
balance,60003,act_noise,1,30,2,0.2,139.47280883789062,0,SUCCESS
balance,60003,act_noise,1,50,0,0.2,139.6871795654297,0,SUCCESS
balance,60003,act_noise,1,50,1,0.2,139.63378143310547,0,SUCCESS
balance,60003,act_noise,1,50,2,0.2,139.5625991821289,0,SUCCESS
balance,60003,act_noise,1,70,0,0.2,139.66527557373047,0,SUCCESS
balance,60003,act_noise,1,70,1,0.2,139.64955139160156,0,SUCCESS
balance,60003,act_noise,1,70,2,0.2,139.62368774414062,0,SUCCESS
balance,60003,act_noise,1,90,0,0.2,140.7792205810547,0,SUCCESS
balance,60003,act_noise,1,90,1,0.2,140.76702117919922,0,SUCCESS
balance,60003,act_noise,1,90,2,0.2,140.76248931884766,0,SUCCESS
balance,60003,dropout,0,10,0,1.0,137.61225128173828,0,SUCCESS
balance,60003,dropout,0,10,0|1,1.0,126.79511260986328,0,SUCCESS
balance,60003,dropout,0,10,0|2,1.0,122.97463989257812,0,SUCCESS
balance,60003,dropout,0,10,1,1.0,130.74369049072266,0,SUCCESS
balance,60003,dropout,0,10,1|2,1.0,116.55972290039062,0,SUCCESS
balance,60003,dropout,0,10,2,1.0,128.60639190673828,0,SUCCESS
balance,60003,dropout,0,30,0,1.0,133.85465240478516,0,SUCCESS
balance,60003,dropout,0,30,0|1,1.0,125.75088500976562,0,SUCCESS
balance,60003,dropout,0,30,0|2,1.0,124.54458618164062,0,SUCCESS
balance,60003,dropout,0,30,1,1.0,133.36688232421875,0,SUCCESS
balance,60003,dropout,0,30,1|2,1.0,122.353271484375,0,SUCCESS
balance,60003,dropout,0,30,2,1.0,132.10775756835938,0,SUCCESS
balance,60003,dropout,0,50,0,1.0,134.14684295654297,0,SUCCESS
balance,60003,dropout,0,50,0|1,1.0,126.27896118164062,0,SUCCESS
balance,60003,dropout,0,50,0|2,1.0,125.46155548095703,0,SUCCESS
balance,60003,dropout,0,50,1,1.0,133.57928466796875,0,SUCCESS
balance,60003,dropout,0,50,1|2,1.0,124.72480773925781,0,SUCCESS
balance,60003,dropout,0,50,2,1.0,132.9044952392578,0,SUCCESS
balance,60003,dropout,0,70,0,1.0,133.71965789794922,0,SUCCESS
balance,60003,dropout,0,70,0|1,1.0,125.96438598632812,0,SUCCESS
balance,60003,dropout,0,70,0|2,1.0,125.24189758300781,0,SUCCESS
balance,60003,dropout,0,70,1,1.0,133.05420684814453,0,SUCCESS
balance,60003,dropout,0,70,1|2,1.0,124.77236938476562,0,SUCCESS
balance,60003,dropout,0,70,2,1.0,132.68199920654297,0,SUCCESS
balance,60003,dropout,0,90,0,1.0,137.9326171875,0,SUCCESS
balance,60003,dropout,0,90,0|1,1.0,133.44749450683594,0,SUCCESS
balance,60003,dropout,0,90,0|2,1.0,132.17587280273438,0,SUCCESS
balance,60003,dropout,0,90,1,1.0,136.94517517089844,0,SUCCESS
balance,60003,dropout,0,90,1|2,1.0,131.1214370727539,0,SUCCESS
balance,60003,dropout,0,90,2,1.0,135.69792938232422,0,SUCCESS
balance,60003,obs_noise,0,10,0,0.05,140.47023010253906,0,SUCCESS
balance,60003,obs_noise,0,10,0|1,0.05,142.52579498291016,0,SUCCESS
balance,60003,obs_noise,0,10,0|2,0.05,143.38025665283203,0,SUCCESS
balance,60003,obs_noise,0,10,1,0.05,140.514404296875,0,SUCCESS
balance,60003,obs_noise,0,10,1|2,0.05,143.65182495117188,0,SUCCESS
balance,60003,obs_noise,0,10,2,0.05,141.05115509033203,0,SUCCESS
balance,60003,obs_noise,0,30,0,0.05,140.6913070678711,0,SUCCESS
balance,60003,obs_noise,0,30,0|1,0.05,142.75078582763672,0,SUCCESS
balance,60003,obs_noise,0,30,0|2,0.05,143.0511703491211,0,SUCCESS
balance,60003,obs_noise,0,30,1,0.05,140.95296478271484,0,SUCCESS
balance,60003,obs_noise,0,30,1|2,0.05,143.31465911865234,0,SUCCESS
balance,60003,obs_noise,0,30,2,0.05,141.17124938964844,0,SUCCESS
balance,60003,obs_noise,0,50,0,0.05,141.02043914794922,0,SUCCESS
balance,60003,obs_noise,0,50,0|1,0.05,143.30596160888672,0,SUCCESS
balance,60003,obs_noise,0,50,0|2,0.05,143.3470001220703,0,SUCCESS
balance,60003,obs_noise,0,50,1,0.05,141.23709869384766,0,SUCCESS
balance,60003,obs_noise,0,50,1|2,0.05,143.5184097290039,0,SUCCESS
balance,60003,obs_noise,0,50,2,0.05,141.34222412109375,0,SUCCESS
balance,60003,obs_noise,0,70,0,0.05,141.09386444091797,0,SUCCESS
balance,60003,obs_noise,0,70,0|1,0.05,143.41822814941406,0,SUCCESS
balance,60003,obs_noise,0,70,0|2,0.05,143.31616973876953,0,SUCCESS
balance,60003,obs_noise,0,70,1,0.05,141.25680541992188,0,SUCCESS
balance,60003,obs_noise,0,70,1|2,0.05,143.34530639648438,0,SUCCESS
balance,60003,obs_noise,0,70,2,0.05,141.25092315673828,0,SUCCESS
balance,60003,obs_noise,0,90,0,0.05,140.9091796875,0,SUCCESS
balance,60003,obs_noise,0,90,0|1,0.05,139.98296356201172,0,SUCCESS
balance,60003,obs_noise,0,90,0|2,0.05,139.86822509765625,0,SUCCESS
balance,60003,obs_noise,0,90,1,0.05,140.9447021484375,0,SUCCESS
balance,60003,obs_noise,0,90,1|2,0.05,139.80894470214844,0,SUCCESS
balance,60003,obs_noise,0,90,2,0.05,140.9545669555664,0,SUCCESS
balance,60003,obs_noise,1,10,0,0.1,138.41590118408203,0,SUCCESS
balance,60003,obs_noise,1,10,0|1,0.1,141.50418090820312,0,SUCCESS
balance,60003,obs_noise,1,10,0|2,0.1,143.07101440429688,0,SUCCESS
balance,60003,obs_noise,1,10,1,0.1,139.3323211669922,0,SUCCESS
balance,60003,obs_noise,1,10,1|2,0.1,143.85836791992188,0,SUCCESS
balance,60003,obs_noise,1,10,2,0.1,140.75399780273438,0,SUCCESS
balance,60003,obs_noise,1,30,0,0.1,140.0768051147461,0,SUCCESS
balance,60003,obs_noise,1,30,0|1,0.1,143.12059020996094,0,SUCCESS
balance,60003,obs_noise,1,30,0|2,0.1,143.7217254638672,0,SUCCESS
balance,60003,obs_noise,1,30,1,0.1,140.43772888183594,0,SUCCESS
balance,60003,obs_noise,1,30,1|2,0.1,144.40809631347656,0,SUCCESS
balance,60003,obs_noise,1,30,2,0.1,140.8490982055664,0,SUCCESS
balance,60003,obs_noise,1,50,0,0.1,140.80050659179688,0,SUCCESS
balance,60003,obs_noise,1,50,0|1,0.1,144.3519515991211,0,SUCCESS
balance,60003,obs_noise,1,50,0|2,0.1,144.62603759765625,0,SUCCESS
balance,60003,obs_noise,1,50,1,0.1,141.06621551513672,0,SUCCESS
balance,60003,obs_noise,1,50,1|2,0.1,145.41666412353516,0,SUCCESS
balance,60003,obs_noise,1,50,2,0.1,141.31002044677734,0,SUCCESS
balance,60003,obs_noise,1,70,0,0.1,141.0311279296875,0,SUCCESS
balance,60003,obs_noise,1,70,0|1,0.1,144.55384826660156,0,SUCCESS
balance,60003,obs_noise,1,70,0|2,0.1,144.37914276123047,0,SUCCESS
balance,60003,obs_noise,1,70,1,0.1,141.14053344726562,0,SUCCESS
balance,60003,obs_noise,1,70,1|2,0.1,144.6371841430664,0,SUCCESS
balance,60003,obs_noise,1,70,2,0.1,141.2684555053711,0,SUCCESS
balance,60003,obs_noise,1,90,0,0.1,140.855712890625,0,SUCCESS
balance,60003,obs_noise,1,90,0|1,0.1,138.89966583251953,0,SUCCESS
balance,60003,obs_noise,1,90,0|2,0.1,138.36023712158203,0,SUCCESS
balance,60003,obs_noise,1,90,1,0.1,140.86390686035156,0,SUCCESS
balance,60003,obs_noise,1,90,1|2,0.1,138.1511993408203,0,SUCCESS
balance,60003,obs_noise,1,90,2,0.1,140.84662628173828,0,SUCCESS
balance,60003,obs_noise,2,10,0,0.2,136.50668334960938,0,SUCCESS
balance,60003,obs_noise,2,10,0|1,0.2,139.4436492919922,0,SUCCESS
balance,60003,obs_noise,2,10,0|2,0.2,140.64385986328125,0,SUCCESS
balance,60003,obs_noise,2,10,1,0.2,137.4935531616211,0,SUCCESS
balance,60003,obs_noise,2,10,1|2,0.2,142.1331024169922,0,SUCCESS
balance,60003,obs_noise,2,10,2,0.2,139.08627319335938,0,SUCCESS
balance,60003,obs_noise,2,30,0,0.2,139.39702606201172,0,SUCCESS
balance,60003,obs_noise,2,30,0|1,0.2,142.23809051513672,0,SUCCESS
balance,60003,obs_noise,2,30,0|2,0.2,142.63595581054688,0,SUCCESS
balance,60003,obs_noise,2,30,1,0.2,139.29776000976562,0,SUCCESS
balance,60003,obs_noise,2,30,1|2,0.2,143.6187744140625,0,SUCCESS
balance,60003,obs_noise,2,30,2,0.2,139.25383758544922,0,SUCCESS
balance,60003,obs_noise,2,50,0,0.2,139.89312744140625,0,SUCCESS
balance,60003,obs_noise,2,50,0|1,0.2,144.3131561279297,0,SUCCESS
balance,60003,obs_noise,2,50,0|2,0.2,144.43505859375,0,SUCCESS
balance,60003,obs_noise,2,50,1,0.2,140.03384399414062,0,SUCCESS
balance,60003,obs_noise,2,50,1|2,0.2,145.7655487060547,0,SUCCESS
balance,60003,obs_noise,2,50,2,0.2,139.96343994140625,0,SUCCESS
balance,60003,obs_noise,2,70,0,0.2,139.82654571533203,0,SUCCESS
balance,60003,obs_noise,2,70,0|1,0.2,143.696044921875,0,SUCCESS
balance,60003,obs_noise,2,70,0|2,0.2,143.3434066772461,0,SUCCESS
balance,60003,obs_noise,2,70,1,0.2,139.97401428222656,0,SUCCESS
balance,60003,obs_noise,2,70,1|2,0.2,143.9574966430664,0,SUCCESS
balance,60003,obs_noise,2,70,2,0.2,139.74636840820312,0,SUCCESS
balance,60003,obs_noise,2,90,0,0.2,140.7609100341797,0,SUCCESS
balance,60003,obs_noise,2,90,0|1,0.2,138.39928436279297,0,SUCCESS
balance,60003,obs_noise,2,90,0|2,0.2,137.30408477783203,0,SUCCESS
balance,60003,obs_noise,2,90,1,0.2,140.77681732177734,0,SUCCESS
balance,60003,obs_noise,2,90,1|2,0.2,136.27754974365234,0,SUCCESS
balance,60003,obs_noise,2,90,2,0.2,140.62625885009766,0,SUCCESS
balance,60003,obs_noise,3,10,0,0.4,135.61544036865234,0,SUCCESS
balance,60003,obs_noise,3,10,0|1,0.4,138.18852996826172,0,SUCCESS
balance,60003,obs_noise,3,10,0|2,0.4,139.46942138671875,0,SUCCESS
balance,60003,obs_noise,3,10,1,0.4,137.21502685546875,0,SUCCESS
balance,60003,obs_noise,3,10,1|2,0.4,140.57965850830078,0,SUCCESS
balance,60003,obs_noise,3,10,2,0.4,138.74327087402344,0,SUCCESS
balance,60003,obs_noise,3,30,0,0.4,139.59729766845703,0,SUCCESS
balance,60003,obs_noise,3,30,0|1,0.4,140.8802261352539,0,SUCCESS
balance,60003,obs_noise,3,30,0|2,0.4,141.24888610839844,0,SUCCESS
balance,60003,obs_noise,3,30,1,0.4,139.3766326904297,0,SUCCESS
balance,60003,obs_noise,3,30,1|2,0.4,142.0235824584961,0,SUCCESS
balance,60003,obs_noise,3,30,2,0.4,139.24461364746094,0,SUCCESS
balance,60003,obs_noise,3,50,0,0.4,139.9599380493164,0,SUCCESS
balance,60003,obs_noise,3,50,0|1,0.4,143.3004913330078,0,SUCCESS
balance,60003,obs_noise,3,50,0|2,0.4,143.6151123046875,0,SUCCESS
balance,60003,obs_noise,3,50,1,0.4,140.23837280273438,0,SUCCESS
balance,60003,obs_noise,3,50,1|2,0.4,145.0243148803711,0,SUCCESS
balance,60003,obs_noise,3,50,2,0.4,140.145263671875,0,SUCCESS
balance,60003,obs_noise,3,70,0,0.4,139.4736328125,0,SUCCESS
balance,60003,obs_noise,3,70,0|1,0.4,142.03141021728516,0,SUCCESS
balance,60003,obs_noise,3,70,0|2,0.4,141.32931518554688,0,SUCCESS
balance,60003,obs_noise,3,70,1,0.4,139.91798400878906,0,SUCCESS
balance,60003,obs_noise,3,70,1|2,0.4,141.36962127685547,0,SUCCESS
balance,60003,obs_noise,3,70,2,0.4,139.52483367919922,0,SUCCESS
balance,60003,obs_noise,3,90,0,0.4,140.60515594482422,0,SUCCESS
balance,60003,obs_noise,3,90,0|1,0.4,138.07527923583984,0,SUCCESS
balance,60003,obs_noise,3,90,0|2,0.4,136.9657974243164,0,SUCCESS
balance,60003,obs_noise,3,90,1,0.4,140.57057189941406,0,SUCCESS
balance,60003,obs_noise,3,90,1|2,0.4,135.97290802001953,0,SUCCESS
balance,60003,obs_noise,3,90,2,0.4,140.32553100585938,0,SUCCESS
balance,60004,act_delay,0,10,0,1.0,138.08450317382812,0,SUCCESS
balance,60004,act_delay,0,10,1,1.0,138.08450317382812,0,SUCCESS
balance,60004,act_delay,0,10,2,1.0,138.08450317382812,0,SUCCESS
balance,60004,act_delay,0,30,0,1.0,138.08450317382812,0,SUCCESS
balance,60004,act_delay,0,30,1,1.0,138.08450317382812,0,SUCCESS
balance,60004,act_delay,0,30,2,1.0,138.08450317382812,0,SUCCESS
balance,60004,act_delay,0,50,0,1.0,138.08450317382812,0,SUCCESS
balance,60004,act_delay,0,50,1,1.0,138.08450317382812,0,SUCCESS
balance,60004,act_delay,0,50,2,1.0,138.08450317382812,0,SUCCESS
balance,60004,act_delay,0,70,0,1.0,138.08450317382812,0,SUCCESS
balance,60004,act_delay,0,70,1,1.0,138.08450317382812,0,SUCCESS
balance,60004,act_delay,0,70,2,1.0,138.08450317382812,0,SUCCESS
balance,60004,act_delay,0,90,0,1.0,138.08450317382812,0,SUCCESS
balance,60004,act_delay,0,90,1,1.0,138.08450317382812,0,SUCCESS
balance,60004,act_delay,0,90,2,1.0,138.08450317382812,0,SUCCESS
balance,60004,act_drop,0,10,0,0.1,136.7007064819336,0,SUCCESS
balance,60004,act_drop,0,10,1,0.1,136.51192474365234,0,SUCCESS
balance,60004,act_drop,0,10,2,0.1,136.42925262451172,0,SUCCESS
balance,60004,act_drop,0,30,0,0.1,136.74639129638672,0,SUCCESS
balance,60004,act_drop,0,30,1,0.1,136.64639282226562,0,SUCCESS
balance,60004,act_drop,0,30,2,0.1,136.59791564941406,0,SUCCESS
balance,60004,act_drop,0,50,0,0.1,136.71693420410156,0,SUCCESS
balance,60004,act_drop,0,50,1,0.1,136.68798065185547,0,SUCCESS
balance,60004,act_drop,0,50,2,0.1,136.64591217041016,0,SUCCESS
balance,60004,act_drop,0,70,0,0.1,136.81539916992188,0,SUCCESS
balance,60004,act_drop,0,70,1,0.1,136.82139587402344,0,SUCCESS
balance,60004,act_drop,0,70,2,0.1,136.7842254638672,0,SUCCESS
balance,60004,act_drop,0,90,0,0.1,137.4719009399414,0,SUCCESS
balance,60004,act_drop,0,90,1,0.1,137.27980041503906,0,SUCCESS
balance,60004,act_drop,0,90,2,0.1,137.06989288330078,0,SUCCESS
balance,60004,act_drop,1,10,0,0.3,134.66910552978516,0,SUCCESS
balance,60004,act_drop,1,10,1,0.3,134.66175842285156,0,SUCCESS
balance,60004,act_drop,1,10,2,0.3,134.5806655883789,0,SUCCESS
balance,60004,act_drop,1,30,0,0.3,135.13634490966797,0,SUCCESS
balance,60004,act_drop,1,30,1,0.3,135.11984252929688,0,SUCCESS
balance,60004,act_drop,1,30,2,0.3,135.0787582397461,0,SUCCESS
balance,60004,act_drop,1,50,0,0.3,135.21562957763672,0,SUCCESS
balance,60004,act_drop,1,50,1,0.3,135.26103973388672,0,SUCCESS
balance,60004,act_drop,1,50,2,0.3,135.34181213378906,0,SUCCESS
balance,60004,act_drop,1,70,0,0.3,135.41944885253906,0,SUCCESS
balance,60004,act_drop,1,70,1,0.3,135.5881576538086,0,SUCCESS
balance,60004,act_drop,1,70,2,0.3,135.62633514404297,0,SUCCESS
balance,60004,act_drop,1,90,0,0.3,136.2879638671875,0,SUCCESS
balance,60004,act_drop,1,90,1,0.3,135.67263793945312,0,SUCCESS
balance,60004,act_drop,1,90,2,0.3,135.04914093017578,0,SUCCESS
balance,60004,act_noise,0,10,0,0.05,137.95813751220703,0,SUCCESS
balance,60004,act_noise,0,10,1,0.05,137.91886138916016,0,SUCCESS
balance,60004,act_noise,0,10,2,0.05,137.8879165649414,0,SUCCESS
balance,60004,act_noise,0,30,0,0.05,137.9842987060547,0,SUCCESS
balance,60004,act_noise,0,30,1,0.05,137.91144561767578,0,SUCCESS
balance,60004,act_noise,0,30,2,0.05,137.88924407958984,0,SUCCESS
balance,60004,act_noise,0,50,0,0.05,137.92652893066406,0,SUCCESS
balance,60004,act_noise,0,50,1,0.05,137.91002655029297,0,SUCCESS
balance,60004,act_noise,0,50,2,0.05,137.89368438720703,0,SUCCESS
balance,60004,act_noise,0,70,0,0.05,137.9168472290039,0,SUCCESS
balance,60004,act_noise,0,70,1,0.05,137.90123748779297,0,SUCCESS
balance,60004,act_noise,0,70,2,0.05,137.8868637084961,0,SUCCESS
balance,60004,act_noise,0,90,0,0.05,138.06905364990234,0,SUCCESS
balance,60004,act_noise,0,90,1,0.05,138.07587432861328,0,SUCCESS
balance,60004,act_noise,0,90,2,0.05,138.08370208740234,0,SUCCESS
balance,60004,act_noise,1,10,0,0.2,137.4543685913086,0,SUCCESS
balance,60004,act_noise,1,10,1,0.2,137.1511688232422,0,SUCCESS
balance,60004,act_noise,1,10,2,0.2,136.98147583007812,0,SUCCESS
balance,60004,act_noise,1,30,0,0.2,137.29442596435547,0,SUCCESS
balance,60004,act_noise,1,30,1,0.2,137.1438446044922,0,SUCCESS
balance,60004,act_noise,1,30,2,0.2,137.04045867919922,0,SUCCESS
balance,60004,act_noise,1,50,0,0.2,137.23187255859375,0,SUCCESS
balance,60004,act_noise,1,50,1,0.2,137.13697814941406,0,SUCCESS
balance,60004,act_noise,1,50,2,0.2,137.0427703857422,0,SUCCESS
balance,60004,act_noise,1,70,0,0.2,137.20662689208984,0,SUCCESS
balance,60004,act_noise,1,70,1,0.2,137.10999298095703,0,SUCCESS
balance,60004,act_noise,1,70,2,0.2,137.01644897460938,0,SUCCESS
balance,60004,act_noise,1,90,0,0.2,137.89080047607422,0,SUCCESS
balance,60004,act_noise,1,90,1,0.2,137.86768341064453,0,SUCCESS
balance,60004,act_noise,1,90,2,0.2,137.85033416748047,0,SUCCESS
balance,60004,dropout,0,10,0,1.0,130.69178009033203,0,SUCCESS
balance,60004,dropout,0,10,0|1,1.0,122.23805236816406,0,SUCCESS
balance,60004,dropout,0,10,0|2,1.0,121.21927642822266,0,SUCCESS
balance,60004,dropout,0,10,1,1.0,129.23922729492188,0,SUCCESS
balance,60004,dropout,0,10,1|2,1.0,118.6728515625,0,SUCCESS
balance,60004,dropout,0,10,2,1.0,128.4100112915039,0,SUCCESS
balance,60004,dropout,0,30,0,1.0,130.7274398803711,0,SUCCESS
balance,60004,dropout,0,30,0|1,1.0,122.7527847290039,0,SUCCESS
balance,60004,dropout,0,30,0|2,1.0,121.894775390625,0,SUCCESS
balance,60004,dropout,0,30,1,1.0,130.4395294189453,0,SUCCESS
balance,60004,dropout,0,30,1|2,1.0,121.55369567871094,0,SUCCESS
balance,60004,dropout,0,30,2,1.0,129.77943420410156,0,SUCCESS
balance,60004,dropout,0,50,0,1.0,130.75586700439453,0,SUCCESS
balance,60004,dropout,0,50,0|1,1.0,122.89306640625,0,SUCCESS
balance,60004,dropout,0,50,0|2,1.0,122.5447998046875,0,SUCCESS
balance,60004,dropout,0,50,1,1.0,130.58560180664062,0,SUCCESS
balance,60004,dropout,0,50,1|2,1.0,122.233154296875,0,SUCCESS
balance,60004,dropout,0,50,2,1.0,130.23351287841797,0,SUCCESS
balance,60004,dropout,0,70,0,1.0,131.05272674560547,0,SUCCESS
balance,60004,dropout,0,70,0|1,1.0,123.38578033447266,0,SUCCESS
balance,60004,dropout,0,70,0|2,1.0,123.10823822021484,0,SUCCESS
balance,60004,dropout,0,70,1,1.0,130.8687744140625,0,SUCCESS
balance,60004,dropout,0,70,1|2,1.0,122.67059326171875,0,SUCCESS
balance,60004,dropout,0,70,2,1.0,130.44406127929688,0,SUCCESS
balance,60004,dropout,0,90,0,1.0,135.29903411865234,0,SUCCESS
balance,60004,dropout,0,90,0|1,1.0,131.23928833007812,0,SUCCESS
balance,60004,dropout,0,90,0|2,1.0,130.19984436035156,0,SUCCESS
balance,60004,dropout,0,90,1,1.0,134.60918426513672,0,SUCCESS
balance,60004,dropout,0,90,1|2,1.0,129.359619140625,0,SUCCESS
balance,60004,dropout,0,90,2,1.0,133.54483795166016,0,SUCCESS
balance,60004,obs_noise,0,10,0,0.05,137.78917694091797,0,SUCCESS
balance,60004,obs_noise,0,10,0|1,0.05,137.92705535888672,0,SUCCESS
balance,60004,obs_noise,0,10,0|2,0.05,138.05463409423828,0,SUCCESS
balance,60004,obs_noise,0,10,1,0.05,137.91771697998047,0,SUCCESS
balance,60004,obs_noise,0,10,1|2,0.05,138.49861907958984,0,SUCCESS
balance,60004,obs_noise,0,10,2,0.05,138.06493377685547,0,SUCCESS
balance,60004,obs_noise,0,30,0,0.05,138.0231170654297,0,SUCCESS
balance,60004,obs_noise,0,30,0|1,0.05,138.46389770507812,0,SUCCESS
balance,60004,obs_noise,0,30,0|2,0.05,138.5548553466797,0,SUCCESS
balance,60004,obs_noise,0,30,1,0.05,138.09642791748047,0,SUCCESS
balance,60004,obs_noise,0,30,1|2,0.05,138.67581939697266,0,SUCCESS
balance,60004,obs_noise,0,30,2,0.05,138.17996978759766,0,SUCCESS
balance,60004,obs_noise,0,50,0,0.05,137.97537231445312,0,SUCCESS
balance,60004,obs_noise,0,50,0|1,0.05,138.54318237304688,0,SUCCESS
balance,60004,obs_noise,0,50,0|2,0.05,138.6237030029297,0,SUCCESS
balance,60004,obs_noise,0,50,1,0.05,138.076904296875,0,SUCCESS
balance,60004,obs_noise,0,50,1|2,0.05,138.77794647216797,0,SUCCESS
balance,60004,obs_noise,0,50,2,0.05,138.16344451904297,0,SUCCESS
balance,60004,obs_noise,0,70,0,0.05,138.04541015625,0,SUCCESS
balance,60004,obs_noise,0,70,0|1,0.05,138.92227935791016,0,SUCCESS
balance,60004,obs_noise,0,70,0|2,0.05,139.00277709960938,0,SUCCESS
balance,60004,obs_noise,0,70,1,0.05,138.18660736083984,0,SUCCESS
balance,60004,obs_noise,0,70,1|2,0.05,139.11300659179688,0,SUCCESS
balance,60004,obs_noise,0,70,2,0.05,138.2497329711914,0,SUCCESS
balance,60004,obs_noise,0,90,0,0.05,138.14593505859375,0,SUCCESS
balance,60004,obs_noise,0,90,0|1,0.05,137.9410171508789,0,SUCCESS
balance,60004,obs_noise,0,90,0|2,0.05,137.8985595703125,0,SUCCESS
balance,60004,obs_noise,0,90,1,0.05,138.1010971069336,0,SUCCESS
balance,60004,obs_noise,0,90,1|2,0.05,137.8256378173828,0,SUCCESS
balance,60004,obs_noise,0,90,2,0.05,138.05261993408203,0,SUCCESS
balance,60004,obs_noise,1,10,0,0.1,137.1181411743164,0,SUCCESS
balance,60004,obs_noise,1,10,0|1,0.1,137.20218658447266,0,SUCCESS
balance,60004,obs_noise,1,10,0|2,0.1,137.60458374023438,0,SUCCESS
balance,60004,obs_noise,1,10,1,0.1,137.5832748413086,0,SUCCESS
balance,60004,obs_noise,1,10,1|2,0.1,138.4192657470703,0,SUCCESS
balance,60004,obs_noise,1,10,2,0.1,138.0948028564453,0,SUCCESS
balance,60004,obs_noise,1,30,0,0.1,137.80089569091797,0,SUCCESS
balance,60004,obs_noise,1,30,0|1,0.1,138.479736328125,0,SUCCESS
balance,60004,obs_noise,1,30,0|2,0.1,138.73542022705078,0,SUCCESS
balance,60004,obs_noise,1,30,1,0.1,138.02288818359375,0,SUCCESS
balance,60004,obs_noise,1,30,1|2,0.1,139.05036163330078,0,SUCCESS
balance,60004,obs_noise,1,30,2,0.1,138.2442626953125,0,SUCCESS
balance,60004,obs_noise,1,50,0,0.1,137.77743530273438,0,SUCCESS
balance,60004,obs_noise,1,50,0|1,0.1,138.67112731933594,0,SUCCESS
balance,60004,obs_noise,1,50,0|2,0.1,138.90950775146484,0,SUCCESS
balance,60004,obs_noise,1,50,1,0.1,138.0439682006836,0,SUCCESS
balance,60004,obs_noise,1,50,1|2,0.1,139.22193145751953,0,SUCCESS
balance,60004,obs_noise,1,50,2,0.1,138.2460708618164,0,SUCCESS
balance,60004,obs_noise,1,70,0,0.1,138.00375366210938,0,SUCCESS
balance,60004,obs_noise,1,70,0|1,0.1,139.51519775390625,0,SUCCESS
balance,60004,obs_noise,1,70,0|2,0.1,139.74371337890625,0,SUCCESS
balance,60004,obs_noise,1,70,1,0.1,138.33679962158203,0,SUCCESS
balance,60004,obs_noise,1,70,1|2,0.1,140.06295776367188,0,SUCCESS
balance,60004,obs_noise,1,70,2,0.1,138.5053253173828,0,SUCCESS
balance,60004,obs_noise,1,90,0,0.1,138.15886688232422,0,SUCCESS
balance,60004,obs_noise,1,90,0|1,0.1,137.62106323242188,0,SUCCESS
balance,60004,obs_noise,1,90,0|2,0.1,137.45755004882812,0,SUCCESS
balance,60004,obs_noise,1,90,1,0.1,138.04969024658203,0,SUCCESS
balance,60004,obs_noise,1,90,1|2,0.1,137.33370208740234,0,SUCCESS
balance,60004,obs_noise,1,90,2,0.1,137.91197204589844,0,SUCCESS
balance,60004,obs_noise,2,10,0,0.2,135.7327880859375,0,SUCCESS
balance,60004,obs_noise,2,10,0|1,0.2,135.56007385253906,0,SUCCESS
balance,60004,obs_noise,2,10,0|2,0.2,136.2100067138672,0,SUCCESS
balance,60004,obs_noise,2,10,1,0.2,136.77202606201172,0,SUCCESS
balance,60004,obs_noise,2,10,1|2,0.2,137.54761505126953,0,SUCCESS
balance,60004,obs_noise,2,10,2,0.2,137.6568832397461,0,SUCCESS
balance,60004,obs_noise,2,30,0,0.2,137.08618927001953,0,SUCCESS
balance,60004,obs_noise,2,30,0|1,0.2,137.82337188720703,0,SUCCESS
balance,60004,obs_noise,2,30,0|2,0.2,138.31029510498047,0,SUCCESS
balance,60004,obs_noise,2,30,1,0.2,137.5539779663086,0,SUCCESS
balance,60004,obs_noise,2,30,1|2,0.2,138.7529296875,0,SUCCESS
balance,60004,obs_noise,2,30,2,0.2,137.92444610595703,0,SUCCESS
balance,60004,obs_noise,2,50,0,0.2,137.02906036376953,0,SUCCESS
balance,60004,obs_noise,2,50,0|1,0.2,137.80854034423828,0,SUCCESS
balance,60004,obs_noise,2,50,0|2,0.2,138.21366119384766,0,SUCCESS
balance,60004,obs_noise,2,50,1,0.2,137.42550659179688,0,SUCCESS
balance,60004,obs_noise,2,50,1|2,0.2,138.70154571533203,0,SUCCESS
balance,60004,obs_noise,2,50,2,0.2,137.7274932861328,0,SUCCESS
balance,60004,obs_noise,2,70,0,0.2,137.4964599609375,0,SUCCESS
balance,60004,obs_noise,2,70,0|1,0.2,139.2523956298828,0,SUCCESS
balance,60004,obs_noise,2,70,0|2,0.2,139.55877685546875,0,SUCCESS
balance,60004,obs_noise,2,70,1,0.2,137.9553451538086,0,SUCCESS
balance,60004,obs_noise,2,70,1|2,0.2,140.12155151367188,0,SUCCESS
balance,60004,obs_noise,2,70,2,0.2,138.20418548583984,0,SUCCESS
balance,60004,obs_noise,2,90,0,0.2,138.1046905517578,0,SUCCESS
balance,60004,obs_noise,2,90,0|1,0.2,136.68836975097656,0,SUCCESS
balance,60004,obs_noise,2,90,0|2,0.2,136.26770782470703,0,SUCCESS
balance,60004,obs_noise,2,90,1,0.2,137.89954376220703,0,SUCCESS
balance,60004,obs_noise,2,90,1|2,0.2,135.89746856689453,0,SUCCESS
balance,60004,obs_noise,2,90,2,0.2,137.6220245361328,0,SUCCESS
balance,60004,obs_noise,3,10,0,0.4,134.28964233398438,0,SUCCESS
balance,60004,obs_noise,3,10,0|1,0.4,132.45098876953125,0,SUCCESS
balance,60004,obs_noise,3,10,0|2,0.4,132.6390609741211,0,SUCCESS
balance,60004,obs_noise,3,10,1,0.4,135.06568908691406,0,SUCCESS
balance,60004,obs_noise,3,10,1|2,0.4,134.36050415039062,0,SUCCESS
balance,60004,obs_noise,3,10,2,0.4,135.8540496826172,0,SUCCESS
balance,60004,obs_noise,3,30,0,0.4,135.7024383544922,0,SUCCESS
balance,60004,obs_noise,3,30,0|1,0.4,135.4329071044922,0,SUCCESS
balance,60004,obs_noise,3,30,0|2,0.4,135.4496841430664,0,SUCCESS
balance,60004,obs_noise,3,30,1,0.4,136.0096893310547,0,SUCCESS
balance,60004,obs_noise,3,30,1|2,0.4,136.0967559814453,0,SUCCESS
balance,60004,obs_noise,3,30,2,0.4,136.4230499267578,0,SUCCESS
balance,60004,obs_noise,3,50,0,0.4,135.43240356445312,0,SUCCESS
balance,60004,obs_noise,3,50,0|1,0.4,135.05513763427734,0,SUCCESS
balance,60004,obs_noise,3,50,0|2,0.4,134.59872436523438,0,SUCCESS
balance,60004,obs_noise,3,50,1,0.4,135.7950439453125,0,SUCCESS
balance,60004,obs_noise,3,50,1|2,0.4,135.2603530883789,0,SUCCESS
balance,60004,obs_noise,3,50,2,0.4,136.00538635253906,0,SUCCESS
balance,60004,obs_noise,3,70,0,0.4,136.00733184814453,0,SUCCESS
balance,60004,obs_noise,3,70,0|1,0.4,136.24923706054688,0,SUCCESS
balance,60004,obs_noise,3,70,0|2,0.4,136.12195587158203,0,SUCCESS
balance,60004,obs_noise,3,70,1,0.4,136.45301055908203,0,SUCCESS
balance,60004,obs_noise,3,70,1|2,0.4,136.9900131225586,0,SUCCESS
balance,60004,obs_noise,3,70,2,0.4,136.5607452392578,0,SUCCESS
balance,60004,obs_noise,3,90,0,0.4,137.62195587158203,0,SUCCESS
balance,60004,obs_noise,3,90,0|1,0.4,135.76931762695312,0,SUCCESS
balance,60004,obs_noise,3,90,0|2,0.4,134.16693878173828,0,SUCCESS
balance,60004,obs_noise,3,90,1,0.4,137.20960235595703,0,SUCCESS
balance,60004,obs_noise,3,90,1|2,0.4,134.0742645263672,0,SUCCESS
balance,60004,obs_noise,3,90,2,0.4,136.63135528564453,0,SUCCESS
balance,60005,act_delay,0,10,0,1.0,72.22645568847656,1,SUCCESS
balance,60005,act_delay,0,10,1,1.0,72.22645568847656,1,SUCCESS
balance,60005,act_delay,0,10,2,1.0,72.22645568847656,1,SUCCESS
balance,60005,act_delay,0,30,0,1.0,72.22645568847656,1,SUCCESS
balance,60005,act_delay,0,30,1,1.0,72.22645568847656,1,SUCCESS
balance,60005,act_delay,0,30,2,1.0,72.22645568847656,1,SUCCESS
balance,60005,act_delay,0,50,0,1.0,72.22645568847656,1,SUCCESS
balance,60005,act_delay,0,50,1,1.0,72.22645568847656,1,SUCCESS
balance,60005,act_delay,0,50,2,1.0,72.22645568847656,1,SUCCESS
balance,60005,act_delay,0,70,0,1.0,72.22645568847656,1,SUCCESS
balance,60005,act_delay,0,70,1,1.0,72.22645568847656,1,SUCCESS
balance,60005,act_delay,0,70,2,1.0,72.22645568847656,1,SUCCESS
balance,60005,act_delay,0,90,0,1.0,72.22645568847656,1,SUCCESS
balance,60005,act_delay,0,90,1,1.0,72.22645568847656,1,SUCCESS
balance,60005,act_delay,0,90,2,1.0,72.22645568847656,1,SUCCESS
balance,60005,act_drop,0,10,0,0.1,68.31362915039062,1,SUCCESS
balance,60005,act_drop,0,10,1,0.1,68.85671997070312,1,SUCCESS
balance,60005,act_drop,0,10,2,0.1,64.26502990722656,1,SUCCESS
balance,60005,act_drop,0,30,0,0.1,70.45230102539062,1,SUCCESS
balance,60005,act_drop,0,30,1,0.1,68.74310302734375,1,SUCCESS
balance,60005,act_drop,0,30,2,0.1,67.04548645019531,1,SUCCESS
balance,60005,act_drop,0,50,0,0.1,72.08436584472656,1,SUCCESS
balance,60005,act_drop,0,50,1,0.1,70.33854675292969,1,SUCCESS
balance,60005,act_drop,0,50,2,0.1,68.66587829589844,1,SUCCESS
balance,60005,act_drop,0,70,0,0.1,72.22645568847656,1,SUCCESS
balance,60005,act_drop,0,70,1,0.1,72.22645568847656,1,SUCCESS
balance,60005,act_drop,0,70,2,0.1,72.22645568847656,1,SUCCESS
balance,60005,act_drop,0,90,0,0.1,72.22645568847656,1,SUCCESS
balance,60005,act_drop,0,90,1,0.1,72.22645568847656,1,SUCCESS
balance,60005,act_drop,0,90,2,0.1,72.22645568847656,1,SUCCESS
balance,60005,act_drop,1,10,0,0.3,65.9912109375,1,SUCCESS
balance,60005,act_drop,1,10,1,0.3,60.384063720703125,1,SUCCESS
balance,60005,act_drop,1,10,2,0.3,54.21720886230469,1,SUCCESS
balance,60005,act_drop,1,30,0,0.3,65.111572265625,1,SUCCESS
balance,60005,act_drop,1,30,1,0.3,60.06047058105469,1,SUCCESS
balance,60005,act_drop,1,30,2,0.3,56.9051513671875,1,SUCCESS
balance,60005,act_drop,1,50,0,0.3,66.05433654785156,1,SUCCESS
balance,60005,act_drop,1,50,1,0.3,64.69052124023438,1,SUCCESS
balance,60005,act_drop,1,50,2,0.3,59.74113464355469,1,SUCCESS
balance,60005,act_drop,1,70,0,0.3,73.69660949707031,1,SUCCESS
balance,60005,act_drop,1,70,1,0.3,72.5042724609375,1,SUCCESS
balance,60005,act_drop,1,70,2,0.3,69.67726135253906,1,SUCCESS
balance,60005,act_drop,1,90,0,0.3,72.22645568847656,1,SUCCESS
balance,60005,act_drop,1,90,1,0.3,72.22645568847656,1,SUCCESS
balance,60005,act_drop,1,90,2,0.3,72.22645568847656,1,SUCCESS
balance,60005,act_noise,0,10,0,0.05,70.44630432128906,1,SUCCESS
balance,60005,act_noise,0,10,1,0.05,70.42799377441406,1,SUCCESS
balance,60005,act_noise,0,10,2,0.05,70.50357055664062,1,SUCCESS
balance,60005,act_noise,0,30,0,0.05,70.46397399902344,1,SUCCESS
balance,60005,act_noise,0,30,1,0.05,70.46131896972656,1,SUCCESS
balance,60005,act_noise,0,30,2,0.05,70.46214294433594,1,SUCCESS
balance,60005,act_noise,0,50,0,0.05,70.23770141601562,1,SUCCESS
balance,60005,act_noise,0,50,1,0.05,70.27024841308594,1,SUCCESS
balance,60005,act_noise,0,50,2,0.05,70.30375671386719,1,SUCCESS
balance,60005,act_noise,0,70,0,0.05,72.08349609375,1,SUCCESS
balance,60005,act_noise,0,70,1,0.05,72.10038757324219,1,SUCCESS
balance,60005,act_noise,0,70,2,0.05,72.11746215820312,1,SUCCESS
balance,60005,act_noise,0,90,0,0.05,72.22645568847656,1,SUCCESS
balance,60005,act_noise,0,90,1,0.05,72.22645568847656,1,SUCCESS
balance,60005,act_noise,0,90,2,0.05,72.22645568847656,1,SUCCESS
balance,60005,act_noise,1,10,0,0.2,66.78089904785156,1,SUCCESS
balance,60005,act_noise,1,10,1,0.2,66.93296813964844,1,SUCCESS
balance,60005,act_noise,1,10,2,0.2,68.70149230957031,1,SUCCESS
balance,60005,act_noise,1,30,0,0.2,64.83549499511719,1,SUCCESS
balance,60005,act_noise,1,30,1,0.2,64.95858764648438,1,SUCCESS
balance,60005,act_noise,1,30,2,0.2,63.10514831542969,1,SUCCESS
balance,60005,act_noise,1,50,0,0.2,65.85282897949219,1,SUCCESS
balance,60005,act_noise,1,50,1,0.2,64.04365539550781,1,SUCCESS
balance,60005,act_noise,1,50,2,0.2,64.18583679199219,1,SUCCESS
balance,60005,act_noise,1,70,0,0.2,71.69696044921875,1,SUCCESS
balance,60005,act_noise,1,70,1,0.2,71.76242065429688,1,SUCCESS
balance,60005,act_noise,1,70,2,0.2,71.82334899902344,1,SUCCESS
balance,60005,act_noise,1,90,0,0.2,72.22645568847656,1,SUCCESS
balance,60005,act_noise,1,90,1,0.2,72.22645568847656,1,SUCCESS
balance,60005,act_noise,1,90,2,0.2,72.22645568847656,1,SUCCESS
balance,60005,dropout,0,10,0,1.0,59.447296142578125,1,SUCCESS
balance,60005,dropout,0,10,0|1,1.0,58.485809326171875,1,SUCCESS
balance,60005,dropout,0,10,0|2,1.0,60.20823669433594,1,SUCCESS
balance,60005,dropout,0,10,1,1.0,62.83140563964844,1,SUCCESS
balance,60005,dropout,0,10,1|2,1.0,60.0831298828125,1,SUCCESS
balance,60005,dropout,0,10,2,1.0,63.92449951171875,1,SUCCESS
balance,60005,dropout,0,30,0,1.0,54.11393737792969,1,SUCCESS
balance,60005,dropout,0,30,0|1,1.0,38.80128479003906,1,SUCCESS
balance,60005,dropout,0,30,0|2,1.0,34.088104248046875,1,SUCCESS
balance,60005,dropout,0,30,1,1.0,58.66841125488281,1,SUCCESS
balance,60005,dropout,0,30,1|2,1.0,31.124221801757812,1,SUCCESS
balance,60005,dropout,0,30,2,1.0,48.0501708984375,1,SUCCESS
balance,60005,dropout,0,50,0,1.0,60.758148193359375,1,SUCCESS
balance,60005,dropout,0,50,0|1,1.0,48.69731140136719,1,SUCCESS
balance,60005,dropout,0,50,0|2,1.0,44.02386474609375,1,SUCCESS
balance,60005,dropout,0,50,1,1.0,58.13580322265625,1,SUCCESS
balance,60005,dropout,0,50,1|2,1.0,36.492095947265625,1,SUCCESS
balance,60005,dropout,0,50,2,1.0,47.00152587890625,1,SUCCESS
balance,60005,dropout,0,70,0,1.0,73.13923645019531,1,SUCCESS
balance,60005,dropout,0,70,0|1,1.0,68.99995422363281,1,SUCCESS
balance,60005,dropout,0,70,0|2,1.0,68.03182983398438,1,SUCCESS
balance,60005,dropout,0,70,1,1.0,70.08595275878906,1,SUCCESS
balance,60005,dropout,0,70,1|2,1.0,67.33245849609375,1,SUCCESS
balance,60005,dropout,0,70,2,1.0,69.04824829101562,1,SUCCESS
balance,60005,dropout,0,90,0,1.0,72.22645568847656,1,SUCCESS
balance,60005,dropout,0,90,0|1,1.0,72.22645568847656,1,SUCCESS
balance,60005,dropout,0,90,0|2,1.0,72.22645568847656,1,SUCCESS
balance,60005,dropout,0,90,1,1.0,72.22645568847656,1,SUCCESS
balance,60005,dropout,0,90,1|2,1.0,72.22645568847656,1,SUCCESS
balance,60005,dropout,0,90,2,1.0,72.22645568847656,1,SUCCESS
balance,60005,obs_noise,0,10,0,0.05,72.15325927734375,1,SUCCESS
balance,60005,obs_noise,0,10,0|1,0.05,62.65008544921875,1,SUCCESS
balance,60005,obs_noise,0,10,0|2,0.05,66.04060363769531,1,SUCCESS
balance,60005,obs_noise,0,10,1,0.05,73.7398681640625,1,SUCCESS
balance,60005,obs_noise,0,10,1|2,0.05,69.35897827148438,1,SUCCESS
balance,60005,obs_noise,0,10,2,0.05,71.8751220703125,1,SUCCESS
balance,60005,obs_noise,0,30,0,0.05,70.45857238769531,1,SUCCESS
balance,60005,obs_noise,0,30,0|1,0.05,53.41886901855469,1,SUCCESS
balance,60005,obs_noise,0,30,0|2,0.05,55.24186706542969,1,SUCCESS
balance,60005,obs_noise,0,30,1,0.05,70.33753967285156,1,SUCCESS
balance,60005,obs_noise,0,30,1|2,0.05,55.11735534667969,1,SUCCESS
balance,60005,obs_noise,0,30,2,0.05,72.11924743652344,1,SUCCESS
balance,60005,obs_noise,0,50,0,0.05,68.22427368164062,1,SUCCESS
balance,60005,obs_noise,0,50,0|1,0.05,59.92021179199219,1,SUCCESS
balance,60005,obs_noise,0,50,0|2,0.05,60.01268005371094,1,SUCCESS
balance,60005,obs_noise,0,50,1,0.05,70.22012329101562,1,SUCCESS
balance,60005,obs_noise,0,50,1|2,0.05,58.34893798828125,1,SUCCESS
balance,60005,obs_noise,0,50,2,0.05,70.25033569335938,1,SUCCESS
balance,60005,obs_noise,0,70,0,0.05,71.97102355957031,1,SUCCESS
balance,60005,obs_noise,0,70,0|1,0.05,71.92291259765625,1,SUCCESS
balance,60005,obs_noise,0,70,0|2,0.05,71.91412353515625,1,SUCCESS
balance,60005,obs_noise,0,70,1,0.05,71.99125671386719,1,SUCCESS
balance,60005,obs_noise,0,70,1|2,0.05,71.96475219726562,1,SUCCESS
balance,60005,obs_noise,0,70,2,0.05,72.02078247070312,1,SUCCESS
balance,60005,obs_noise,0,90,0,0.05,72.22645568847656,1,SUCCESS
balance,60005,obs_noise,0,90,0|1,0.05,72.22645568847656,1,SUCCESS
balance,60005,obs_noise,0,90,0|2,0.05,72.22645568847656,1,SUCCESS
balance,60005,obs_noise,0,90,1,0.05,72.22645568847656,1,SUCCESS
balance,60005,obs_noise,0,90,1|2,0.05,72.22645568847656,1,SUCCESS
balance,60005,obs_noise,0,90,2,0.05,72.22645568847656,1,SUCCESS
balance,60005,obs_noise,1,10,0,0.1,71.70455932617188,1,SUCCESS
balance,60005,obs_noise,1,10,0|1,0.1,59.11175537109375,1,SUCCESS
balance,60005,obs_noise,1,10,0|2,0.1,64.23440551757812,1,SUCCESS
balance,60005,obs_noise,1,10,1,0.1,73.14601135253906,1,SUCCESS
balance,60005,obs_noise,1,10,1|2,0.1,70.92210388183594,1,SUCCESS
balance,60005,obs_noise,1,10,2,0.1,74.70602416992188,1,SUCCESS
balance,60005,obs_noise,1,30,0,0.1,66.65093994140625,1,SUCCESS
balance,60005,obs_noise,1,30,0|1,0.1,42.71466064453125,1,SUCCESS
balance,60005,obs_noise,1,30,0|2,0.1,44.60316467285156,1,SUCCESS
balance,60005,obs_noise,1,30,1,0.1,68.31362915039062,1,SUCCESS
balance,60005,obs_noise,1,30,1|2,0.1,46.201904296875,1,SUCCESS
balance,60005,obs_noise,1,30,2,0.1,71.90213012695312,1,SUCCESS
balance,60005,obs_noise,1,50,0,0.1,65.65878295898438,1,SUCCESS
balance,60005,obs_noise,1,50,0|1,0.1,55.121063232421875,1,SUCCESS
balance,60005,obs_noise,1,50,0|2,0.1,55.45184326171875,1,SUCCESS
balance,60005,obs_noise,1,50,1,0.1,65.86770629882812,1,SUCCESS
balance,60005,obs_noise,1,50,1|2,0.1,53.62376403808594,1,SUCCESS
balance,60005,obs_noise,1,50,2,0.1,68.0357666015625,1,SUCCESS
balance,60005,obs_noise,1,70,0,0.1,71.70112609863281,1,SUCCESS
balance,60005,obs_noise,1,70,0|1,0.1,71.59025573730469,1,SUCCESS
balance,60005,obs_noise,1,70,0|2,0.1,71.59396362304688,1,SUCCESS
balance,60005,obs_noise,1,70,1,0.1,71.77775573730469,1,SUCCESS
balance,60005,obs_noise,1,70,1|2,0.1,71.71481323242188,1,SUCCESS
balance,60005,obs_noise,1,70,2,0.1,69.95223999023438,1,SUCCESS
balance,60005,obs_noise,1,90,0,0.1,72.22645568847656,1,SUCCESS
balance,60005,obs_noise,1,90,0|1,0.1,72.22645568847656,1,SUCCESS
balance,60005,obs_noise,1,90,0|2,0.1,72.22645568847656,1,SUCCESS
balance,60005,obs_noise,1,90,1,0.1,72.22645568847656,1,SUCCESS
balance,60005,obs_noise,1,90,1|2,0.1,72.22645568847656,1,SUCCESS
balance,60005,obs_noise,1,90,2,0.1,72.22645568847656,1,SUCCESS
balance,60005,obs_noise,2,10,0,0.2,68.60444641113281,1,SUCCESS
balance,60005,obs_noise,2,10,0|1,0.2,60.16328430175781,1,SUCCESS
balance,60005,obs_noise,2,10,0|2,0.2,67.00675964355469,1,SUCCESS
balance,60005,obs_noise,2,10,1,0.2,71.76008605957031,1,SUCCESS
balance,60005,obs_noise,2,10,1|2,0.2,75.25845336914062,1,SUCCESS
balance,60005,obs_noise,2,10,2,0.2,77.22340393066406,1,SUCCESS
balance,60005,obs_noise,2,30,0,0.2,60.079559326171875,1,SUCCESS
balance,60005,obs_noise,2,30,0|1,0.2,36.674652099609375,1,SUCCESS
balance,60005,obs_noise,2,30,0|2,0.2,38.6484375,1,SUCCESS
balance,60005,obs_noise,2,30,1,0.2,63.679412841796875,1,SUCCESS
balance,60005,obs_noise,2,30,1|2,0.2,40.181304931640625,1,SUCCESS
balance,60005,obs_noise,2,30,2,0.2,67.23344421386719,1,SUCCESS
balance,60005,obs_noise,2,50,0,0.2,62.09898376464844,1,SUCCESS
balance,60005,obs_noise,2,50,0|1,0.2,52.87559509277344,1,SUCCESS
balance,60005,obs_noise,2,50,0|2,0.2,49.85417175292969,1,SUCCESS
balance,60005,obs_noise,2,50,1,0.2,62.62605285644531,1,SUCCESS
balance,60005,obs_noise,2,50,1|2,0.2,50.048675537109375,1,SUCCESS
balance,60005,obs_noise,2,50,2,0.2,63.110687255859375,1,SUCCESS
balance,60005,obs_noise,2,70,0,0.2,71.50469970703125,1,SUCCESS
balance,60005,obs_noise,2,70,0|1,0.2,71.27787780761719,1,SUCCESS
balance,60005,obs_noise,2,70,0|2,0.2,71.32525634765625,1,SUCCESS
balance,60005,obs_noise,2,70,1,0.2,71.62225341796875,1,SUCCESS
balance,60005,obs_noise,2,70,1|2,0.2,71.49224853515625,1,SUCCESS
balance,60005,obs_noise,2,70,2,0.2,69.8631591796875,1,SUCCESS
balance,60005,obs_noise,2,90,0,0.2,72.22645568847656,1,SUCCESS
balance,60005,obs_noise,2,90,0|1,0.2,72.22645568847656,1,SUCCESS
balance,60005,obs_noise,2,90,0|2,0.2,72.22645568847656,1,SUCCESS
balance,60005,obs_noise,2,90,1,0.2,72.22645568847656,1,SUCCESS
balance,60005,obs_noise,2,90,1|2,0.2,72.22645568847656,1,SUCCESS
balance,60005,obs_noise,2,90,2,0.2,72.22645568847656,1,SUCCESS
balance,60005,obs_noise,3,10,0,0.4,67.02236938476562,1,SUCCESS
balance,60005,obs_noise,3,10,0|1,0.4,58.59516906738281,1,SUCCESS
balance,60005,obs_noise,3,10,0|2,0.4,69.44512939453125,1,SUCCESS
balance,60005,obs_noise,3,10,1,0.4,72.05950927734375,1,SUCCESS
balance,60005,obs_noise,3,10,1|2,0.4,79.20487976074219,1,SUCCESS
balance,60005,obs_noise,3,10,2,0.4,81.74510192871094,1,SUCCESS
balance,60005,obs_noise,3,30,0,0.4,57.21885681152344,1,SUCCESS
balance,60005,obs_noise,3,30,0|1,0.4,31.772140502929688,1,SUCCESS
balance,60005,obs_noise,3,30,0|2,0.4,33.712738037109375,1,SUCCESS
balance,60005,obs_noise,3,30,1,0.4,59.00367736816406,1,SUCCESS
balance,60005,obs_noise,3,30,1|2,0.4,37.408172607421875,1,SUCCESS
balance,60005,obs_noise,3,30,2,0.4,64.37429809570312,1,SUCCESS
balance,60005,obs_noise,3,50,0,0.4,62.29701232910156,1,SUCCESS
balance,60005,obs_noise,3,50,0|1,0.4,50.671875,1,SUCCESS
balance,60005,obs_noise,3,50,0|2,0.4,50.173736572265625,1,SUCCESS
balance,60005,obs_noise,3,50,1,0.4,61.39324951171875,1,SUCCESS
balance,60005,obs_noise,3,50,1|2,0.4,49.01655578613281,1,SUCCESS
balance,60005,obs_noise,3,50,2,0.4,60.34684753417969,1,SUCCESS
balance,60005,obs_noise,3,70,0,0.4,72.82177734375,1,SUCCESS
balance,60005,obs_noise,3,70,0|1,0.4,72.07708740234375,1,SUCCESS
balance,60005,obs_noise,3,70,0|2,0.4,70.66653442382812,1,SUCCESS
balance,60005,obs_noise,3,70,1,0.4,71.31587219238281,1,SUCCESS
balance,60005,obs_noise,3,70,1|2,0.4,70.96568298339844,1,SUCCESS
balance,60005,obs_noise,3,70,2,0.4,69.69181823730469,1,SUCCESS
balance,60005,obs_noise,3,90,0,0.4,72.22645568847656,1,SUCCESS
balance,60005,obs_noise,3,90,0|1,0.4,72.22645568847656,1,SUCCESS
balance,60005,obs_noise,3,90,0|2,0.4,72.22645568847656,1,SUCCESS
balance,60005,obs_noise,3,90,1,0.4,72.22645568847656,1,SUCCESS
balance,60005,obs_noise,3,90,1|2,0.4,72.22645568847656,1,SUCCESS
balance,60005,obs_noise,3,90,2,0.4,72.22645568847656,1,SUCCESS
balance,60006,act_delay,0,10,0,1.0,120.5950927734375,0,SUCCESS
balance,60006,act_delay,0,10,1,1.0,120.5950927734375,0,SUCCESS
balance,60006,act_delay,0,10,2,1.0,120.5950927734375,0,SUCCESS
balance,60006,act_delay,0,30,0,1.0,120.5950927734375,0,SUCCESS
balance,60006,act_delay,0,30,1,1.0,120.5950927734375,0,SUCCESS
balance,60006,act_delay,0,30,2,1.0,120.5950927734375,0,SUCCESS
balance,60006,act_delay,0,50,0,1.0,120.5950927734375,0,SUCCESS
balance,60006,act_delay,0,50,1,1.0,120.5950927734375,0,SUCCESS
balance,60006,act_delay,0,50,2,1.0,120.5950927734375,0,SUCCESS
balance,60006,act_delay,0,70,0,1.0,120.5950927734375,0,SUCCESS
balance,60006,act_delay,0,70,1,1.0,120.5950927734375,0,SUCCESS
balance,60006,act_delay,0,70,2,1.0,120.5950927734375,0,SUCCESS
balance,60006,act_delay,0,90,0,1.0,120.5950927734375,0,SUCCESS
balance,60006,act_delay,0,90,1,1.0,120.5950927734375,0,SUCCESS
balance,60006,act_delay,0,90,2,1.0,120.5950927734375,0,SUCCESS
balance,60006,act_drop,0,10,0,0.1,120.0347900390625,0,SUCCESS
balance,60006,act_drop,0,10,1,0.1,119.9443130493164,0,SUCCESS
balance,60006,act_drop,0,10,2,0.1,119.73424530029297,0,SUCCESS
balance,60006,act_drop,0,30,0,0.1,119.96894073486328,0,SUCCESS
balance,60006,act_drop,0,30,1,0.1,119.94007873535156,0,SUCCESS
balance,60006,act_drop,0,30,2,0.1,119.8879165649414,0,SUCCESS
balance,60006,act_drop,0,50,0,0.1,120.00997924804688,0,SUCCESS
balance,60006,act_drop,0,50,1,0.1,119.97358703613281,0,SUCCESS
balance,60006,act_drop,0,50,2,0.1,119.93179321289062,0,SUCCESS
balance,60006,act_drop,0,70,0,0.1,119.9886245727539,0,SUCCESS
balance,60006,act_drop,0,70,1,0.1,119.96678924560547,0,SUCCESS
balance,60006,act_drop,0,70,2,0.1,119.9351577758789,0,SUCCESS
balance,60006,act_drop,0,90,0,0.1,120.37934875488281,0,SUCCESS
balance,60006,act_drop,0,90,1,0.1,120.32251739501953,0,SUCCESS
balance,60006,act_drop,0,90,2,0.1,120.25724029541016,0,SUCCESS
balance,60006,act_drop,1,10,0,0.3,121.06885528564453,0,SUCCESS
balance,60006,act_drop,1,10,1,0.3,118.06851196289062,0,SUCCESS
balance,60006,act_drop,1,10,2,0.3,118.66284942626953,0,SUCCESS
balance,60006,act_drop,1,30,0,0.3,118.49899291992188,0,SUCCESS
balance,60006,act_drop,1,30,1,0.3,118.5860595703125,0,SUCCESS
balance,60006,act_drop,1,30,2,0.3,117.89236450195312,0,SUCCESS
balance,60006,act_drop,1,50,0,0.3,118.75582122802734,0,SUCCESS
balance,60006,act_drop,1,50,1,0.3,118.82725524902344,0,SUCCESS
balance,60006,act_drop,1,50,2,0.3,118.86380767822266,0,SUCCESS
balance,60006,act_drop,1,70,0,0.3,118.78168487548828,0,SUCCESS
balance,60006,act_drop,1,70,1,0.3,118.8299789428711,0,SUCCESS
balance,60006,act_drop,1,70,2,0.3,118.86502075195312,0,SUCCESS
balance,60006,act_drop,1,90,0,0.3,119.07133483886719,0,SUCCESS
balance,60006,act_drop,1,90,1,0.3,118.80152893066406,0,SUCCESS
balance,60006,act_drop,1,90,2,0.3,118.6460952758789,0,SUCCESS
balance,60006,act_noise,0,10,0,0.05,120.7181396484375,0,SUCCESS
balance,60006,act_noise,0,10,1,0.05,120.51464080810547,0,SUCCESS
balance,60006,act_noise,0,10,2,0.05,120.49461364746094,0,SUCCESS
balance,60006,act_noise,0,30,0,0.05,120.53750610351562,0,SUCCESS
balance,60006,act_noise,0,30,1,0.05,120.5225601196289,0,SUCCESS
balance,60006,act_noise,0,30,2,0.05,120.50546264648438,0,SUCCESS
balance,60006,act_noise,0,50,0,0.05,120.52931213378906,0,SUCCESS
balance,60006,act_noise,0,50,1,0.05,120.5196304321289,0,SUCCESS
balance,60006,act_noise,0,50,2,0.05,120.50601196289062,0,SUCCESS
balance,60006,act_noise,0,70,0,0.05,120.50656127929688,0,SUCCESS
balance,60006,act_noise,0,70,1,0.05,120.50145721435547,0,SUCCESS
balance,60006,act_noise,0,70,2,0.05,120.49919128417969,0,SUCCESS
balance,60006,act_noise,0,90,0,0.05,120.53846740722656,0,SUCCESS
balance,60006,act_noise,0,90,1,0.05,120.53594970703125,0,SUCCESS
balance,60006,act_noise,0,90,2,0.05,120.53556060791016,0,SUCCESS
balance,60006,act_noise,1,10,0,0.2,120.98590850830078,0,SUCCESS
balance,60006,act_noise,1,10,1,0.2,119.99148559570312,0,SUCCESS
balance,60006,act_noise,1,10,2,0.2,119.28195190429688,0,SUCCESS
balance,60006,act_noise,1,30,0,0.2,120.14012145996094,0,SUCCESS
balance,60006,act_noise,1,30,1,0.2,120.01890563964844,0,SUCCESS
balance,60006,act_noise,1,30,2,0.2,119.90689086914062,0,SUCCESS
balance,60006,act_noise,1,50,0,0.2,120.08930969238281,0,SUCCESS
balance,60006,act_noise,1,50,1,0.2,119.98786926269531,0,SUCCESS
balance,60006,act_noise,1,50,2,0.2,119.88988494873047,0,SUCCESS
balance,60006,act_noise,1,70,0,0.2,120.03277587890625,0,SUCCESS
balance,60006,act_noise,1,70,1,0.2,119.97019958496094,0,SUCCESS
balance,60006,act_noise,1,70,2,0.2,119.9103012084961,0,SUCCESS
balance,60006,act_noise,1,90,0,0.2,120.26502227783203,0,SUCCESS
balance,60006,act_noise,1,90,1,0.2,120.22828674316406,0,SUCCESS
balance,60006,act_noise,1,90,2,0.2,120.1944580078125,0,SUCCESS
balance,60006,dropout,0,10,0,1.0,118.30723571777344,0,SUCCESS
balance,60006,dropout,0,10,0|1,1.0,111.60667419433594,0,SUCCESS
balance,60006,dropout,0,10,0|2,1.0,105.78961944580078,0,SUCCESS
balance,60006,dropout,0,10,1,1.0,112.75174713134766,0,SUCCESS
balance,60006,dropout,0,10,1|2,1.0,99.23796844482422,0,SUCCESS
balance,60006,dropout,0,10,2,1.0,108.96688842773438,0,SUCCESS
balance,60006,dropout,0,30,0,1.0,114.41500854492188,0,SUCCESS
balance,60006,dropout,0,30,0|1,1.0,107.57752990722656,0,SUCCESS
balance,60006,dropout,0,30,0|2,1.0,106.50251770019531,0,SUCCESS
balance,60006,dropout,0,30,1,1.0,113.85072326660156,0,SUCCESS
balance,60006,dropout,0,30,1|2,1.0,103.79431915283203,0,SUCCESS
balance,60006,dropout,0,30,2,1.0,111.07427215576172,0,SUCCESS
balance,60006,dropout,0,50,0,1.0,114.47911834716797,0,SUCCESS
balance,60006,dropout,0,50,0|1,1.0,107.63072204589844,0,SUCCESS
balance,60006,dropout,0,50,0|2,1.0,106.808349609375,0,SUCCESS
balance,60006,dropout,0,50,1,1.0,113.97651672363281,0,SUCCESS
balance,60006,dropout,0,50,1|2,1.0,106.27690887451172,0,SUCCESS
balance,60006,dropout,0,50,2,1.0,113.36931610107422,0,SUCCESS
balance,60006,dropout,0,70,0,1.0,114.07781982421875,0,SUCCESS
balance,60006,dropout,0,70,0|1,1.0,107.03730010986328,0,SUCCESS
balance,60006,dropout,0,70,0|2,1.0,106.6963119506836,0,SUCCESS
balance,60006,dropout,0,70,1,1.0,113.69599914550781,0,SUCCESS
balance,60006,dropout,0,70,1|2,1.0,106.37162017822266,0,SUCCESS
balance,60006,dropout,0,70,2,1.0,113.26359558105469,0,SUCCESS
balance,60006,dropout,0,90,0,1.0,117.89804077148438,0,SUCCESS
balance,60006,dropout,0,90,0|1,1.0,114.30892181396484,0,SUCCESS
balance,60006,dropout,0,90,0|2,1.0,113.80121612548828,0,SUCCESS
balance,60006,dropout,0,90,1,1.0,117.62942504882812,0,SUCCESS
balance,60006,dropout,0,90,1|2,1.0,113.45429992675781,0,SUCCESS
balance,60006,dropout,0,90,2,1.0,117.00455474853516,0,SUCCESS
balance,60006,obs_noise,0,10,0,0.05,118.73588562011719,0,SUCCESS
balance,60006,obs_noise,0,10,0|1,0.05,121.98248291015625,0,SUCCESS
balance,60006,obs_noise,0,10,0|2,0.05,122.99553680419922,0,SUCCESS
balance,60006,obs_noise,0,10,1,0.05,120.68387603759766,0,SUCCESS
balance,60006,obs_noise,0,10,1|2,0.05,123.68167877197266,0,SUCCESS
balance,60006,obs_noise,0,10,2,0.05,122.32088470458984,0,SUCCESS
balance,60006,obs_noise,0,30,0,0.05,120.2636947631836,0,SUCCESS
balance,60006,obs_noise,0,30,0|1,0.05,121.19107818603516,0,SUCCESS
balance,60006,obs_noise,0,30,0|2,0.05,121.4904556274414,0,SUCCESS
balance,60006,obs_noise,0,30,1,0.05,120.47925567626953,0,SUCCESS
balance,60006,obs_noise,0,30,1|2,0.05,121.7918930053711,0,SUCCESS
balance,60006,obs_noise,0,30,2,0.05,120.70362854003906,0,SUCCESS
balance,60006,obs_noise,0,50,0,0.05,120.48456573486328,0,SUCCESS
balance,60006,obs_noise,0,50,0|1,0.05,121.40178680419922,0,SUCCESS
balance,60006,obs_noise,0,50,0|2,0.05,121.51899719238281,0,SUCCESS
balance,60006,obs_noise,0,50,1,0.05,120.71141052246094,0,SUCCESS
balance,60006,obs_noise,0,50,1|2,0.05,121.79239654541016,0,SUCCESS
balance,60006,obs_noise,0,50,2,0.05,120.91692352294922,0,SUCCESS
balance,60006,obs_noise,0,70,0,0.05,120.5687484741211,0,SUCCESS
balance,60006,obs_noise,0,70,0|1,0.05,121.23932647705078,0,SUCCESS
balance,60006,obs_noise,0,70,0|2,0.05,121.27281188964844,0,SUCCESS
balance,60006,obs_noise,0,70,1,0.05,120.74079895019531,0,SUCCESS
balance,60006,obs_noise,0,70,1|2,0.05,121.46953582763672,0,SUCCESS
balance,60006,obs_noise,0,70,2,0.05,120.85528564453125,0,SUCCESS
balance,60006,obs_noise,0,90,0,0.05,120.45183563232422,0,SUCCESS
balance,60006,obs_noise,0,90,0|1,0.05,120.48193359375,0,SUCCESS
balance,60006,obs_noise,0,90,0|2,0.05,120.51585388183594,0,SUCCESS
balance,60006,obs_noise,0,90,1,0.05,120.4372787475586,0,SUCCESS
balance,60006,obs_noise,0,90,1|2,0.05,120.3826675415039,0,SUCCESS
balance,60006,obs_noise,0,90,2,0.05,120.31578826904297,0,SUCCESS
balance,60006,obs_noise,1,10,0,0.1,116.48190307617188,0,SUCCESS
balance,60006,obs_noise,1,10,0|1,0.1,120.8565902709961,0,SUCCESS
balance,60006,obs_noise,1,10,0|2,0.1,123.13119506835938,0,SUCCESS
balance,60006,obs_noise,1,10,1,0.1,119.59089660644531,0,SUCCESS
balance,60006,obs_noise,1,10,1|2,0.1,124.7274398803711,0,SUCCESS
balance,60006,obs_noise,1,10,2,0.1,123.27273559570312,0,SUCCESS
balance,60006,obs_noise,1,30,0,0.1,119.56432342529297,0,SUCCESS
balance,60006,obs_noise,1,30,0|1,0.1,120.64517211914062,0,SUCCESS
balance,60006,obs_noise,1,30,0|2,0.1,121.27576446533203,0,SUCCESS
balance,60006,obs_noise,1,30,1,0.1,120.11185455322266,0,SUCCESS
balance,60006,obs_noise,1,30,1|2,0.1,122.02489471435547,0,SUCCESS
balance,60006,obs_noise,1,30,2,0.1,120.67625427246094,0,SUCCESS
balance,60006,obs_noise,1,50,0,0.1,120.10247039794922,0,SUCCESS
balance,60006,obs_noise,1,50,0|1,0.1,121.28741455078125,0,SUCCESS
balance,60006,obs_noise,1,50,0|2,0.1,121.62847137451172,0,SUCCESS
balance,60006,obs_noise,1,50,1,0.1,120.57840728759766,0,SUCCESS
balance,60006,obs_noise,1,50,1|2,0.1,122.33631134033203,0,SUCCESS
balance,60006,obs_noise,1,50,2,0.1,121.09213256835938,0,SUCCESS
balance,60006,obs_noise,1,70,0,0.1,120.36193084716797,0,SUCCESS
balance,60006,obs_noise,1,70,0|1,0.1,121.2623519897461,0,SUCCESS
balance,60006,obs_noise,1,70,0|2,0.1,121.4736328125,0,SUCCESS
balance,60006,obs_noise,1,70,1,0.1,120.70067596435547,0,SUCCESS
balance,60006,obs_noise,1,70,1|2,0.1,121.98186492919922,0,SUCCESS
balance,60006,obs_noise,1,70,2,0.1,121.01376342773438,0,SUCCESS
balance,60006,obs_noise,1,90,0,0.1,120.3966064453125,0,SUCCESS
balance,60006,obs_noise,1,90,0|1,0.1,120.28486633300781,0,SUCCESS
balance,60006,obs_noise,1,90,0|2,0.1,120.33883666992188,0,SUCCESS
balance,60006,obs_noise,1,90,1,0.1,120.3541030883789,0,SUCCESS
balance,60006,obs_noise,1,90,1|2,0.1,120.0695571899414,0,SUCCESS
balance,60006,obs_noise,1,90,2,0.1,120.06365203857422,0,SUCCESS
balance,60006,obs_noise,2,10,0,0.2,113.34942626953125,0,SUCCESS
balance,60006,obs_noise,2,10,0|1,0.2,116.39195251464844,0,SUCCESS
balance,60006,obs_noise,2,10,0|2,0.2,119.4184341430664,0,SUCCESS
balance,60006,obs_noise,2,10,1,0.2,117.32137298583984,0,SUCCESS
balance,60006,obs_noise,2,10,1|2,0.2,122.41305541992188,0,SUCCESS
balance,60006,obs_noise,2,10,2,0.2,122.8568344116211,0,SUCCESS
balance,60006,obs_noise,2,30,0,0.2,118.2118148803711,0,SUCCESS
balance,60006,obs_noise,2,30,0|1,0.2,118.03692626953125,0,SUCCESS
balance,60006,obs_noise,2,30,0|2,0.2,118.53327941894531,0,SUCCESS
balance,60006,obs_noise,2,30,1,0.2,119.01187133789062,0,SUCCESS
balance,60006,obs_noise,2,30,1|2,0.2,119.60208892822266,0,SUCCESS
balance,60006,obs_noise,2,30,2,0.2,119.85472869873047,0,SUCCESS
balance,60006,obs_noise,2,50,0,0.2,119.08634948730469,0,SUCCESS
balance,60006,obs_noise,2,50,0|1,0.2,118.9573745727539,0,SUCCESS
balance,60006,obs_noise,2,50,0|2,0.2,119.165771484375,0,SUCCESS
balance,60006,obs_noise,2,50,1,0.2,119.7099380493164,0,SUCCESS
balance,60006,obs_noise,2,50,1|2,0.2,120.19287872314453,0,SUCCESS
balance,60006,obs_noise,2,50,2,0.2,120.40445709228516,0,SUCCESS
balance,60006,obs_noise,2,70,0,0.2,119.58535766601562,0,SUCCESS
balance,60006,obs_noise,2,70,0|1,0.2,119.2415771484375,0,SUCCESS
balance,60006,obs_noise,2,70,0|2,0.2,119.396484375,0,SUCCESS
balance,60006,obs_noise,2,70,1,0.2,120.00936126708984,0,SUCCESS
balance,60006,obs_noise,2,70,1|2,0.2,120.22265625,0,SUCCESS
balance,60006,obs_noise,2,70,2,0.2,120.41532897949219,0,SUCCESS
balance,60006,obs_noise,2,90,0,0.2,120.28797912597656,0,SUCCESS
balance,60006,obs_noise,2,90,0|1,0.2,119.81604766845703,0,SUCCESS
balance,60006,obs_noise,2,90,0|2,0.2,119.6674575805664,0,SUCCESS
balance,60006,obs_noise,2,90,1,0.2,120.30715942382812,0,SUCCESS
balance,60006,obs_noise,2,90,1|2,0.2,119.4935302734375,0,SUCCESS
balance,60006,obs_noise,2,90,2,0.2,119.80359649658203,0,SUCCESS
balance,60006,obs_noise,3,10,0,0.4,111.17479705810547,0,SUCCESS
balance,60006,obs_noise,3,10,0|1,0.4,110.91259002685547,0,SUCCESS
balance,60006,obs_noise,3,10,0|2,0.4,108.34622955322266,0,SUCCESS
balance,60006,obs_noise,3,10,1,0.4,114.21430206298828,0,SUCCESS
balance,60006,obs_noise,3,10,1|2,0.4,114.12506103515625,0,SUCCESS
balance,60006,obs_noise,3,10,2,0.4,118.64485931396484,0,SUCCESS
balance,60006,obs_noise,3,30,0,0.4,116.3873519897461,0,SUCCESS
balance,60006,obs_noise,3,30,0|1,0.4,114.2464599609375,0,SUCCESS
balance,60006,obs_noise,3,30,0|2,0.4,112.90523529052734,0,SUCCESS
balance,60006,obs_noise,3,30,1,0.4,116.92332458496094,0,SUCCESS
balance,60006,obs_noise,3,30,1|2,0.4,113.66450500488281,0,SUCCESS
balance,60006,obs_noise,3,30,2,0.4,117.39358520507812,0,SUCCESS
balance,60006,obs_noise,3,50,0,0.4,117.27040100097656,0,SUCCESS
balance,60006,obs_noise,3,50,0|1,0.4,114.26161193847656,0,SUCCESS
balance,60006,obs_noise,3,50,0|2,0.4,114.0069351196289,0,SUCCESS
balance,60006,obs_noise,3,50,1,0.4,117.53741455078125,0,SUCCESS
balance,60006,obs_noise,3,50,1|2,0.4,114.69449615478516,0,SUCCESS
balance,60006,obs_noise,3,50,2,0.4,117.86824035644531,0,SUCCESS
balance,60006,obs_noise,3,70,0,0.4,117.75100708007812,0,SUCCESS
balance,60006,obs_noise,3,70,0|1,0.4,114.568359375,0,SUCCESS
balance,60006,obs_noise,3,70,0|2,0.4,113.94412994384766,0,SUCCESS
balance,60006,obs_noise,3,70,1,0.4,117.94727325439453,0,SUCCESS
balance,60006,obs_noise,3,70,1|2,0.4,114.30814361572266,0,SUCCESS
balance,60006,obs_noise,3,70,2,0.4,118.09561157226562,0,SUCCESS
balance,60006,obs_noise,3,90,0,0.4,119.81009674072266,0,SUCCESS
balance,60006,obs_noise,3,90,0|1,0.4,118.74584197998047,0,SUCCESS
balance,60006,obs_noise,3,90,0|2,0.4,118.61483001708984,0,SUCCESS
balance,60006,obs_noise,3,90,1,0.4,119.87541961669922,0,SUCCESS
balance,60006,obs_noise,3,90,1|2,0.4,118.38825988769531,0,SUCCESS
balance,60006,obs_noise,3,90,2,0.4,119.23267364501953,0,SUCCESS
balance,60007,act_delay,0,10,0,1.0,118.95913696289062,0,SUCCESS
balance,60007,act_delay,0,10,1,1.0,118.95913696289062,0,SUCCESS
balance,60007,act_delay,0,10,2,1.0,118.95913696289062,0,SUCCESS
balance,60007,act_delay,0,30,0,1.0,118.95913696289062,0,SUCCESS
balance,60007,act_delay,0,30,1,1.0,118.95913696289062,0,SUCCESS
balance,60007,act_delay,0,30,2,1.0,118.95913696289062,0,SUCCESS
balance,60007,act_delay,0,50,0,1.0,118.95913696289062,0,SUCCESS
balance,60007,act_delay,0,50,1,1.0,118.95913696289062,0,SUCCESS
balance,60007,act_delay,0,50,2,1.0,118.95913696289062,0,SUCCESS
balance,60007,act_delay,0,70,0,1.0,118.95913696289062,0,SUCCESS
balance,60007,act_delay,0,70,1,1.0,118.95913696289062,0,SUCCESS
balance,60007,act_delay,0,70,2,1.0,118.95913696289062,0,SUCCESS
balance,60007,act_delay,0,90,0,1.0,118.95913696289062,0,SUCCESS
balance,60007,act_delay,0,90,1,1.0,118.95913696289062,0,SUCCESS
balance,60007,act_delay,0,90,2,1.0,118.95913696289062,0,SUCCESS
balance,60007,act_drop,0,10,0,0.1,116.7612533569336,0,SUCCESS
balance,60007,act_drop,0,10,1,0.1,117.08491516113281,0,SUCCESS
balance,60007,act_drop,0,10,2,0.1,117.33444213867188,0,SUCCESS
balance,60007,act_drop,0,30,0,0.1,116.95989990234375,0,SUCCESS
balance,60007,act_drop,0,30,1,0.1,117.03318786621094,0,SUCCESS
balance,60007,act_drop,0,30,2,0.1,117.10116577148438,0,SUCCESS
balance,60007,act_drop,0,50,0,0.1,116.97409057617188,0,SUCCESS
balance,60007,act_drop,0,50,1,0.1,117.00853729248047,0,SUCCESS
balance,60007,act_drop,0,50,2,0.1,117.0428695678711,0,SUCCESS
balance,60007,act_drop,0,70,0,0.1,116.98986053466797,0,SUCCESS
balance,60007,act_drop,0,70,1,0.1,117.01190185546875,0,SUCCESS
balance,60007,act_drop,0,70,2,0.1,117.01112365722656,0,SUCCESS
balance,60007,act_drop,0,90,0,0.1,118.32918548583984,0,SUCCESS
balance,60007,act_drop,0,90,1,0.1,118.27963256835938,0,SUCCESS
balance,60007,act_drop,0,90,2,0.1,118.20973205566406,0,SUCCESS
balance,60007,act_drop,1,10,0,0.3,116.93499755859375,0,SUCCESS
balance,60007,act_drop,1,10,1,0.3,117.11627197265625,0,SUCCESS
balance,60007,act_drop,1,10,2,0.3,117.26504516601562,0,SUCCESS
balance,60007,act_drop,1,30,0,0.3,117.01771545410156,0,SUCCESS
balance,60007,act_drop,1,30,1,0.3,117.05374145507812,0,SUCCESS
balance,60007,act_drop,1,30,2,0.3,117.07850646972656,0,SUCCESS
balance,60007,act_drop,1,50,0,0.3,116.97976684570312,0,SUCCESS
balance,60007,act_drop,1,50,1,0.3,117.01263427734375,0,SUCCESS
balance,60007,act_drop,1,50,2,0.3,117.03868103027344,0,SUCCESS
balance,60007,act_drop,1,70,0,0.3,116.91767120361328,0,SUCCESS
balance,60007,act_drop,1,70,1,0.3,116.98333740234375,0,SUCCESS
balance,60007,act_drop,1,70,2,0.3,117.02334594726562,0,SUCCESS
balance,60007,act_drop,1,90,0,0.3,118.32918548583984,0,SUCCESS
balance,60007,act_drop,1,90,1,0.3,118.28148651123047,0,SUCCESS
balance,60007,act_drop,1,90,2,0.3,118.20973205566406,0,SUCCESS
balance,60007,act_noise,0,10,0,0.05,118.95325469970703,0,SUCCESS
balance,60007,act_noise,0,10,1,0.05,118.94812774658203,0,SUCCESS
balance,60007,act_noise,0,10,2,0.05,118.94657135009766,0,SUCCESS
balance,60007,act_noise,0,30,0,0.05,118.9478530883789,0,SUCCESS
balance,60007,act_noise,0,30,1,0.05,118.94471740722656,0,SUCCESS
balance,60007,act_noise,0,30,2,0.05,118.94284057617188,0,SUCCESS
balance,60007,act_noise,0,50,0,0.05,118.9431381225586,0,SUCCESS
balance,60007,act_noise,0,50,1,0.05,118.94007110595703,0,SUCCESS
balance,60007,act_noise,0,50,2,0.05,118.93757629394531,0,SUCCESS
balance,60007,act_noise,0,70,0,0.05,118.937255859375,0,SUCCESS
balance,60007,act_noise,0,70,1,0.05,118.93295288085938,0,SUCCESS
balance,60007,act_noise,0,70,2,0.05,118.92718505859375,0,SUCCESS
balance,60007,act_noise,0,90,0,0.05,118.96490478515625,0,SUCCESS
balance,60007,act_noise,0,90,1,0.05,118.96311950683594,0,SUCCESS
balance,60007,act_noise,0,90,2,0.05,118.96117401123047,0,SUCCESS
balance,60007,act_noise,1,10,0,0.2,118.58159637451172,0,SUCCESS
balance,60007,act_noise,1,10,1,0.2,118.63764953613281,0,SUCCESS
balance,60007,act_noise,1,10,2,0.2,118.68395233154297,0,SUCCESS
balance,60007,act_noise,1,30,0,0.2,118.6127700805664,0,SUCCESS
balance,60007,act_noise,1,30,1,0.2,118.6238021850586,0,SUCCESS
balance,60007,act_noise,1,30,2,0.2,118.63124084472656,0,SUCCESS
balance,60007,act_noise,1,50,0,0.2,118.60775756835938,0,SUCCESS
balance,60007,act_noise,1,50,1,0.2,118.60098266601562,0,SUCCESS
balance,60007,act_noise,1,50,2,0.2,118.59645080566406,0,SUCCESS
balance,60007,act_noise,1,70,0,0.2,118.58942413330078,0,SUCCESS
balance,60007,act_noise,1,70,1,0.2,118.57308197021484,0,SUCCESS
balance,60007,act_noise,1,70,2,0.2,118.55850219726562,0,SUCCESS
balance,60007,act_noise,1,90,0,0.2,118.88658142089844,0,SUCCESS
balance,60007,act_noise,1,90,1,0.2,118.87179565429688,0,SUCCESS
balance,60007,act_noise,1,90,2,0.2,118.85659790039062,0,SUCCESS
balance,60007,dropout,0,10,0,1.0,111.07530212402344,0,SUCCESS
balance,60007,dropout,0,10,0|1,1.0,103.7515869140625,0,SUCCESS
balance,60007,dropout,0,10,0|2,1.0,105.08152770996094,0,SUCCESS
balance,60007,dropout,0,10,1,1.0,112.16738891601562,0,SUCCESS
balance,60007,dropout,0,10,1|2,1.0,106.21284484863281,0,SUCCESS
balance,60007,dropout,0,10,2,1.0,112.9094009399414,0,SUCCESS
balance,60007,dropout,0,30,0,1.0,111.84061431884766,0,SUCCESS
balance,60007,dropout,0,30,0|1,1.0,104.92071533203125,0,SUCCESS
balance,60007,dropout,0,30,0|2,1.0,105.11146545410156,0,SUCCESS
balance,60007,dropout,0,30,1,1.0,112.10584259033203,0,SUCCESS
balance,60007,dropout,0,30,1|2,1.0,105.29512023925781,0,SUCCESS
balance,60007,dropout,0,30,2,1.0,112.18890380859375,0,SUCCESS
balance,60007,dropout,0,50,0,1.0,111.90184020996094,0,SUCCESS
balance,60007,dropout,0,50,0|1,1.0,104.9758071899414,0,SUCCESS
balance,60007,dropout,0,50,0|2,1.0,104.9798812866211,0,SUCCESS
balance,60007,dropout,0,50,1,1.0,112.14358520507812,0,SUCCESS
balance,60007,dropout,0,50,1|2,1.0,105.0036849975586,0,SUCCESS
balance,60007,dropout,0,50,2,1.0,112.02520751953125,0,SUCCESS
balance,60007,dropout,0,70,0,1.0,111.86581420898438,0,SUCCESS
balance,60007,dropout,0,70,0|1,1.0,104.96992492675781,0,SUCCESS
balance,60007,dropout,0,70,0|2,1.0,104.7520523071289,0,SUCCESS
balance,60007,dropout,0,70,1,1.0,112.4278793334961,0,SUCCESS
balance,60007,dropout,0,70,1|2,1.0,104.7125015258789,0,SUCCESS
balance,60007,dropout,0,70,2,1.0,111.93102264404297,0,SUCCESS
balance,60007,dropout,0,90,0,1.0,116.11372375488281,0,SUCCESS
balance,60007,dropout,0,90,0|1,1.0,112.6900405883789,0,SUCCESS
balance,60007,dropout,0,90,0|2,1.0,112.38292694091797,0,SUCCESS
balance,60007,dropout,0,90,1,1.0,116.00079345703125,0,SUCCESS
balance,60007,dropout,0,90,1|2,1.0,112.14063262939453,0,SUCCESS
balance,60007,dropout,0,90,2,1.0,115.74069213867188,0,SUCCESS
balance,60007,obs_noise,0,10,0,0.05,118.95108032226562,0,SUCCESS
balance,60007,obs_noise,0,10,0|1,0.05,118.84654998779297,0,SUCCESS
balance,60007,obs_noise,0,10,0|2,0.05,118.73815155029297,0,SUCCESS
balance,60007,obs_noise,0,10,1,0.05,118.79253387451172,0,SUCCESS
balance,60007,obs_noise,0,10,1|2,0.05,118.54444885253906,0,SUCCESS
balance,60007,obs_noise,0,10,2,0.05,118.62068939208984,0,SUCCESS
balance,60007,obs_noise,0,30,0,0.05,118.89669799804688,0,SUCCESS
balance,60007,obs_noise,0,30,0|1,0.05,118.79200744628906,0,SUCCESS
balance,60007,obs_noise,0,30,0|2,0.05,118.76758575439453,0,SUCCESS
balance,60007,obs_noise,0,30,1,0.05,118.8555679321289,0,SUCCESS
balance,60007,obs_noise,0,30,1|2,0.05,118.71370697021484,0,SUCCESS
balance,60007,obs_noise,0,30,2,0.05,118.8102035522461,0,SUCCESS
balance,60007,obs_noise,0,50,0,0.05,118.92720794677734,0,SUCCESS
balance,60007,obs_noise,0,50,0|1,0.05,118.86268615722656,0,SUCCESS
balance,60007,obs_noise,0,50,0|2,0.05,118.86151885986328,0,SUCCESS
balance,60007,obs_noise,0,50,1,0.05,118.92720794677734,0,SUCCESS
balance,60007,obs_noise,0,50,1|2,0.05,118.86174774169922,0,SUCCESS
balance,60007,obs_noise,0,50,2,0.05,118.91770935058594,0,SUCCESS
balance,60007,obs_noise,0,70,0,0.05,118.96392059326172,0,SUCCESS
balance,60007,obs_noise,0,70,0|1,0.05,118.93386840820312,0,SUCCESS
balance,60007,obs_noise,0,70,0|2,0.05,118.96041870117188,0,SUCCESS
balance,60007,obs_noise,0,70,1,0.05,119.00839233398438,0,SUCCESS
balance,60007,obs_noise,0,70,1|2,0.05,119.02571868896484,0,SUCCESS
balance,60007,obs_noise,0,70,2,0.05,119.04716491699219,0,SUCCESS
balance,60007,obs_noise,0,90,0,0.05,118.86376190185547,0,SUCCESS
balance,60007,obs_noise,0,90,0|1,0.05,118.88385772705078,0,SUCCESS
balance,60007,obs_noise,0,90,0|2,0.05,118.91219329833984,0,SUCCESS
balance,60007,obs_noise,0,90,1,0.05,118.89646911621094,0,SUCCESS
balance,60007,obs_noise,0,90,1|2,0.05,118.94803619384766,0,SUCCESS
balance,60007,obs_noise,0,90,2,0.05,118.94039154052734,0,SUCCESS
balance,60007,obs_noise,1,10,0,0.1,118.73382568359375,0,SUCCESS
balance,60007,obs_noise,1,10,0|1,0.1,118.51148986816406,0,SUCCESS
balance,60007,obs_noise,1,10,0|2,0.1,118.25031280517578,0,SUCCESS
balance,60007,obs_noise,1,10,1,0.1,118.47306060791016,0,SUCCESS
balance,60007,obs_noise,1,10,1|2,0.1,117.85594940185547,0,SUCCESS
balance,60007,obs_noise,1,10,2,0.1,118.09812927246094,0,SUCCESS
balance,60007,obs_noise,1,30,0,0.1,118.64053344726562,0,SUCCESS
balance,60007,obs_noise,1,30,0|1,0.1,118.3253402709961,0,SUCCESS
balance,60007,obs_noise,1,30,0|2,0.1,118.28473663330078,0,SUCCESS
balance,60007,obs_noise,1,30,1,0.1,118.58940124511719,0,SUCCESS
balance,60007,obs_noise,1,30,1|2,0.1,118.18959045410156,0,SUCCESS
balance,60007,obs_noise,1,30,2,0.1,118.50336456298828,0,SUCCESS
balance,60007,obs_noise,1,50,0,0.1,118.69981384277344,0,SUCCESS
balance,60007,obs_noise,1,50,0|1,0.1,118.44074249267578,0,SUCCESS
balance,60007,obs_noise,1,50,0|2,0.1,118.4607925415039,0,SUCCESS
balance,60007,obs_noise,1,50,1,0.1,118.72675323486328,0,SUCCESS
balance,60007,obs_noise,1,50,1|2,0.1,118.48670196533203,0,SUCCESS
balance,60007,obs_noise,1,50,2,0.1,118.72801208496094,0,SUCCESS
balance,60007,obs_noise,1,70,0,0.1,118.75687408447266,0,SUCCESS
balance,60007,obs_noise,1,70,0|1,0.1,118.52574920654297,0,SUCCESS
balance,60007,obs_noise,1,70,0|2,0.1,118.62469482421875,0,SUCCESS
balance,60007,obs_noise,1,70,1,0.1,118.87383270263672,0,SUCCESS
balance,60007,obs_noise,1,70,1|2,0.1,118.79035949707031,0,SUCCESS
balance,60007,obs_noise,1,70,2,0.1,118.98699188232422,0,SUCCESS
balance,60007,obs_noise,1,90,0,0.1,118.6747055053711,0,SUCCESS
balance,60007,obs_noise,1,90,0|1,0.1,118.62730407714844,0,SUCCESS
balance,60007,obs_noise,1,90,0|2,0.1,118.70024871826172,0,SUCCESS
balance,60007,obs_noise,1,90,1,0.1,118.74286651611328,0,SUCCESS
balance,60007,obs_noise,1,90,1|2,0.1,118.78953552246094,0,SUCCESS
balance,60007,obs_noise,1,90,2,0.1,118.83828735351562,0,SUCCESS
balance,60007,obs_noise,2,10,0,0.2,117.31654357910156,0,SUCCESS
balance,60007,obs_noise,2,10,0|1,0.2,116.24848937988281,0,SUCCESS
balance,60007,obs_noise,2,10,0|2,0.2,115.95655059814453,0,SUCCESS
balance,60007,obs_noise,2,10,1,0.2,117.24222564697266,0,SUCCESS
balance,60007,obs_noise,2,10,1|2,0.2,115.75740051269531,0,SUCCESS
balance,60007,obs_noise,2,10,2,0.2,116.86058807373047,0,SUCCESS
balance,60007,obs_noise,2,30,0,0.2,117.33684539794922,0,SUCCESS
balance,60007,obs_noise,2,30,0|1,0.2,116.08321380615234,0,SUCCESS
balance,60007,obs_noise,2,30,0|2,0.2,116.123291015625,0,SUCCESS
balance,60007,obs_noise,2,30,1,0.2,117.40949249267578,0,SUCCESS
balance,60007,obs_noise,2,30,1|2,0.2,116.13585662841797,0,SUCCESS
balance,60007,obs_noise,2,30,2,0.2,117.37014770507812,0,SUCCESS
balance,60007,obs_noise,2,50,0,0.2,117.4632797241211,0,SUCCESS
balance,60007,obs_noise,2,50,0|1,0.2,116.33228302001953,0,SUCCESS
balance,60007,obs_noise,2,50,0|2,0.2,116.44750213623047,0,SUCCESS
balance,60007,obs_noise,2,50,1,0.2,117.60868835449219,0,SUCCESS
balance,60007,obs_noise,2,50,1|2,0.2,116.5975341796875,0,SUCCESS
balance,60007,obs_noise,2,50,2,0.2,117.71049499511719,0,SUCCESS
balance,60007,obs_noise,2,70,0,0.2,117.56936645507812,0,SUCCESS
balance,60007,obs_noise,2,70,0|1,0.2,116.4686050415039,0,SUCCESS
balance,60007,obs_noise,2,70,0|2,0.2,116.70693969726562,0,SUCCESS
balance,60007,obs_noise,2,70,1,0.2,117.83965301513672,0,SUCCESS
balance,60007,obs_noise,2,70,1|2,0.2,117.05072021484375,0,SUCCESS
balance,60007,obs_noise,2,70,2,0.2,118.10762786865234,0,SUCCESS
balance,60007,obs_noise,2,90,0,0.2,117.95674896240234,0,SUCCESS
balance,60007,obs_noise,2,90,0|1,0.2,117.56002807617188,0,SUCCESS
balance,60007,obs_noise,2,90,0|2,0.2,117.49827575683594,0,SUCCESS
balance,60007,obs_noise,2,90,1,0.2,117.99664306640625,0,SUCCESS
balance,60007,obs_noise,2,90,1|2,0.2,117.64592742919922,0,SUCCESS
balance,60007,obs_noise,2,90,2,0.2,118.08780670166016,0,SUCCESS
balance,60007,obs_noise,3,10,0,0.4,115.2674789428711,0,SUCCESS
balance,60007,obs_noise,3,10,0|1,0.4,111.36167907714844,0,SUCCESS
balance,60007,obs_noise,3,10,0|2,0.4,111.3812484741211,0,SUCCESS
balance,60007,obs_noise,3,10,1,0.4,115.22298431396484,0,SUCCESS
balance,60007,obs_noise,3,10,1|2,0.4,111.79591369628906,0,SUCCESS
balance,60007,obs_noise,3,10,2,0.4,115.14200592041016,0,SUCCESS
balance,60007,obs_noise,3,30,0,0.4,115.25997161865234,0,SUCCESS
balance,60007,obs_noise,3,30,0|1,0.4,111.47254943847656,0,SUCCESS
balance,60007,obs_noise,3,30,0|2,0.4,111.56417083740234,0,SUCCESS
balance,60007,obs_noise,3,30,1,0.4,115.37178039550781,0,SUCCESS
balance,60007,obs_noise,3,30,1|2,0.4,111.81708526611328,0,SUCCESS
balance,60007,obs_noise,3,30,2,0.4,115.47225952148438,0,SUCCESS
balance,60007,obs_noise,3,50,0,0.4,115.46646881103516,0,SUCCESS
balance,60007,obs_noise,3,50,0|1,0.4,111.71282958984375,0,SUCCESS
balance,60007,obs_noise,3,50,0|2,0.4,111.8606185913086,0,SUCCESS
balance,60007,obs_noise,3,50,1,0.4,115.64662170410156,0,SUCCESS
balance,60007,obs_noise,3,50,1|2,0.4,112.1253890991211,0,SUCCESS
balance,60007,obs_noise,3,50,2,0.4,115.70942687988281,0,SUCCESS
balance,60007,obs_noise,3,70,0,0.4,115.5336685180664,0,SUCCESS
balance,60007,obs_noise,3,70,0|1,0.4,111.89147186279297,0,SUCCESS
balance,60007,obs_noise,3,70,0|2,0.4,112.0924301147461,0,SUCCESS
balance,60007,obs_noise,3,70,1,0.4,116.08367156982422,0,SUCCESS
balance,60007,obs_noise,3,70,1|2,0.4,112.4582748413086,0,SUCCESS
balance,60007,obs_noise,3,70,2,0.4,116.06698608398438,0,SUCCESS
balance,60007,obs_noise,3,90,0,0.4,117.62702178955078,0,SUCCESS
balance,60007,obs_noise,3,90,0|1,0.4,114.87247467041016,0,SUCCESS
balance,60007,obs_noise,3,90,0|2,0.4,114.76702880859375,0,SUCCESS
balance,60007,obs_noise,3,90,1,0.4,117.74981689453125,0,SUCCESS
balance,60007,obs_noise,3,90,1|2,0.4,114.92259979248047,0,SUCCESS
balance,60007,obs_noise,3,90,2,0.4,117.60550689697266,0,SUCCESS
balance,60008,act_delay,0,10,0,1.0,131.6352996826172,0,SUCCESS
balance,60008,act_delay,0,10,1,1.0,131.6352996826172,0,SUCCESS
balance,60008,act_delay,0,10,2,1.0,131.6352996826172,0,SUCCESS
balance,60008,act_delay,0,30,0,1.0,131.6352996826172,0,SUCCESS
balance,60008,act_delay,0,30,1,1.0,131.6352996826172,0,SUCCESS
balance,60008,act_delay,0,30,2,1.0,131.6352996826172,0,SUCCESS
balance,60008,act_delay,0,50,0,1.0,131.6352996826172,0,SUCCESS
balance,60008,act_delay,0,50,1,1.0,131.6352996826172,0,SUCCESS
balance,60008,act_delay,0,50,2,1.0,131.6352996826172,0,SUCCESS
balance,60008,act_delay,0,70,0,1.0,131.6352996826172,0,SUCCESS
balance,60008,act_delay,0,70,1,1.0,131.6352996826172,0,SUCCESS
balance,60008,act_delay,0,70,2,1.0,131.6352996826172,0,SUCCESS
balance,60008,act_delay,0,90,0,1.0,131.6352996826172,0,SUCCESS
balance,60008,act_delay,0,90,1,1.0,131.6352996826172,0,SUCCESS
balance,60008,act_delay,0,90,2,1.0,131.6352996826172,0,SUCCESS
balance,60008,act_drop,0,10,0,0.1,130.89014053344727,0,SUCCESS
balance,60008,act_drop,0,10,1,0.1,131.42191314697266,0,SUCCESS
balance,60008,act_drop,0,10,2,0.1,131.67533111572266,0,SUCCESS
balance,60008,act_drop,0,30,0,0.1,131.38853073120117,0,SUCCESS
balance,60008,act_drop,0,30,1,0.1,131.62451934814453,0,SUCCESS
balance,60008,act_drop,0,30,2,0.1,131.77508926391602,0,SUCCESS
balance,60008,act_drop,0,50,0,0.1,131.5506820678711,0,SUCCESS
balance,60008,act_drop,0,50,1,0.1,131.6927719116211,0,SUCCESS
balance,60008,act_drop,0,50,2,0.1,131.82086563110352,0,SUCCESS
balance,60008,act_drop,0,70,0,0.1,131.61559295654297,0,SUCCESS
balance,60008,act_drop,0,70,1,0.1,131.77836227416992,0,SUCCESS
balance,60008,act_drop,0,70,2,0.1,131.91483306884766,0,SUCCESS
balance,60008,act_drop,0,90,0,0.1,131.6352996826172,0,SUCCESS
balance,60008,act_drop,0,90,1,0.1,131.6352996826172,0,SUCCESS
balance,60008,act_drop,0,90,2,0.1,131.6352996826172,0,SUCCESS
balance,60008,act_drop,1,10,0,0.3,129.09656524658203,0,SUCCESS
balance,60008,act_drop,1,10,1,0.3,127.59658813476562,0,SUCCESS
balance,60008,act_drop,1,10,2,0.3,126.74649810791016,0,SUCCESS
balance,60008,act_drop,1,30,0,0.3,128.61094665527344,0,SUCCESS
balance,60008,act_drop,1,30,1,0.3,128.01681518554688,0,SUCCESS
balance,60008,act_drop,1,30,2,0.3,127.49224090576172,0,SUCCESS
balance,60008,act_drop,1,50,0,0.3,128.42118072509766,0,SUCCESS
balance,60008,act_drop,1,50,1,0.3,128.17778778076172,0,SUCCESS
balance,60008,act_drop,1,50,2,0.3,127.92214965820312,0,SUCCESS
balance,60008,act_drop,1,70,0,0.3,128.4583740234375,0,SUCCESS
balance,60008,act_drop,1,70,1,0.3,128.31287384033203,0,SUCCESS
balance,60008,act_drop,1,70,2,0.3,128.14334106445312,0,SUCCESS
balance,60008,act_drop,1,90,0,0.3,130.1316375732422,0,SUCCESS
balance,60008,act_drop,1,90,1,0.3,129.71337890625,0,SUCCESS
balance,60008,act_drop,1,90,2,0.3,129.30230712890625,0,SUCCESS
balance,60008,act_noise,0,10,0,0.05,131.4469871520996,0,SUCCESS
balance,60008,act_noise,0,10,1,0.05,131.36782836914062,0,SUCCESS
balance,60008,act_noise,0,10,2,0.05,131.31343460083008,0,SUCCESS
balance,60008,act_noise,0,30,0,0.05,131.48023223876953,0,SUCCESS
balance,60008,act_noise,0,30,1,0.05,131.36775970458984,0,SUCCESS
balance,60008,act_noise,0,30,2,0.05,131.3407745361328,0,SUCCESS
balance,60008,act_noise,0,50,0,0.05,131.48008346557617,0,SUCCESS
balance,60008,act_noise,0,50,1,0.05,131.46548080444336,0,SUCCESS
balance,60008,act_noise,0,50,2,0.05,131.44786834716797,0,SUCCESS
balance,60008,act_noise,0,70,0,0.05,131.46271133422852,0,SUCCESS
balance,60008,act_noise,0,70,1,0.05,131.4532470703125,0,SUCCESS
balance,60008,act_noise,0,70,2,0.05,131.44393157958984,0,SUCCESS
balance,60008,act_noise,0,90,0,0.05,131.54927444458008,0,SUCCESS
balance,60008,act_noise,0,90,1,0.05,131.52547073364258,0,SUCCESS
balance,60008,act_noise,0,90,2,0.05,131.50315475463867,0,SUCCESS
balance,60008,act_noise,1,10,0,0.2,131.05289840698242,0,SUCCESS
balance,60008,act_noise,1,10,1,0.2,130.5901336669922,0,SUCCESS
balance,60008,act_noise,1,10,2,0.2,130.2528305053711,0,SUCCESS
balance,60008,act_noise,1,30,0,0.2,130.88806915283203,0,SUCCESS
balance,60008,act_noise,1,30,1,0.2,130.70338439941406,0,SUCCESS
balance,60008,act_noise,1,30,2,0.2,130.5073471069336,0,SUCCESS
balance,60008,act_noise,1,50,0,0.2,130.8980484008789,0,SUCCESS
balance,60008,act_noise,1,50,1,0.2,130.82086944580078,0,SUCCESS
balance,60008,act_noise,1,50,2,0.2,130.74371337890625,0,SUCCESS
balance,60008,act_noise,1,70,0,0.2,130.84869003295898,0,SUCCESS
balance,60008,act_noise,1,70,1,0.2,130.79635620117188,0,SUCCESS
balance,60008,act_noise,1,70,2,0.2,130.76451873779297,0,SUCCESS
balance,60008,act_noise,1,90,0,0.2,131.25050354003906,0,SUCCESS
balance,60008,act_noise,1,90,1,0.2,131.14068603515625,0,SUCCESS
balance,60008,act_noise,1,90,2,0.2,131.00855255126953,0,SUCCESS
balance,60008,dropout,0,10,0,1.0,125.0163803100586,0,SUCCESS
balance,60008,dropout,0,10,0|1,1.0,116.75489044189453,0,SUCCESS
balance,60008,dropout,0,10,0|2,1.0,115.02969360351562,0,SUCCESS
balance,60008,dropout,0,10,1,1.0,122.5254135131836,0,SUCCESS
balance,60008,dropout,0,10,1|2,1.0,110.81144714355469,0,SUCCESS
balance,60008,dropout,0,10,2,1.0,121.19416809082031,0,SUCCESS
balance,60008,dropout,0,30,0,1.0,124.90562438964844,0,SUCCESS
balance,60008,dropout,0,30,0|1,1.0,117.3402099609375,0,SUCCESS
balance,60008,dropout,0,30,0|2,1.0,115.70379638671875,0,SUCCESS
balance,60008,dropout,0,30,1,1.0,124.32538604736328,0,SUCCESS
balance,60008,dropout,0,30,1|2,1.0,114.90293884277344,0,SUCCESS
balance,60008,dropout,0,30,2,1.0,122.974365234375,0,SUCCESS
balance,60008,dropout,0,50,0,1.0,124.62158203125,0,SUCCESS
balance,60008,dropout,0,50,0|1,1.0,117.02293395996094,0,SUCCESS
balance,60008,dropout,0,50,0|2,1.0,116.36409759521484,0,SUCCESS
balance,60008,dropout,0,50,1,1.0,124.36493682861328,0,SUCCESS
balance,60008,dropout,0,50,1|2,1.0,115.81514739990234,0,SUCCESS
balance,60008,dropout,0,50,2,1.0,123.73963165283203,0,SUCCESS
balance,60008,dropout,0,70,0,1.0,124.77568817138672,0,SUCCESS
balance,60008,dropout,0,70,0|1,1.0,117.37275695800781,0,SUCCESS
balance,60008,dropout,0,70,0|2,1.0,117.0556411743164,0,SUCCESS
balance,60008,dropout,0,70,1,1.0,124.70752716064453,0,SUCCESS
balance,60008,dropout,0,70,1|2,1.0,116.4100341796875,0,SUCCESS
balance,60008,dropout,0,70,2,1.0,124.18379974365234,0,SUCCESS
balance,60008,dropout,0,90,0,1.0,128.91929626464844,0,SUCCESS
balance,60008,dropout,0,90,0|1,1.0,124.9464111328125,0,SUCCESS
balance,60008,dropout,0,90,0|2,1.0,123.97716522216797,0,SUCCESS
balance,60008,dropout,0,90,1,1.0,128.28815460205078,0,SUCCESS
balance,60008,dropout,0,90,1|2,1.0,123.23860931396484,0,SUCCESS
balance,60008,dropout,0,90,2,1.0,127.2612533569336,0,SUCCESS
balance,60008,obs_noise,0,10,0,0.05,129.47216033935547,0,SUCCESS
balance,60008,obs_noise,0,10,0|1,0.05,129.22473907470703,0,SUCCESS
balance,60008,obs_noise,0,10,0|2,0.05,130.03612518310547,0,SUCCESS
balance,60008,obs_noise,0,10,1,0.05,130.4534454345703,0,SUCCESS
balance,60008,obs_noise,0,10,1|2,0.05,131.08573150634766,0,SUCCESS
balance,60008,obs_noise,0,10,2,0.05,131.33081817626953,0,SUCCESS
balance,60008,obs_noise,0,30,0,0.05,130.5270538330078,0,SUCCESS
balance,60008,obs_noise,0,30,0|1,0.05,130.8127212524414,0,SUCCESS
balance,60008,obs_noise,0,30,0|2,0.05,131.19123458862305,0,SUCCESS
balance,60008,obs_noise,0,30,1,0.05,131.09222030639648,0,SUCCESS
balance,60008,obs_noise,0,30,1|2,0.05,131.5213394165039,0,SUCCESS
balance,60008,obs_noise,0,30,2,0.05,131.4554443359375,0,SUCCESS
balance,60008,obs_noise,0,50,0,0.05,131.02822494506836,0,SUCCESS
balance,60008,obs_noise,0,50,0|1,0.05,131.28634643554688,0,SUCCESS
balance,60008,obs_noise,0,50,0|2,0.05,131.54539489746094,0,SUCCESS
balance,60008,obs_noise,0,50,1,0.05,131.43414688110352,0,SUCCESS
balance,60008,obs_noise,0,50,1|2,0.05,131.77820205688477,0,SUCCESS
balance,60008,obs_noise,0,50,2,0.05,131.69698333740234,0,SUCCESS
balance,60008,obs_noise,0,70,0,0.05,131.26956939697266,0,SUCCESS
balance,60008,obs_noise,0,70,0|1,0.05,131.70762634277344,0,SUCCESS
balance,60008,obs_noise,0,70,0|2,0.05,131.93751525878906,0,SUCCESS
balance,60008,obs_noise,0,70,1,0.05,131.68054962158203,0,SUCCESS
balance,60008,obs_noise,0,70,1|2,0.05,132.1874542236328,0,SUCCESS
balance,60008,obs_noise,0,70,2,0.05,131.88989639282227,0,SUCCESS
balance,60008,obs_noise,0,90,0,0.05,131.98505401611328,0,SUCCESS
balance,60008,obs_noise,0,90,0|1,0.05,131.62909698486328,0,SUCCESS
balance,60008,obs_noise,0,90,0|2,0.05,131.68370819091797,0,SUCCESS
balance,60008,obs_noise,0,90,1,0.05,131.8916473388672,0,SUCCESS
balance,60008,obs_noise,0,90,1|2,0.05,131.5927391052246,0,SUCCESS
balance,60008,obs_noise,0,90,2,0.05,131.80906677246094,0,SUCCESS
balance,60008,obs_noise,1,10,0,0.1,127.42446899414062,0,SUCCESS
balance,60008,obs_noise,1,10,0|1,0.1,127.69757080078125,0,SUCCESS
balance,60008,obs_noise,1,10,0|2,0.1,129.2615203857422,0,SUCCESS
balance,60008,obs_noise,1,10,1,0.1,130.4117202758789,0,SUCCESS
balance,60008,obs_noise,1,10,1|2,0.1,131.57137298583984,0,SUCCESS
balance,60008,obs_noise,1,10,2,0.1,132.14618682861328,0,SUCCESS
balance,60008,obs_noise,1,30,0,0.1,130.3414306640625,0,SUCCESS
balance,60008,obs_noise,1,30,0|1,0.1,130.97772216796875,0,SUCCESS
balance,60008,obs_noise,1,30,0|2,0.1,131.68444061279297,0,SUCCESS
balance,60008,obs_noise,1,30,1,0.1,131.37333297729492,0,SUCCESS
balance,60008,obs_noise,1,30,1|2,0.1,132.2413673400879,0,SUCCESS
balance,60008,obs_noise,1,30,2,0.1,132.08115005493164,0,SUCCESS
balance,60008,obs_noise,1,50,0,0.1,131.00590896606445,0,SUCCESS
balance,60008,obs_noise,1,50,0|1,0.1,131.47028732299805,0,SUCCESS
balance,60008,obs_noise,1,50,0|2,0.1,132.03053283691406,0,SUCCESS
balance,60008,obs_noise,1,50,1,0.1,131.7472915649414,0,SUCCESS
balance,60008,obs_noise,1,50,1|2,0.1,132.51216888427734,0,SUCCESS
balance,60008,obs_noise,1,50,2,0.1,132.2307472229004,0,SUCCESS
balance,60008,obs_noise,1,70,0,0.1,131.46946334838867,0,SUCCESS
balance,60008,obs_noise,1,70,0|1,0.1,132.33422470092773,0,SUCCESS
balance,60008,obs_noise,1,70,0|2,0.1,132.89374923706055,0,SUCCESS
balance,60008,obs_noise,1,70,1,0.1,132.19126510620117,0,SUCCESS
balance,60008,obs_noise,1,70,1|2,0.1,133.44041061401367,0,SUCCESS
balance,60008,obs_noise,1,70,2,0.1,132.6983299255371,0,SUCCESS
balance,60008,obs_noise,1,90,0,0.1,132.07014083862305,0,SUCCESS
balance,60008,obs_noise,1,90,0|1,0.1,131.47346878051758,0,SUCCESS
balance,60008,obs_noise,1,90,0|2,0.1,131.2756690979004,0,SUCCESS
balance,60008,obs_noise,1,90,1,0.1,131.9290008544922,0,SUCCESS
balance,60008,obs_noise,1,90,1|2,0.1,131.2294578552246,0,SUCCESS
balance,60008,obs_noise,1,90,2,0.1,131.64163970947266,0,SUCCESS
balance,60008,obs_noise,2,10,0,0.2,126.8690185546875,0,SUCCESS
balance,60008,obs_noise,2,10,0|1,0.2,126.80060577392578,0,SUCCESS
balance,60008,obs_noise,2,10,0|2,0.2,128.81277465820312,0,SUCCESS
balance,60008,obs_noise,2,10,1,0.2,130.71556091308594,0,SUCCESS
balance,60008,obs_noise,2,10,1|2,0.2,131.75263595581055,0,SUCCESS
balance,60008,obs_noise,2,10,2,0.2,132.94065856933594,0,SUCCESS
balance,60008,obs_noise,2,30,0,0.2,130.61235809326172,0,SUCCESS
balance,60008,obs_noise,2,30,0|1,0.2,131.1012840270996,0,SUCCESS
balance,60008,obs_noise,2,30,0|2,0.2,132.08394241333008,0,SUCCESS
balance,60008,obs_noise,2,30,1,0.2,131.82875061035156,0,SUCCESS
balance,60008,obs_noise,2,30,1|2,0.2,132.8759422302246,0,SUCCESS
balance,60008,obs_noise,2,30,2,0.2,132.6800193786621,0,SUCCESS
balance,60008,obs_noise,2,50,0,0.2,130.97927856445312,0,SUCCESS
balance,60008,obs_noise,2,50,0|1,0.2,131.2869529724121,0,SUCCESS
balance,60008,obs_noise,2,50,0|2,0.2,132.0853500366211,0,SUCCESS
balance,60008,obs_noise,2,50,1,0.2,131.89352416992188,0,SUCCESS
balance,60008,obs_noise,2,50,1|2,0.2,132.89310836791992,0,SUCCESS
balance,60008,obs_noise,2,50,2,0.2,132.57798385620117,0,SUCCESS
balance,60008,obs_noise,2,70,0,0.2,131.6158447265625,0,SUCCESS
balance,60008,obs_noise,2,70,0|1,0.2,132.6496353149414,0,SUCCESS
balance,60008,obs_noise,2,70,0|2,0.2,133.54561614990234,0,SUCCESS
balance,60008,obs_noise,2,70,1,0.2,132.6232795715332,0,SUCCESS
balance,60008,obs_noise,2,70,1|2,0.2,134.42191314697266,0,SUCCESS
balance,60008,obs_noise,2,70,2,0.2,133.2542953491211,0,SUCCESS
balance,60008,obs_noise,2,90,0,0.2,132.0281753540039,0,SUCCESS
balance,60008,obs_noise,2,90,0|1,0.2,130.9463996887207,0,SUCCESS
balance,60008,obs_noise,2,90,0|2,0.2,130.49832916259766,0,SUCCESS
balance,60008,obs_noise,2,90,1,0.2,131.7403335571289,0,SUCCESS
balance,60008,obs_noise,2,90,1|2,0.2,130.25408935546875,0,SUCCESS
balance,60008,obs_noise,2,90,2,0.2,131.24566268920898,0,SUCCESS
balance,60008,obs_noise,3,10,0,0.4,127.13484191894531,0,SUCCESS
balance,60008,obs_noise,3,10,0|1,0.4,124.88594055175781,0,SUCCESS
balance,60008,obs_noise,3,10,0|2,0.4,126.68355560302734,0,SUCCESS
balance,60008,obs_noise,3,10,1,0.4,129.9330596923828,0,SUCCESS
balance,60008,obs_noise,3,10,1|2,0.4,129.4354019165039,0,SUCCESS
balance,60008,obs_noise,3,10,2,0.4,132.01232528686523,0,SUCCESS
balance,60008,obs_noise,3,30,0,0.4,130.2239227294922,0,SUCCESS
balance,60008,obs_noise,3,30,0|1,0.4,129.25209045410156,0,SUCCESS
balance,60008,obs_noise,3,30,0|2,0.4,130.1176986694336,0,SUCCESS
balance,60008,obs_noise,3,30,1,0.4,131.0189208984375,0,SUCCESS
balance,60008,obs_noise,3,30,1|2,0.4,130.84248733520508,0,SUCCESS
balance,60008,obs_noise,3,30,2,0.4,131.80414581298828,0,SUCCESS
balance,60008,obs_noise,3,50,0,0.4,129.95574188232422,0,SUCCESS
balance,60008,obs_noise,3,50,0|1,0.4,128.62415313720703,0,SUCCESS
balance,60008,obs_noise,3,50,0|2,0.4,129.27376556396484,0,SUCCESS
balance,60008,obs_noise,3,50,1,0.4,130.6787567138672,0,SUCCESS
balance,60008,obs_noise,3,50,1|2,0.4,130.17166900634766,0,SUCCESS
balance,60008,obs_noise,3,50,2,0.4,131.18722915649414,0,SUCCESS
balance,60008,obs_noise,3,70,0,0.4,130.64929962158203,0,SUCCESS
balance,60008,obs_noise,3,70,0|1,0.4,130.22994232177734,0,SUCCESS
balance,60008,obs_noise,3,70,0|2,0.4,131.03229904174805,0,SUCCESS
balance,60008,obs_noise,3,70,1,0.4,131.52636337280273,0,SUCCESS
balance,60008,obs_noise,3,70,1|2,0.4,131.6531639099121,0,SUCCESS
balance,60008,obs_noise,3,70,2,0.4,132.01858520507812,0,SUCCESS
balance,60008,obs_noise,3,90,0,0.4,131.42510604858398,0,SUCCESS
balance,60008,obs_noise,3,90,0|1,0.4,129.72383880615234,0,SUCCESS
balance,60008,obs_noise,3,90,0|2,0.4,128.93048858642578,0,SUCCESS
balance,60008,obs_noise,3,90,1,0.4,130.97956466674805,0,SUCCESS
balance,60008,obs_noise,3,90,1|2,0.4,128.68709564208984,0,SUCCESS
balance,60008,obs_noise,3,90,2,0.4,130.19744110107422,0,SUCCESS
balance,60009,act_delay,0,10,0,1.0,78.94583129882812,1,SUCCESS
balance,60009,act_delay,0,10,1,1.0,78.94583129882812,1,SUCCESS
balance,60009,act_delay,0,10,2,1.0,78.94583129882812,1,SUCCESS
balance,60009,act_delay,0,30,0,1.0,78.94583129882812,1,SUCCESS
balance,60009,act_delay,0,30,1,1.0,78.94583129882812,1,SUCCESS
balance,60009,act_delay,0,30,2,1.0,78.94583129882812,1,SUCCESS
balance,60009,act_delay,0,50,0,1.0,78.94583129882812,1,SUCCESS
balance,60009,act_delay,0,50,1,1.0,78.94583129882812,1,SUCCESS
balance,60009,act_delay,0,50,2,1.0,78.94583129882812,1,SUCCESS
balance,60009,act_delay,0,70,0,1.0,78.94583129882812,1,SUCCESS
balance,60009,act_delay,0,70,1,1.0,78.94583129882812,1,SUCCESS
balance,60009,act_delay,0,70,2,1.0,78.94583129882812,1,SUCCESS
balance,60009,act_delay,0,90,0,1.0,78.94583129882812,1,SUCCESS
balance,60009,act_delay,0,90,1,1.0,78.94583129882812,1,SUCCESS
balance,60009,act_delay,0,90,2,1.0,78.94583129882812,1,SUCCESS
balance,60009,act_drop,0,10,0,0.1,80.74978637695312,1,SUCCESS
balance,60009,act_drop,0,10,1,0.1,78.75563049316406,1,SUCCESS
balance,60009,act_drop,0,10,2,0.1,78.99659729003906,1,SUCCESS
balance,60009,act_drop,0,30,0,0.1,78.9949951171875,1,SUCCESS
balance,60009,act_drop,0,30,1,0.1,76.67802429199219,1,SUCCESS
balance,60009,act_drop,0,30,2,0.1,76.79544067382812,1,SUCCESS
balance,60009,act_drop,0,50,0,0.1,74.30928039550781,1,SUCCESS
balance,60009,act_drop,0,50,1,0.1,74.48190307617188,1,SUCCESS
balance,60009,act_drop,0,50,2,0.1,72.14378356933594,1,SUCCESS
balance,60009,act_drop,0,70,0,0.1,76.18153381347656,1,SUCCESS
balance,60009,act_drop,0,70,1,0.1,76.03436279296875,1,SUCCESS
balance,60009,act_drop,0,70,2,0.1,78.487060546875,1,SUCCESS
balance,60009,act_drop,0,90,0,0.1,78.94583129882812,1,SUCCESS
balance,60009,act_drop,0,90,1,0.1,78.94583129882812,1,SUCCESS
balance,60009,act_drop,0,90,2,0.1,78.94583129882812,1,SUCCESS
balance,60009,act_drop,1,10,0,0.3,83.5433349609375,1,SUCCESS
balance,60009,act_drop,1,10,1,0.3,78.38740539550781,1,SUCCESS
balance,60009,act_drop,1,10,2,0.3,80.22097778320312,1,SUCCESS
balance,60009,act_drop,1,30,0,0.3,72.71429443359375,1,SUCCESS
balance,60009,act_drop,1,30,1,0.3,70.61856079101562,1,SUCCESS
balance,60009,act_drop,1,30,2,0.3,68.57711791992188,1,SUCCESS
balance,60009,act_drop,1,50,0,0.3,64.05006408691406,1,SUCCESS
balance,60009,act_drop,1,50,1,0.3,59.846099853515625,1,SUCCESS
balance,60009,act_drop,1,50,2,0.3,57.060882568359375,1,SUCCESS
balance,60009,act_drop,1,70,0,0.3,67.35726928710938,1,SUCCESS
balance,60009,act_drop,1,70,1,0.3,71.06410217285156,1,SUCCESS
balance,60009,act_drop,1,70,2,0.3,72.53521728515625,1,SUCCESS
balance,60009,act_drop,1,90,0,0.3,78.94583129882812,1,SUCCESS
balance,60009,act_drop,1,90,1,0.3,78.94583129882812,1,SUCCESS
balance,60009,act_drop,1,90,2,0.3,78.94583129882812,1,SUCCESS
balance,60009,act_noise,0,10,0,0.05,78.82099914550781,1,SUCCESS
balance,60009,act_noise,0,10,1,0.05,78.88380432128906,1,SUCCESS
balance,60009,act_noise,0,10,2,0.05,78.82708740234375,1,SUCCESS
balance,60009,act_noise,0,30,0,0.05,78.91639709472656,1,SUCCESS
balance,60009,act_noise,0,30,1,0.05,78.93328857421875,1,SUCCESS
balance,60009,act_noise,0,30,2,0.05,78.93150329589844,1,SUCCESS
balance,60009,act_noise,0,50,0,0.05,78.89822387695312,1,SUCCESS
balance,60009,act_noise,0,50,1,0.05,78.94610595703125,1,SUCCESS
balance,60009,act_noise,0,50,2,0.05,78.99806213378906,1,SUCCESS
balance,60009,act_noise,0,70,0,0.05,78.89689636230469,1,SUCCESS
balance,60009,act_noise,0,70,1,0.05,78.93896484375,1,SUCCESS
balance,60009,act_noise,0,70,2,0.05,78.98162841796875,1,SUCCESS
balance,60009,act_noise,0,90,0,0.05,78.94583129882812,1,SUCCESS
balance,60009,act_noise,0,90,1,0.05,78.94583129882812,1,SUCCESS
balance,60009,act_noise,0,90,2,0.05,78.94583129882812,1,SUCCESS
balance,60009,act_noise,1,10,0,0.2,76.29634094238281,1,SUCCESS
balance,60009,act_noise,1,10,1,0.2,77.93032836914062,1,SUCCESS
balance,60009,act_noise,1,10,2,0.2,79.89248657226562,1,SUCCESS
balance,60009,act_noise,1,30,0,0.2,75.98446655273438,1,SUCCESS
balance,60009,act_noise,1,30,1,0.2,75.80154418945312,1,SUCCESS
balance,60009,act_noise,1,30,2,0.2,78.10958862304688,1,SUCCESS
balance,60009,act_noise,1,50,0,0.2,78.17463684082031,1,SUCCESS
balance,60009,act_noise,1,50,1,0.2,75.83345031738281,1,SUCCESS
balance,60009,act_noise,1,50,2,0.2,75.95228576660156,1,SUCCESS
balance,60009,act_noise,1,70,0,0.2,78.36849975585938,1,SUCCESS
balance,60009,act_noise,1,70,1,0.2,78.35760498046875,1,SUCCESS
balance,60009,act_noise,1,70,2,0.2,78.37019348144531,1,SUCCESS
balance,60009,act_noise,1,90,0,0.2,78.94583129882812,1,SUCCESS
balance,60009,act_noise,1,90,1,0.2,78.94583129882812,1,SUCCESS
balance,60009,act_noise,1,90,2,0.2,78.94583129882812,1,SUCCESS
balance,60009,dropout,0,10,0,1.0,40.42167663574219,1,SUCCESS
balance,60009,dropout,0,10,0|1,1.0,28.900314331054688,1,SUCCESS
balance,60009,dropout,0,10,0|2,1.0,48.805572509765625,1,SUCCESS
balance,60009,dropout,0,10,1,1.0,65.35093688964844,1,SUCCESS
balance,60009,dropout,0,10,1|2,1.0,74.42193603515625,1,SUCCESS
balance,60009,dropout,0,10,2,1.0,84.37490844726562,1,SUCCESS
balance,60009,dropout,0,30,0,1.0,45.49159240722656,1,SUCCESS
balance,60009,dropout,0,30,0|1,1.0,33.80891418457031,1,SUCCESS
balance,60009,dropout,0,30,0|2,1.0,38.995147705078125,1,SUCCESS
balance,60009,dropout,0,30,1,1.0,49.02891540527344,1,SUCCESS
balance,60009,dropout,0,30,1|2,1.0,37.65751647949219,1,SUCCESS
balance,60009,dropout,0,30,2,1.0,52.534698486328125,1,SUCCESS
balance,60009,dropout,0,50,0,1.0,43.90507507324219,1,SUCCESS
balance,60009,dropout,0,50,0|1,1.0,29.867477416992188,1,SUCCESS
balance,60009,dropout,0,50,0|2,1.0,32.47801208496094,1,SUCCESS
balance,60009,dropout,0,50,1,1.0,49.69523620605469,1,SUCCESS
balance,60009,dropout,0,50,1|2,1.0,35.49110412597656,1,SUCCESS
balance,60009,dropout,0,50,2,1.0,50.51445007324219,1,SUCCESS
balance,60009,dropout,0,70,0,1.0,60.62882995605469,1,SUCCESS
balance,60009,dropout,0,70,0|1,1.0,54.15325927734375,1,SUCCESS
balance,60009,dropout,0,70,0|2,1.0,56.26753234863281,1,SUCCESS
balance,60009,dropout,0,70,1,1.0,64.24246215820312,1,SUCCESS
balance,60009,dropout,0,70,1|2,1.0,60.46925354003906,1,SUCCESS
balance,60009,dropout,0,70,2,1.0,72.7672119140625,1,SUCCESS
balance,60009,dropout,0,90,0,1.0,78.94583129882812,1,SUCCESS
balance,60009,dropout,0,90,0|1,1.0,78.94583129882812,1,SUCCESS
balance,60009,dropout,0,90,0|2,1.0,78.94583129882812,1,SUCCESS
balance,60009,dropout,0,90,1,1.0,78.94583129882812,1,SUCCESS
balance,60009,dropout,0,90,1|2,1.0,78.94583129882812,1,SUCCESS
balance,60009,dropout,0,90,2,1.0,78.94583129882812,1,SUCCESS
balance,60009,obs_noise,0,10,0,0.05,89.044921875,1,SUCCESS
balance,60009,obs_noise,0,10,0|1,0.05,84.86137390136719,1,SUCCESS
balance,60009,obs_noise,0,10,0|2,0.05,82.89994812011719,1,SUCCESS
balance,60009,obs_noise,0,10,1,0.05,86.97404479980469,1,SUCCESS
balance,60009,obs_noise,0,10,1|2,0.05,80.79345703125,1,SUCCESS
balance,60009,obs_noise,0,10,2,0.05,80.69581604003906,1,SUCCESS
balance,60009,obs_noise,0,30,0,0.05,83.14334106445312,1,SUCCESS
balance,60009,obs_noise,0,30,0|1,0.05,70.21733093261719,1,SUCCESS
balance,60009,obs_noise,0,30,0|2,0.05,68.03155517578125,1,SUCCESS
balance,60009,obs_noise,0,30,1,0.05,81.14021301269531,1,SUCCESS
balance,60009,obs_noise,0,30,1|2,0.05,63.963409423828125,1,SUCCESS
balance,60009,obs_noise,0,30,2,0.05,76.68754577636719,1,SUCCESS
balance,60009,obs_noise,0,50,0,0.05,79.09039306640625,1,SUCCESS
balance,60009,obs_noise,0,50,0|1,0.05,57.00498962402344,1,SUCCESS
balance,60009,obs_noise,0,50,0|2,0.05,59.29486083984375,1,SUCCESS
balance,60009,obs_noise,0,50,1,0.05,74.49980163574219,1,SUCCESS
balance,60009,obs_noise,0,50,1|2,0.05,56.84797668457031,1,SUCCESS
balance,60009,obs_noise,0,50,2,0.05,74.6634521484375,1,SUCCESS
balance,60009,obs_noise,0,70,0,0.05,74.23448181152344,1,SUCCESS
balance,60009,obs_noise,0,70,0|1,0.05,70.61041259765625,1,SUCCESS
balance,60009,obs_noise,0,70,0|2,0.05,70.90397644042969,1,SUCCESS
balance,60009,obs_noise,0,70,1,0.05,74.11372375488281,1,SUCCESS
balance,60009,obs_noise,0,70,1|2,0.05,73.20423889160156,1,SUCCESS
balance,60009,obs_noise,0,70,2,0.05,76.54129028320312,1,SUCCESS
balance,60009,obs_noise,0,90,0,0.05,78.94583129882812,1,SUCCESS
balance,60009,obs_noise,0,90,0|1,0.05,78.94583129882812,1,SUCCESS
balance,60009,obs_noise,0,90,0|2,0.05,78.94583129882812,1,SUCCESS
balance,60009,obs_noise,0,90,1,0.05,78.94583129882812,1,SUCCESS
balance,60009,obs_noise,0,90,1|2,0.05,78.94583129882812,1,SUCCESS
balance,60009,obs_noise,0,90,2,0.05,78.94583129882812,1,SUCCESS
balance,60009,obs_noise,1,10,0,0.1,96.49337768554688,1,SUCCESS
balance,60009,obs_noise,1,10,0|1,0.1,94.09194946289062,1,SUCCESS
balance,60009,obs_noise,1,10,0|2,0.1,90.43144226074219,1,SUCCESS
balance,60009,obs_noise,1,10,1,0.1,88.72608947753906,1,SUCCESS
balance,60009,obs_noise,1,10,1|2,0.1,80.37016296386719,1,SUCCESS
balance,60009,obs_noise,1,10,2,0.1,80.84005737304688,1,SUCCESS
balance,60009,obs_noise,1,30,0,0.1,83.07920837402344,1,SUCCESS
balance,60009,obs_noise,1,30,0|1,0.1,63.84919738769531,1,SUCCESS
balance,60009,obs_noise,1,30,0|2,0.1,57.74601745605469,1,SUCCESS
balance,60009,obs_noise,1,30,1,0.1,79.14610290527344,1,SUCCESS
balance,60009,obs_noise,1,30,1|2,0.1,49.70796203613281,1,SUCCESS
balance,60009,obs_noise,1,30,2,0.1,74.92066955566406,1,SUCCESS
balance,60009,obs_noise,1,50,0,0.1,70.25738525390625,1,SUCCESS
balance,60009,obs_noise,1,50,0|1,0.1,44.81950378417969,1,SUCCESS
balance,60009,obs_noise,1,50,0|2,0.1,44.667938232421875,1,SUCCESS
balance,60009,obs_noise,1,50,1,0.1,63.85093688964844,1,SUCCESS
balance,60009,obs_noise,1,50,1|2,0.1,44.419921875,1,SUCCESS
balance,60009,obs_noise,1,50,2,0.1,63.665771484375,1,SUCCESS
balance,60009,obs_noise,1,70,0,0.1,69.06491088867188,1,SUCCESS
balance,60009,obs_noise,1,70,0|1,0.1,65.78521728515625,1,SUCCESS
balance,60009,obs_noise,1,70,0|2,0.1,67.49917602539062,1,SUCCESS
balance,60009,obs_noise,1,70,1,0.1,68.85923767089844,1,SUCCESS
balance,60009,obs_noise,1,70,1|2,0.1,68.74223327636719,1,SUCCESS
balance,60009,obs_noise,1,70,2,0.1,71.43914794921875,1,SUCCESS
balance,60009,obs_noise,1,90,0,0.1,78.94583129882812,1,SUCCESS
balance,60009,obs_noise,1,90,0|1,0.1,78.94583129882812,1,SUCCESS
balance,60009,obs_noise,1,90,0|2,0.1,78.94583129882812,1,SUCCESS
balance,60009,obs_noise,1,90,1,0.1,78.94583129882812,1,SUCCESS
balance,60009,obs_noise,1,90,1|2,0.1,78.94583129882812,1,SUCCESS
balance,60009,obs_noise,1,90,2,0.1,78.94583129882812,1,SUCCESS
balance,60009,obs_noise,2,10,0,0.2,104.14041137695312,1,SUCCESS
balance,60009,obs_noise,2,10,0|1,0.2,96.844482421875,1,SUCCESS
balance,60009,obs_noise,2,10,0|2,0.2,85.76925659179688,1,SUCCESS
balance,60009,obs_noise,2,10,1,0.2,90.42343139648438,1,SUCCESS
balance,60009,obs_noise,2,10,1|2,0.2,79.76889038085938,1,SUCCESS
balance,60009,obs_noise,2,10,2,0.2,78.67437744140625,1,SUCCESS
balance,60009,obs_noise,2,30,0,0.2,82.88662719726562,1,SUCCESS
balance,60009,obs_noise,2,30,0|1,0.2,56.667205810546875,1,SUCCESS
balance,60009,obs_noise,2,30,0|2,0.2,46.92897033691406,1,SUCCESS
balance,60009,obs_noise,2,30,1,0.2,72.10052490234375,1,SUCCESS
balance,60009,obs_noise,2,30,1|2,0.2,39.64768981933594,1,SUCCESS
balance,60009,obs_noise,2,30,2,0.2,68.26025390625,1,SUCCESS
balance,60009,obs_noise,2,50,0,0.2,59.20060729980469,1,SUCCESS
balance,60009,obs_noise,2,50,0|1,0.2,36.995269775390625,1,SUCCESS
balance,60009,obs_noise,2,50,0|2,0.2,38.87901306152344,1,SUCCESS
balance,60009,obs_noise,2,50,1,0.2,50.0548095703125,1,SUCCESS
balance,60009,obs_noise,2,50,1|2,0.2,38.51554870605469,1,SUCCESS
balance,60009,obs_noise,2,50,2,0.2,49.97914123535156,1,SUCCESS
balance,60009,obs_noise,2,70,0,0.2,63.4061279296875,1,SUCCESS
balance,60009,obs_noise,2,70,0|1,0.2,62.751068115234375,1,SUCCESS
balance,60009,obs_noise,2,70,0|2,0.2,64.41618347167969,1,SUCCESS
balance,60009,obs_noise,2,70,1,0.2,65.123291015625,1,SUCCESS
balance,60009,obs_noise,2,70,1|2,0.2,65.79913330078125,1,SUCCESS
balance,60009,obs_noise,2,70,2,0.2,67.04635620117188,1,SUCCESS
balance,60009,obs_noise,2,90,0,0.2,78.94583129882812,1,SUCCESS
balance,60009,obs_noise,2,90,0|1,0.2,78.94583129882812,1,SUCCESS
balance,60009,obs_noise,2,90,0|2,0.2,78.94583129882812,1,SUCCESS
balance,60009,obs_noise,2,90,1,0.2,78.94583129882812,1,SUCCESS
balance,60009,obs_noise,2,90,1|2,0.2,78.94583129882812,1,SUCCESS
balance,60009,obs_noise,2,90,2,0.2,78.94583129882812,1,SUCCESS
balance,60009,obs_noise,3,10,0,0.4,131.596435546875,0,SUCCESS
balance,60009,obs_noise,3,10,0|1,0.4,69.96725463867188,1,SUCCESS
balance,60009,obs_noise,3,10,0|2,0.4,51.9993896484375,1,SUCCESS
balance,60009,obs_noise,3,10,1,0.4,91.77250671386719,1,SUCCESS
balance,60009,obs_noise,3,10,1|2,0.4,67.48077392578125,1,SUCCESS
balance,60009,obs_noise,3,10,2,0.4,75.82640075683594,1,SUCCESS
balance,60009,obs_noise,3,30,0,0.4,77.57725524902344,1,SUCCESS
balance,60009,obs_noise,3,30,0|1,0.4,41.7593994140625,1,SUCCESS
balance,60009,obs_noise,3,30,0|2,0.4,32.73175048828125,1,SUCCESS
balance,60009,obs_noise,3,30,1,0.4,67.08847045898438,1,SUCCESS
balance,60009,obs_noise,3,30,1|2,0.4,25.596084594726562,1,SUCCESS
balance,60009,obs_noise,3,30,2,0.4,61.10426330566406,1,SUCCESS
balance,60009,obs_noise,3,50,0,0.4,52.03990173339844,1,SUCCESS
balance,60009,obs_noise,3,50,0|1,0.4,29.942733764648438,1,SUCCESS
balance,60009,obs_noise,3,50,0|2,0.4,30.394821166992188,1,SUCCESS
balance,60009,obs_noise,3,50,1,0.4,44.75733947753906,1,SUCCESS
balance,60009,obs_noise,3,50,1|2,0.4,35.74369812011719,1,SUCCESS
balance,60009,obs_noise,3,50,2,0.4,44.0811767578125,1,SUCCESS
balance,60009,obs_noise,3,70,0,0.4,60.18955993652344,1,SUCCESS
balance,60009,obs_noise,3,70,0|1,0.4,58.80509948730469,1,SUCCESS
balance,60009,obs_noise,3,70,0|2,0.4,60.38804626464844,1,SUCCESS
balance,60009,obs_noise,3,70,1,0.4,63.887786865234375,1,SUCCESS
balance,60009,obs_noise,3,70,1|2,0.4,62.68830871582031,1,SUCCESS
balance,60009,obs_noise,3,70,2,0.4,67.36061096191406,1,SUCCESS
balance,60009,obs_noise,3,90,0,0.4,78.94583129882812,1,SUCCESS
balance,60009,obs_noise,3,90,0|1,0.4,78.94583129882812,1,SUCCESS
balance,60009,obs_noise,3,90,0|2,0.4,78.94583129882812,1,SUCCESS
balance,60009,obs_noise,3,90,1,0.4,78.94583129882812,1,SUCCESS
balance,60009,obs_noise,3,90,1|2,0.4,78.94583129882812,1,SUCCESS
balance,60009,obs_noise,3,90,2,0.4,78.94583129882812,1,SUCCESS
balance,60010,act_delay,0,10,0,1.0,113.15904235839844,1,SUCCESS
balance,60010,act_delay,0,10,1,1.0,113.15904235839844,1,SUCCESS
balance,60010,act_delay,0,10,2,1.0,113.15904235839844,1,SUCCESS
balance,60010,act_delay,0,30,0,1.0,113.15904235839844,1,SUCCESS
balance,60010,act_delay,0,30,1,1.0,113.15904235839844,1,SUCCESS
balance,60010,act_delay,0,30,2,1.0,113.15904235839844,1,SUCCESS
balance,60010,act_delay,0,50,0,1.0,113.15904235839844,1,SUCCESS
balance,60010,act_delay,0,50,1,1.0,113.15904235839844,1,SUCCESS
balance,60010,act_delay,0,50,2,1.0,113.15904235839844,1,SUCCESS
balance,60010,act_delay,0,70,0,1.0,113.15904235839844,1,SUCCESS
balance,60010,act_delay,0,70,1,1.0,113.15904235839844,1,SUCCESS
balance,60010,act_delay,0,70,2,1.0,113.15904235839844,1,SUCCESS
balance,60010,act_delay,0,90,0,1.0,113.15904235839844,1,SUCCESS
balance,60010,act_delay,0,90,1,1.0,113.15904235839844,1,SUCCESS
balance,60010,act_delay,0,90,2,1.0,113.15904235839844,1,SUCCESS
balance,60010,act_drop,0,10,0,0.1,113.13551330566406,1,SUCCESS
balance,60010,act_drop,0,10,1,0.1,114.65872192382812,1,SUCCESS
balance,60010,act_drop,0,10,2,0.1,143.98695373535156,0,SUCCESS
balance,60010,act_drop,0,30,0,0.1,111.36181640625,1,SUCCESS
balance,60010,act_drop,0,30,1,0.1,111.25987243652344,1,SUCCESS
balance,60010,act_drop,0,30,2,0.1,113.17689514160156,1,SUCCESS
balance,60010,act_drop,0,50,0,0.1,109.30824279785156,1,SUCCESS
balance,60010,act_drop,0,50,1,0.1,111.28472900390625,1,SUCCESS
balance,60010,act_drop,0,50,2,0.1,111.22105407714844,1,SUCCESS
balance,60010,act_drop,0,70,0,0.1,108.87538146972656,1,SUCCESS
balance,60010,act_drop,0,70,1,0.1,108.9510498046875,1,SUCCESS
balance,60010,act_drop,0,70,2,0.1,108.99371337890625,1,SUCCESS
balance,60010,act_drop,0,90,0,0.1,112.61503601074219,1,SUCCESS
balance,60010,act_drop,0,90,1,0.1,112.58271789550781,1,SUCCESS
balance,60010,act_drop,0,90,2,0.1,110.58993530273438,1,SUCCESS
balance,60010,act_drop,1,10,0,0.3,113.13551330566406,1,SUCCESS
balance,60010,act_drop,1,10,1,0.3,114.65872192382812,1,SUCCESS
balance,60010,act_drop,1,10,2,0.3,143.98695373535156,0,SUCCESS
balance,60010,act_drop,1,30,0,0.3,111.36181640625,1,SUCCESS
balance,60010,act_drop,1,30,1,0.3,111.25987243652344,1,SUCCESS
balance,60010,act_drop,1,30,2,0.3,113.17689514160156,1,SUCCESS
balance,60010,act_drop,1,50,0,0.3,109.30824279785156,1,SUCCESS
balance,60010,act_drop,1,50,1,0.3,111.28472900390625,1,SUCCESS
balance,60010,act_drop,1,50,2,0.3,111.22105407714844,1,SUCCESS
balance,60010,act_drop,1,70,0,0.3,108.87538146972656,1,SUCCESS
balance,60010,act_drop,1,70,1,0.3,108.9510498046875,1,SUCCESS
balance,60010,act_drop,1,70,2,0.3,108.99371337890625,1,SUCCESS
balance,60010,act_drop,1,90,0,0.3,112.61503601074219,1,SUCCESS
balance,60010,act_drop,1,90,1,0.3,112.58271789550781,1,SUCCESS
balance,60010,act_drop,1,90,2,0.3,110.58993530273438,1,SUCCESS
balance,60010,act_noise,0,10,0,0.05,111.42219543457031,1,SUCCESS
balance,60010,act_noise,0,10,1,0.05,111.35032653808594,1,SUCCESS
balance,60010,act_noise,0,10,2,0.05,113.25077819824219,1,SUCCESS
balance,60010,act_noise,0,30,0,0.05,111.31265258789062,1,SUCCESS
balance,60010,act_noise,0,30,1,0.05,111.34808349609375,1,SUCCESS
balance,60010,act_noise,0,30,2,0.05,111.28056335449219,1,SUCCESS
balance,60010,act_noise,0,50,0,0.05,111.26353454589844,1,SUCCESS
balance,60010,act_noise,0,50,1,0.05,111.30949401855469,1,SUCCESS
balance,60010,act_noise,0,50,2,0.05,111.29795837402344,1,SUCCESS
balance,60010,act_noise,0,70,0,0.05,111.08015441894531,1,SUCCESS
balance,60010,act_noise,0,70,1,0.05,111.08633422851562,1,SUCCESS
balance,60010,act_noise,0,70,2,0.05,111.08065795898438,1,SUCCESS
balance,60010,act_noise,0,90,0,0.05,113.20198059082031,1,SUCCESS
balance,60010,act_noise,0,90,1,0.05,113.14077758789062,1,SUCCESS
balance,60010,act_noise,0,90,2,0.05,113.16751098632812,1,SUCCESS
balance,60010,act_noise,1,10,0,0.2,110.24171447753906,1,SUCCESS
balance,60010,act_noise,1,10,1,0.2,110.1456298828125,1,SUCCESS
balance,60010,act_noise,1,10,2,0.2,111.5701904296875,1,SUCCESS
balance,60010,act_noise,1,30,0,0.2,109.81814575195312,1,SUCCESS
balance,60010,act_noise,1,30,1,0.2,109.74092102050781,1,SUCCESS
balance,60010,act_noise,1,30,2,0.2,109.70223999023438,1,SUCCESS
balance,60010,act_noise,1,50,0,0.2,107.59506225585938,1,SUCCESS
balance,60010,act_noise,1,50,1,0.2,107.44120788574219,1,SUCCESS
balance,60010,act_noise,1,50,2,0.2,107.33198547363281,1,SUCCESS
balance,60010,act_noise,1,70,0,0.2,110.94163513183594,1,SUCCESS
balance,60010,act_noise,1,70,1,0.2,110.75587463378906,1,SUCCESS
balance,60010,act_noise,1,70,2,0.2,110.69142150878906,1,SUCCESS
balance,60010,act_noise,1,90,0,0.2,113.18778991699219,1,SUCCESS
balance,60010,act_noise,1,90,1,0.2,113.10800170898438,1,SUCCESS
balance,60010,act_noise,1,90,2,0.2,113.08786010742188,1,SUCCESS
balance,60010,dropout,0,10,0,1.0,91.94142150878906,1,SUCCESS
balance,60010,dropout,0,10,0|1,1.0,94.62675476074219,1,SUCCESS
balance,60010,dropout,0,10,0|2,1.0,125.99871826171875,0,SUCCESS
balance,60010,dropout,0,10,1,1.0,135.0216522216797,0,SUCCESS
balance,60010,dropout,0,10,1|2,1.0,96.67034912109375,1,SUCCESS
balance,60010,dropout,0,10,2,1.0,102.90426635742188,1,SUCCESS
balance,60010,dropout,0,30,0,1.0,92.66267395019531,1,SUCCESS
balance,60010,dropout,0,30,0|1,1.0,74.12356567382812,1,SUCCESS
balance,60010,dropout,0,30,0|2,1.0,61.24177551269531,1,SUCCESS
balance,60010,dropout,0,30,1,1.0,95.01301574707031,1,SUCCESS
balance,60010,dropout,0,30,1|2,1.0,48.92820739746094,1,SUCCESS
balance,60010,dropout,0,30,2,1.0,82.22685241699219,1,SUCCESS
balance,60010,dropout,0,50,0,1.0,87.67872619628906,1,SUCCESS
balance,60010,dropout,0,50,0|1,1.0,63.74702453613281,1,SUCCESS
balance,60010,dropout,0,50,0|2,1.0,58.40702819824219,1,SUCCESS
balance,60010,dropout,0,50,1,1.0,85.81123352050781,1,SUCCESS
balance,60010,dropout,0,50,1|2,1.0,53.14329528808594,1,SUCCESS
balance,60010,dropout,0,50,2,1.0,78.4405517578125,1,SUCCESS
balance,60010,dropout,0,70,0,1.0,96.90023803710938,1,SUCCESS
balance,60010,dropout,0,70,0|1,1.0,83.08534240722656,1,SUCCESS
balance,60010,dropout,0,70,0|2,1.0,80.34832763671875,1,SUCCESS
balance,60010,dropout,0,70,1,1.0,96.02645874023438,1,SUCCESS
balance,60010,dropout,0,70,1|2,1.0,73.74847412109375,1,SUCCESS
balance,60010,dropout,0,70,2,1.0,86.73866271972656,1,SUCCESS
balance,60010,dropout,0,90,0,1.0,140.77423095703125,0,SUCCESS
balance,60010,dropout,0,90,0|1,1.0,135.7188720703125,0,SUCCESS
balance,60010,dropout,0,90,0|2,1.0,106.08219909667969,1,SUCCESS
balance,60010,dropout,0,90,1,1.0,109.75346374511719,1,SUCCESS
balance,60010,dropout,0,90,1|2,1.0,105.2838134765625,1,SUCCESS
balance,60010,dropout,0,90,2,1.0,108.45185852050781,1,SUCCESS
balance,60010,obs_noise,0,10,0,0.05,142.93016052246094,0,SUCCESS
balance,60010,obs_noise,0,10,0|1,0.05,143.91751098632812,0,SUCCESS
balance,60010,obs_noise,0,10,0|2,0.05,143.81973266601562,0,SUCCESS
balance,60010,obs_noise,0,10,1,0.05,142.918212890625,0,SUCCESS
balance,60010,obs_noise,0,10,1|2,0.05,143.6967315673828,0,SUCCESS
balance,60010,obs_noise,0,10,2,0.05,143.2108612060547,0,SUCCESS
balance,60010,obs_noise,0,30,0,0.05,143.87818908691406,0,SUCCESS
balance,60010,obs_noise,0,30,0|1,0.05,114.50830078125,1,SUCCESS
balance,60010,obs_noise,0,30,0|2,0.05,144.2698516845703,0,SUCCESS
balance,60010,obs_noise,0,30,1,0.05,143.60142517089844,0,SUCCESS
balance,60010,obs_noise,0,30,1|2,0.05,144.03973388671875,0,SUCCESS
balance,60010,obs_noise,0,30,2,0.05,143.28836059570312,0,SUCCESS
balance,60010,obs_noise,0,50,0,0.05,144.2519073486328,0,SUCCESS
balance,60010,obs_noise,0,50,0|1,0.05,112.58445739746094,1,SUCCESS
balance,60010,obs_noise,0,50,0|2,0.05,114.52523803710938,1,SUCCESS
balance,60010,obs_noise,0,50,1,0.05,144.15481567382812,0,SUCCESS
balance,60010,obs_noise,0,50,1|2,0.05,114.47886657714844,1,SUCCESS
balance,60010,obs_noise,0,50,2,0.05,143.92630004882812,0,SUCCESS
balance,60010,obs_noise,0,70,0,0.05,144.945556640625,0,SUCCESS
balance,60010,obs_noise,0,70,0|1,0.05,114.58039855957031,1,SUCCESS
balance,60010,obs_noise,0,70,0|2,0.05,114.63528442382812,1,SUCCESS
balance,60010,obs_noise,0,70,1,0.05,145.02410888671875,0,SUCCESS
balance,60010,obs_noise,0,70,1|2,0.05,114.71658325195312,1,SUCCESS
balance,60010,obs_noise,0,70,2,0.05,145.0799560546875,0,SUCCESS
balance,60010,obs_noise,0,90,0,0.05,113.36457824707031,1,SUCCESS
balance,60010,obs_noise,0,90,0|1,0.05,113.13395690917969,1,SUCCESS
balance,60010,obs_noise,0,90,0|2,0.05,113.22409057617188,1,SUCCESS
balance,60010,obs_noise,0,90,1,0.05,113.40939331054688,1,SUCCESS
balance,60010,obs_noise,0,90,1|2,0.05,113.272705078125,1,SUCCESS
balance,60010,obs_noise,0,90,2,0.05,113.34100341796875,1,SUCCESS
balance,60010,obs_noise,1,10,0,0.1,140.84669494628906,0,SUCCESS
balance,60010,obs_noise,1,10,0|1,0.1,141.96514892578125,0,SUCCESS
balance,60010,obs_noise,1,10,0|2,0.1,141.532470703125,0,SUCCESS
balance,60010,obs_noise,1,10,1,0.1,140.72882080078125,0,SUCCESS
balance,60010,obs_noise,1,10,1|2,0.1,140.75454711914062,0,SUCCESS
balance,60010,obs_noise,1,10,2,0.1,141.3310089111328,0,SUCCESS
balance,60010,obs_noise,1,30,0,0.1,142.70681762695312,0,SUCCESS
balance,60010,obs_noise,1,30,0|1,0.1,110.13107299804688,1,SUCCESS
balance,60010,obs_noise,1,30,0|2,0.1,113.67109680175781,1,SUCCESS
balance,60010,obs_noise,1,30,1,0.1,142.31153869628906,0,SUCCESS
balance,60010,obs_noise,1,30,1|2,0.1,143.1979522705078,0,SUCCESS
balance,60010,obs_noise,1,30,2,0.1,141.58383178710938,0,SUCCESS
balance,60010,obs_noise,1,50,0,0.1,143.2057342529297,0,SUCCESS
balance,60010,obs_noise,1,50,0|1,0.1,103.85833740234375,1,SUCCESS
balance,60010,obs_noise,1,50,0|2,0.1,105.81729125976562,1,SUCCESS
balance,60010,obs_noise,1,50,1,0.1,143.10415649414062,0,SUCCESS
balance,60010,obs_noise,1,50,1|2,0.1,109.89166259765625,1,SUCCESS
balance,60010,obs_noise,1,50,2,0.1,142.7853240966797,0,SUCCESS
balance,60010,obs_noise,1,70,0,0.1,143.59432983398438,0,SUCCESS
balance,60010,obs_noise,1,70,0|1,0.1,108.02998352050781,1,SUCCESS
balance,60010,obs_noise,1,70,0|2,0.1,106.36102294921875,1,SUCCESS
balance,60010,obs_noise,1,70,1,0.1,144.0216064453125,0,SUCCESS
balance,60010,obs_noise,1,70,1|2,0.1,106.72343444824219,1,SUCCESS
balance,60010,obs_noise,1,70,2,0.1,144.31114196777344,0,SUCCESS
balance,60010,obs_noise,1,90,0,0.1,113.28126525878906,1,SUCCESS
balance,60010,obs_noise,1,90,0|1,0.1,112.36074829101562,1,SUCCESS
balance,60010,obs_noise,1,90,0|2,0.1,112.50041198730469,1,SUCCESS
balance,60010,obs_noise,1,90,1,0.1,113.43086242675781,1,SUCCESS
balance,60010,obs_noise,1,90,1|2,0.1,112.67985534667969,1,SUCCESS
balance,60010,obs_noise,1,90,2,0.1,113.29605102539062,1,SUCCESS
balance,60010,obs_noise,2,10,0,0.2,137.00381469726562,0,SUCCESS
balance,60010,obs_noise,2,10,0|1,0.2,137.9568328857422,0,SUCCESS
balance,60010,obs_noise,2,10,0|2,0.2,136.36495971679688,0,SUCCESS
balance,60010,obs_noise,2,10,1,0.2,135.66952514648438,0,SUCCESS
balance,60010,obs_noise,2,10,1|2,0.2,134.19007873535156,0,SUCCESS
balance,60010,obs_noise,2,10,2,0.2,136.83389282226562,0,SUCCESS
balance,60010,obs_noise,2,30,0,0.2,140.04579162597656,0,SUCCESS
balance,60010,obs_noise,2,30,0|1,0.2,105.97810363769531,1,SUCCESS
balance,60010,obs_noise,2,30,0|2,0.2,111.42379760742188,1,SUCCESS
balance,60010,obs_noise,2,30,1,0.2,139.60459899902344,0,SUCCESS
balance,60010,obs_noise,2,30,1|2,0.2,140.56077575683594,0,SUCCESS
balance,60010,obs_noise,2,30,2,0.2,138.43556213378906,0,SUCCESS
balance,60010,obs_noise,2,50,0,0.2,140.5744171142578,0,SUCCESS
balance,60010,obs_noise,2,50,0|1,0.2,91.16986083984375,1,SUCCESS
balance,60010,obs_noise,2,50,0|2,0.2,95.57322692871094,1,SUCCESS
balance,60010,obs_noise,2,50,1,0.2,140.6875762939453,0,SUCCESS
balance,60010,obs_noise,2,50,1|2,0.2,101.56535339355469,1,SUCCESS
balance,60010,obs_noise,2,50,2,0.2,140.2002410888672,0,SUCCESS
balance,60010,obs_noise,2,70,0,0.2,140.60330200195312,0,SUCCESS
balance,60010,obs_noise,2,70,0|1,0.2,99.14002990722656,1,SUCCESS
balance,60010,obs_noise,2,70,0|2,0.2,100.29981994628906,1,SUCCESS
balance,60010,obs_noise,2,70,1,0.2,141.2930145263672,0,SUCCESS
balance,60010,obs_noise,2,70,1|2,0.2,99.14263916015625,1,SUCCESS
balance,60010,obs_noise,2,70,2,0.2,141.99151611328125,0,SUCCESS
balance,60010,obs_noise,2,90,0,0.2,112.87911987304688,1,SUCCESS
balance,60010,obs_noise,2,90,0|1,0.2,113.11221313476562,1,SUCCESS
balance,60010,obs_noise,2,90,0|2,0.2,111.51104736328125,1,SUCCESS
balance,60010,obs_noise,2,90,1,0.2,113.19273376464844,1,SUCCESS
balance,60010,obs_noise,2,90,1|2,0.2,111.725830078125,1,SUCCESS
balance,60010,obs_noise,2,90,2,0.2,112.93721008300781,1,SUCCESS
balance,60010,obs_noise,3,10,0,0.4,131.296142578125,0,SUCCESS
balance,60010,obs_noise,3,10,0|1,0.4,134.04574584960938,0,SUCCESS
balance,60010,obs_noise,3,10,0|2,0.4,134.2181396484375,0,SUCCESS
balance,60010,obs_noise,3,10,1,0.4,131.2408905029297,0,SUCCESS
balance,60010,obs_noise,3,10,1|2,0.4,129.69113159179688,0,SUCCESS
balance,60010,obs_noise,3,10,2,0.4,129.91552734375,0,SUCCESS
balance,60010,obs_noise,3,30,0,0.4,137.1855926513672,0,SUCCESS
balance,60010,obs_noise,3,30,0|1,0.4,103.04850769042969,1,SUCCESS
balance,60010,obs_noise,3,30,0|2,0.4,104.90579223632812,1,SUCCESS
balance,60010,obs_noise,3,30,1,0.4,136.8046417236328,0,SUCCESS
balance,60010,obs_noise,3,30,1|2,0.4,137.72964477539062,0,SUCCESS
balance,60010,obs_noise,3,30,2,0.4,135.626220703125,0,SUCCESS
balance,60010,obs_noise,3,50,0,0.4,138.24302673339844,0,SUCCESS
balance,60010,obs_noise,3,50,0|1,0.4,83.74790954589844,1,SUCCESS
balance,60010,obs_noise,3,50,0|2,0.4,88.2989501953125,1,SUCCESS
balance,60010,obs_noise,3,50,1,0.4,138.34561157226562,0,SUCCESS
balance,60010,obs_noise,3,50,1|2,0.4,96.6815185546875,1,SUCCESS
balance,60010,obs_noise,3,50,2,0.4,137.4404296875,0,SUCCESS
balance,60010,obs_noise,3,70,0,0.4,138.53192138671875,0,SUCCESS
balance,60010,obs_noise,3,70,0|1,0.4,95.44523620605469,1,SUCCESS
balance,60010,obs_noise,3,70,0|2,0.4,95.90936279296875,1,SUCCESS
balance,60010,obs_noise,3,70,1,0.4,138.9320526123047,0,SUCCESS
balance,60010,obs_noise,3,70,1|2,0.4,95.28643798828125,1,SUCCESS
balance,60010,obs_noise,3,70,2,0.4,139.5883026123047,0,SUCCESS
balance,60010,obs_noise,3,90,0,0.4,114.55380249023438,1,SUCCESS
balance,60010,obs_noise,3,90,0|1,0.4,142.7636260986328,0,SUCCESS
balance,60010,obs_noise,3,90,0|2,0.4,111.01780700683594,1,SUCCESS
balance,60010,obs_noise,3,90,1,0.4,114.77394104003906,1,SUCCESS
balance,60010,obs_noise,3,90,1|2,0.4,111.56808471679688,1,SUCCESS
balance,60010,obs_noise,3,90,2,0.4,112.38546752929688,1,SUCCESS
balance,60011,act_delay,0,10,0,1.0,116.86647033691406,0,SUCCESS
balance,60011,act_delay,0,10,1,1.0,116.86647033691406,0,SUCCESS
balance,60011,act_delay,0,10,2,1.0,116.86647033691406,0,SUCCESS
balance,60011,act_delay,0,30,0,1.0,116.86647033691406,0,SUCCESS
balance,60011,act_delay,0,30,1,1.0,116.86647033691406,0,SUCCESS
balance,60011,act_delay,0,30,2,1.0,116.86647033691406,0,SUCCESS
balance,60011,act_delay,0,50,0,1.0,116.86647033691406,0,SUCCESS
balance,60011,act_delay,0,50,1,1.0,116.86647033691406,0,SUCCESS
balance,60011,act_delay,0,50,2,1.0,116.86647033691406,0,SUCCESS
balance,60011,act_delay,0,70,0,1.0,116.86647033691406,0,SUCCESS
balance,60011,act_delay,0,70,1,1.0,116.86647033691406,0,SUCCESS
balance,60011,act_delay,0,70,2,1.0,116.86647033691406,0,SUCCESS
balance,60011,act_delay,0,90,0,1.0,116.86647033691406,0,SUCCESS
balance,60011,act_delay,0,90,1,1.0,116.86647033691406,0,SUCCESS
balance,60011,act_delay,0,90,2,1.0,116.86647033691406,0,SUCCESS
balance,60011,act_drop,0,10,0,0.1,116.06863403320312,0,SUCCESS
balance,60011,act_drop,0,10,1,0.1,115.58116149902344,0,SUCCESS
balance,60011,act_drop,0,10,2,0.1,114.93113708496094,0,SUCCESS
balance,60011,act_drop,0,30,0,0.1,115.75442504882812,0,SUCCESS
balance,60011,act_drop,0,30,1,0.1,115.62661743164062,0,SUCCESS
balance,60011,act_drop,0,30,2,0.1,115.49986267089844,0,SUCCESS
balance,60011,act_drop,0,50,0,0.1,115.73519897460938,0,SUCCESS
balance,60011,act_drop,0,50,1,0.1,115.65321350097656,0,SUCCESS
balance,60011,act_drop,0,50,2,0.1,115.58509826660156,0,SUCCESS
balance,60011,act_drop,0,70,0,0.1,115.6893310546875,0,SUCCESS
balance,60011,act_drop,0,70,1,0.1,115.68109130859375,0,SUCCESS
balance,60011,act_drop,0,70,2,0.1,115.67106628417969,0,SUCCESS
balance,60011,act_drop,0,90,0,0.1,115.52815246582031,0,SUCCESS
balance,60011,act_drop,0,90,1,0.1,115.69134521484375,0,SUCCESS
balance,60011,act_drop,0,90,2,0.1,115.86872863769531,0,SUCCESS
balance,60011,act_drop,1,10,0,0.3,115.39022827148438,0,SUCCESS
balance,60011,act_drop,1,10,1,0.3,115.18643188476562,0,SUCCESS
balance,60011,act_drop,1,10,2,0.3,114.78822326660156,0,SUCCESS
balance,60011,act_drop,1,30,0,0.3,115.14179992675781,0,SUCCESS
balance,60011,act_drop,1,30,1,0.3,115.06846618652344,0,SUCCESS
balance,60011,act_drop,1,30,2,0.3,114.97027587890625,0,SUCCESS
balance,60011,act_drop,1,50,0,0.3,115.14509582519531,0,SUCCESS
balance,60011,act_drop,1,50,1,0.3,115.08531188964844,0,SUCCESS
balance,60011,act_drop,1,50,2,0.3,115.0081787109375,0,SUCCESS
balance,60011,act_drop,1,70,0,0.3,115.19686889648438,0,SUCCESS
balance,60011,act_drop,1,70,1,0.3,115.11978149414062,0,SUCCESS
balance,60011,act_drop,1,70,2,0.3,115.01206970214844,0,SUCCESS
balance,60011,act_drop,1,90,0,0.3,115.55158996582031,0,SUCCESS
balance,60011,act_drop,1,90,1,0.3,115.68228149414062,0,SUCCESS
balance,60011,act_drop,1,90,2,0.3,115.81668090820312,0,SUCCESS
balance,60011,act_noise,0,10,0,0.05,116.85447692871094,0,SUCCESS
balance,60011,act_noise,0,10,1,0.05,116.87297058105469,0,SUCCESS
balance,60011,act_noise,0,10,2,0.05,116.90803527832031,0,SUCCESS
balance,60011,act_noise,0,30,0,0.05,116.8802490234375,0,SUCCESS
balance,60011,act_noise,0,30,1,0.05,116.89315795898438,0,SUCCESS
balance,60011,act_noise,0,30,2,0.05,116.90469360351562,0,SUCCESS
balance,60011,act_noise,0,50,0,0.05,116.90409851074219,0,SUCCESS
balance,60011,act_noise,0,50,1,0.05,116.90794372558594,0,SUCCESS
balance,60011,act_noise,0,50,2,0.05,116.91307067871094,0,SUCCESS
balance,60011,act_noise,0,70,0,0.05,116.93399047851562,0,SUCCESS
balance,60011,act_noise,0,70,1,0.05,116.9329833984375,0,SUCCESS
balance,60011,act_noise,0,70,2,0.05,116.93293762207031,0,SUCCESS
balance,60011,act_noise,0,90,0,0.05,116.85008239746094,0,SUCCESS
balance,60011,act_noise,0,90,1,0.05,116.85452270507812,0,SUCCESS
balance,60011,act_noise,0,90,2,0.05,116.85914611816406,0,SUCCESS
balance,60011,act_noise,1,10,0,0.2,116.5345458984375,0,SUCCESS
balance,60011,act_noise,1,10,1,0.2,116.52333068847656,0,SUCCESS
balance,60011,act_noise,1,10,2,0.2,116.61589050292969,0,SUCCESS
balance,60011,act_noise,1,30,0,0.2,116.5982666015625,0,SUCCESS
balance,60011,act_noise,1,30,1,0.2,116.60641479492188,0,SUCCESS
balance,60011,act_noise,1,30,2,0.2,116.607421875,0,SUCCESS
balance,60011,act_noise,1,50,0,0.2,116.70854187011719,0,SUCCESS
balance,60011,act_noise,1,50,1,0.2,116.70758056640625,0,SUCCESS
balance,60011,act_noise,1,50,2,0.2,116.70639038085938,0,SUCCESS
balance,60011,act_noise,1,70,0,0.2,116.85800170898438,0,SUCCESS
balance,60011,act_noise,1,70,1,0.2,116.85374450683594,0,SUCCESS
balance,60011,act_noise,1,70,2,0.2,116.85260009765625,0,SUCCESS
balance,60011,act_noise,1,90,0,0.2,116.77043151855469,0,SUCCESS
balance,60011,act_noise,1,90,1,0.2,116.77560424804688,0,SUCCESS
balance,60011,act_noise,1,90,2,0.2,116.7630615234375,0,SUCCESS
balance,60011,dropout,0,10,0,1.0,111.49658203125,0,SUCCESS
balance,60011,dropout,0,10,0|1,1.0,105.3489990234375,0,SUCCESS
balance,60011,dropout,0,10,0|2,1.0,103.54916381835938,0,SUCCESS
balance,60011,dropout,0,10,1,1.0,110.63072204589844,0,SUCCESS
balance,60011,dropout,0,10,1|2,1.0,102.57170104980469,0,SUCCESS
balance,60011,dropout,0,10,2,1.0,109.21202087402344,0,SUCCESS
balance,60011,dropout,0,30,0,1.0,110.60101318359375,0,SUCCESS
balance,60011,dropout,0,30,0|1,1.0,103.98257446289062,0,SUCCESS
balance,60011,dropout,0,30,0|2,1.0,103.62373352050781,0,SUCCESS
balance,60011,dropout,0,30,1,1.0,110.39804077148438,0,SUCCESS
balance,60011,dropout,0,30,1|2,1.0,103.17343139648438,0,SUCCESS
balance,60011,dropout,0,30,2,1.0,109.91194152832031,0,SUCCESS
balance,60011,dropout,0,50,0,1.0,110.44198608398438,0,SUCCESS
balance,60011,dropout,0,50,0|1,1.0,103.75827026367188,0,SUCCESS
balance,60011,dropout,0,50,0|2,1.0,103.64808654785156,0,SUCCESS
balance,60011,dropout,0,50,1,1.0,110.29316711425781,0,SUCCESS
balance,60011,dropout,0,50,1|2,1.0,103.35191345214844,0,SUCCESS
balance,60011,dropout,0,50,2,1.0,110.01544189453125,0,SUCCESS
balance,60011,dropout,0,70,0,1.0,110.40481567382812,0,SUCCESS
balance,60011,dropout,0,70,0|1,1.0,103.5208740234375,0,SUCCESS
balance,60011,dropout,0,70,0|2,1.0,103.72673034667969,0,SUCCESS
balance,60011,dropout,0,70,1,1.0,110.38206481933594,0,SUCCESS
balance,60011,dropout,0,70,1|2,1.0,103.44685363769531,0,SUCCESS
balance,60011,dropout,0,70,2,1.0,110.00505065917969,0,SUCCESS
balance,60011,dropout,0,90,0,1.0,113.57125854492188,0,SUCCESS
balance,60011,dropout,0,90,0|1,1.0,110.13583374023438,0,SUCCESS
balance,60011,dropout,0,90,0|2,1.0,110.53266906738281,0,SUCCESS
balance,60011,dropout,0,90,1,1.0,114.0999755859375,0,SUCCESS
balance,60011,dropout,0,90,1|2,1.0,111.04014587402344,0,SUCCESS
balance,60011,dropout,0,90,2,1.0,114.37010192871094,0,SUCCESS
balance,60011,obs_noise,0,10,0,0.05,116.24244689941406,0,SUCCESS
balance,60011,obs_noise,0,10,0|1,0.05,116.77720642089844,0,SUCCESS
balance,60011,obs_noise,0,10,0|2,0.05,117.02975463867188,0,SUCCESS
balance,60011,obs_noise,0,10,1,0.05,116.49838256835938,0,SUCCESS
balance,60011,obs_noise,0,10,1|2,0.05,117.32084655761719,0,SUCCESS
balance,60011,obs_noise,0,10,2,0.05,116.73124694824219,0,SUCCESS
balance,60011,obs_noise,0,30,0,0.05,116.49838256835938,0,SUCCESS
balance,60011,obs_noise,0,30,0|1,0.05,116.75212097167969,0,SUCCESS
balance,60011,obs_noise,0,30,0|2,0.05,116.83213806152344,0,SUCCESS
balance,60011,obs_noise,0,30,1,0.05,116.60527038574219,0,SUCCESS
balance,60011,obs_noise,0,30,1|2,0.05,116.96182250976562,0,SUCCESS
balance,60011,obs_noise,0,30,2,0.05,116.71165466308594,0,SUCCESS
balance,60011,obs_noise,0,50,0,0.05,116.73472595214844,0,SUCCESS
balance,60011,obs_noise,0,50,0|1,0.05,116.77555847167969,0,SUCCESS
balance,60011,obs_noise,0,50,0|2,0.05,116.79670715332031,0,SUCCESS
balance,60011,obs_noise,0,50,1,0.05,116.75765991210938,0,SUCCESS
balance,60011,obs_noise,0,50,1|2,0.05,116.82119750976562,0,SUCCESS
balance,60011,obs_noise,0,50,2,0.05,116.78228759765625,0,SUCCESS
balance,60011,obs_noise,0,70,0,0.05,117.10162353515625,0,SUCCESS
balance,60011,obs_noise,0,70,0|1,0.05,116.81034851074219,0,SUCCESS
balance,60011,obs_noise,0,70,0|2,0.05,116.74580383300781,0,SUCCESS
balance,60011,obs_noise,0,70,1,0.05,117.000732421875,0,SUCCESS
balance,60011,obs_noise,0,70,1|2,0.05,116.63140869140625,0,SUCCESS
balance,60011,obs_noise,0,70,2,0.05,116.90762329101562,0,SUCCESS
balance,60011,obs_noise,0,90,0,0.05,116.88038635253906,0,SUCCESS
balance,60011,obs_noise,0,90,0|1,0.05,116.96932983398438,0,SUCCESS
balance,60011,obs_noise,0,90,0|2,0.05,116.94328308105469,0,SUCCESS
balance,60011,obs_noise,0,90,1,0.05,116.85978698730469,0,SUCCESS
balance,60011,obs_noise,0,90,1|2,0.05,116.98283386230469,0,SUCCESS
balance,60011,obs_noise,0,90,2,0.05,116.84184265136719,0,SUCCESS
balance,60011,obs_noise,1,10,0,0.1,115.60423278808594,0,SUCCESS
balance,60011,obs_noise,1,10,0|1,0.1,116.42056274414062,0,SUCCESS
balance,60011,obs_noise,1,10,0|2,0.1,116.84806823730469,0,SUCCESS
balance,60011,obs_noise,1,10,1,0.1,116.17076110839844,0,SUCCESS
balance,60011,obs_noise,1,10,1|2,0.1,117.45355224609375,0,SUCCESS
balance,60011,obs_noise,1,10,2,0.1,116.55244445800781,0,SUCCESS
balance,60011,obs_noise,1,30,0,0.1,116.10978698730469,0,SUCCESS
balance,60011,obs_noise,1,30,0|1,0.1,116.43869018554688,0,SUCCESS
balance,60011,obs_noise,1,30,0|2,0.1,116.58499145507812,0,SUCCESS
balance,60011,obs_noise,1,30,1,0.1,116.31404113769531,0,SUCCESS
balance,60011,obs_noise,1,30,1|2,0.1,116.83868408203125,0,SUCCESS
balance,60011,obs_noise,1,30,2,0.1,116.50538635253906,0,SUCCESS
balance,60011,obs_noise,1,50,0,0.1,116.52493286132812,0,SUCCESS
balance,60011,obs_noise,1,50,0|1,0.1,116.53504943847656,0,SUCCESS
balance,60011,obs_noise,1,50,0|2,0.1,116.57112121582031,0,SUCCESS
balance,60011,obs_noise,1,50,1,0.1,116.56915283203125,0,SUCCESS
balance,60011,obs_noise,1,50,1|2,0.1,116.61698913574219,0,SUCCESS
balance,60011,obs_noise,1,50,2,0.1,116.61405944824219,0,SUCCESS
balance,60011,obs_noise,1,70,0,0.1,117.31777954101562,0,SUCCESS
balance,60011,obs_noise,1,70,0|1,0.1,116.69064331054688,0,SUCCESS
balance,60011,obs_noise,1,70,0|2,0.1,116.54914855957031,0,SUCCESS
balance,60011,obs_noise,1,70,1,0.1,116.97711181640625,0,SUCCESS
balance,60011,obs_noise,1,70,1|2,0.1,116.33262634277344,0,SUCCESS
balance,60011,obs_noise,1,70,2,0.1,116.7938232421875,0,SUCCESS
balance,60011,obs_noise,1,90,0,0.1,116.79716491699219,0,SUCCESS
balance,60011,obs_noise,1,90,0|1,0.1,116.95527648925781,0,SUCCESS
balance,60011,obs_noise,1,90,0|2,0.1,116.9146728515625,0,SUCCESS
balance,60011,obs_noise,1,90,1,0.1,116.76823425292969,0,SUCCESS
balance,60011,obs_noise,1,90,1|2,0.1,116.9219970703125,0,SUCCESS
balance,60011,obs_noise,1,90,2,0.1,116.80961608886719,0,SUCCESS
balance,60011,obs_noise,2,10,0,0.2,114.60319519042969,0,SUCCESS
balance,60011,obs_noise,2,10,0|1,0.2,115.29505920410156,0,SUCCESS
balance,60011,obs_noise,2,10,0|2,0.2,115.48402404785156,0,SUCCESS
balance,60011,obs_noise,2,10,1,0.2,115.02433776855469,0,SUCCESS
balance,60011,obs_noise,2,10,1|2,0.2,116.09001159667969,0,SUCCESS
balance,60011,obs_noise,2,10,2,0.2,115.24667358398438,0,SUCCESS
balance,60011,obs_noise,2,30,0,0.2,115.14811706542969,0,SUCCESS
balance,60011,obs_noise,2,30,0|1,0.2,115.32627868652344,0,SUCCESS
balance,60011,obs_noise,2,30,0|2,0.2,115.46983337402344,0,SUCCESS
balance,60011,obs_noise,2,30,1,0.2,115.34774780273438,0,SUCCESS
balance,60011,obs_noise,2,30,1|2,0.2,115.76275634765625,0,SUCCESS
balance,60011,obs_noise,2,30,2,0.2,115.538818359375,0,SUCCESS
balance,60011,obs_noise,2,50,0,0.2,116.74209594726562,0,SUCCESS
balance,60011,obs_noise,2,50,0|1,0.2,115.5347900390625,0,SUCCESS
balance,60011,obs_noise,2,50,0|2,0.2,115.52403259277344,0,SUCCESS
balance,60011,obs_noise,2,50,1,0.2,115.76174926757812,0,SUCCESS
balance,60011,obs_noise,2,50,1|2,0.2,115.54747009277344,0,SUCCESS
balance,60011,obs_noise,2,50,2,0.2,115.79731750488281,0,SUCCESS
balance,60011,obs_noise,2,70,0,0.2,116.97669982910156,0,SUCCESS
balance,60011,obs_noise,2,70,0|1,0.2,115.84034729003906,0,SUCCESS
balance,60011,obs_noise,2,70,0|2,0.2,115.57420349121094,0,SUCCESS
balance,60011,obs_noise,2,70,1,0.2,116.49009704589844,0,SUCCESS
balance,60011,obs_noise,2,70,1|2,0.2,115.28009033203125,0,SUCCESS
balance,60011,obs_noise,2,70,2,0.2,116.16755676269531,0,SUCCESS
balance,60011,obs_noise,2,90,0,0.2,116.15217590332031,0,SUCCESS
balance,60011,obs_noise,2,90,0|1,0.2,116.27998352050781,0,SUCCESS
balance,60011,obs_noise,2,90,0|2,0.2,116.22175598144531,0,SUCCESS
balance,60011,obs_noise,2,90,1,0.2,116.27755737304688,0,SUCCESS
balance,60011,obs_noise,2,90,1|2,0.2,116.42129516601562,0,SUCCESS
balance,60011,obs_noise,2,90,2,0.2,116.4114990234375,0,SUCCESS
balance,60011,obs_noise,3,10,0,0.4,113.08515930175781,0,SUCCESS
balance,60011,obs_noise,3,10,0|1,0.4,112.39659118652344,0,SUCCESS
balance,60011,obs_noise,3,10,0|2,0.4,111.7913818359375,0,SUCCESS
balance,60011,obs_noise,3,10,1,0.4,113.30342102050781,0,SUCCESS
balance,60011,obs_noise,3,10,1|2,0.4,112.13749694824219,0,SUCCESS
balance,60011,obs_noise,3,10,2,0.4,112.71817016601562,0,SUCCESS
balance,60011,obs_noise,3,30,0,0.4,113.59162902832031,0,SUCCESS
balance,60011,obs_noise,3,30,0|1,0.4,112.26063537597656,0,SUCCESS
balance,60011,obs_noise,3,30,0|2,0.4,112.24227905273438,0,SUCCESS
balance,60011,obs_noise,3,30,1,0.4,113.41419982910156,0,SUCCESS
balance,60011,obs_noise,3,30,1|2,0.4,112.49240112304688,0,SUCCESS
balance,60011,obs_noise,3,30,2,0.4,113.46171569824219,0,SUCCESS
balance,60011,obs_noise,3,50,0,0.4,115.29345703125,0,SUCCESS
balance,60011,obs_noise,3,50,0|1,0.4,112.5281982421875,0,SUCCESS
balance,60011,obs_noise,3,50,0|2,0.4,112.41288757324219,0,SUCCESS
balance,60011,obs_noise,3,50,1,0.4,114.065185546875,0,SUCCESS
balance,60011,obs_noise,3,50,1|2,0.4,112.48146057128906,0,SUCCESS
balance,60011,obs_noise,3,50,2,0.4,113.98260498046875,0,SUCCESS
balance,60011,obs_noise,3,70,0,0.4,115.57937622070312,0,SUCCESS
balance,60011,obs_noise,3,70,0|1,0.4,112.91743469238281,0,SUCCESS
balance,60011,obs_noise,3,70,0|2,0.4,112.62281799316406,0,SUCCESS
balance,60011,obs_noise,3,70,1,0.4,115.18977355957031,0,SUCCESS
balance,60011,obs_noise,3,70,1|2,0.4,112.38752746582031,0,SUCCESS
balance,60011,obs_noise,3,70,2,0.4,114.86201477050781,0,SUCCESS
balance,60011,obs_noise,3,90,0,0.4,114.04811096191406,0,SUCCESS
balance,60011,obs_noise,3,90,0|1,0.4,114.30876159667969,0,SUCCESS
balance,60011,obs_noise,3,90,0|2,0.4,114.35435485839844,0,SUCCESS
balance,60011,obs_noise,3,90,1,0.4,115.36111450195312,0,SUCCESS
balance,60011,obs_noise,3,90,1|2,0.4,114.52766418457031,0,SUCCESS
balance,60011,obs_noise,3,90,2,0.4,115.30609130859375,0,SUCCESS
